date,vix,nifty_open,nifty,nifty_return
2015-01-02,13.800000190734863,8288.7001953125,8395.4501953125,
2015-01-05,14.149999618530272,8407.9501953125,8378.400390625,-0.0020308386436523884
2015-01-06,17.420000076293945,8325.2998046875,8127.35009765625,-0.029963988501869876
2015-01-07,18.13999938964844,8118.64990234375,8102.10009765625,-0.0031067936900222026
2015-01-08,16.469999313354492,8191.39990234375,8234.599609375,0.016353724358093125
2015-01-09,15.960000038146973,8285.4501953125,8284.5,0.006059844193054609
2015-01-12,16.110000610351562,8291.349609375,8323.0,0.004647232784114941
2015-01-13,16.479999542236328,8346.150390625,8299.400390625,-0.002835469106692301
2015-01-14,17.25,8307.25,8277.5498046875,-0.0026327909136885097
2015-01-15,16.15999984741211,8424.5,8494.150390625,0.026167234392820093
2015-01-16,17.270000457763672,8504.0498046875,8513.7998046875,0.0023132877520259942
2015-01-19,17.649999618530273,8550.0498046875,8550.7001953125,0.004334185847861161
2015-01-20,17.270000457763672,8575.099609375,8695.599609375,0.016945912118627948
2015-01-21,17.709999084472656,8719.650390625,8729.5,0.0038985684884169647
2015-01-22,18.56999969482422,8745.849609375,8761.400390625,0.0036543204794088346
2015-01-23,17.889999389648438,8827.9501953125,8835.599609375,0.008468876599840858
2015-01-27,18.09000015258789,8871.349609375,8910.5,0.00847711461998868
2015-01-28,19.770000457763672,8902.75,8914.2998046875,0.0004264412420740271
2015-01-29,19.43000030517578,8901.5,8952.349609375,0.0042684008302582566
2015-01-30,20.170000076293945,8996.599609375,8808.900390625,-0.01602363904552817
2015-02-02,20.40999984741211,8802.5,8797.400390625,-0.0013054977908750764
2015-02-03,19.809999465942383,8823.150390625,8756.5498046875,-0.004643483770618517
2015-02-04,20.049999237060547,8789.150390625,8723.7001953125,-0.003751432939651078
2015-02-05,20.6200008392334,8733.099609375,8711.7001953125,-0.0013755630903555804
2015-02-06,20.690000534057617,8696.849609375,8661.0498046875,-0.005814064934449137
2015-02-09,22.020000457763672,8584.400390625,8526.349609375,-0.01555240973670402
2015-02-10,21.190000534057617,8478.099609375,8565.5498046875,0.0045975355349490155
2015-02-11,20.5,8603.2998046875,8627.400390625,0.007220854159723844
2015-02-12,20.15999984741211,8676.9501953125,8711.5498046875,0.009753739278629103
2015-02-13,20.100000381469727,8741.5,8805.5,0.0107845558389561
2015-02-16,20.829999923706055,8831.400390625,8809.349609375,0.00043718237181300523
2015-02-18,20.90999984741211,8811.5498046875,8869.099609375,0.006782566551384539
2015-02-19,20.399999618530273,8883.0498046875,8895.2998046875,0.0029540986646272582
2015-02-20,21.270000457763672,8895.5,8833.599609375,-0.006936269340802492
2015-02-23,21.6299991607666,8856.849609375,8754.9501953125,-0.008903438863023694
2015-02-24,21.549999237060547,8772.900390625,8762.099609375,0.0008166139044774035
2015-02-25,20.780000686645508,8801.900390625,8767.25,0.0005878032497472763
2015-02-26,20.579999923706055,8779.0,8683.849609375,-0.00951271956713906
2015-02-27,19.56999969482422,8729.5,8844.599609375,0.018511375395821705
2015-03-02,15.850000381469728,8953.849609375,8956.75,0.01268009809128312
2015-03-03,15.489999771118164,8962.849609375,8996.25,0.004410081781896391
2015-03-04,15.199999809265137,9109.150390625,8922.650390625,-0.008181143184660233
2015-03-05,14.4399995803833,8929.400390625,8937.75,0.0016922784950608172
2015-03-09,15.8100004196167,8891.150390625,8756.75,-0.02025118178512486
2015-03-10,15.529999732971191,8769.75,8712.0498046875,-0.005104655872612551
2015-03-11,15.130000114440918,8728.75,8699.9501953125,-0.0013888361116221049
2015-03-12,14.75,8740.650390625,8776.0,0.008741406902360804
2015-03-13,14.970000267028809,8844.0498046875,8647.75,-0.014613719234275346
2015-03-16,15.18000030517578,8656.75,8633.150390625,-0.0016882552542568652
2015-03-17,15.130000114440918,8689.099609375,8723.2998046875,0.010442238346779709
2015-03-18,15.510000228881836,8742.900390625,8685.900390625,-0.004287301239194297
2015-03-19,15.199999809265137,8749.4501953125,8634.650390625,-0.00590036699653107
2015-03-20,14.260000228881836,8627.900390625,8570.900390625,-0.0073830435647072035
2015-03-23,14.270000457763672,8591.5498046875,8550.900390625,-0.002333477124745964
2015-03-24,13.670000076293944,8537.0498046875,8542.9501953125,-0.000929749494125387
2015-03-25,13.140000343322754,8568.900390625,8530.7998046875,-0.0014222710360253243
2015-03-26,15.15999984741211,8474.9501953125,8342.150390625,-0.022113918786236364
2015-03-27,14.5,8396.0,8341.400390625,-8.990487642646094e-05
2015-03-30,14.260000228881836,8390.9501953125,8492.2998046875,0.018090417315550278
2015-03-31,14.489999771118164,8527.599609375,8491.0,-0.0001530568535489385
2015-04-01,13.670000076293944,8483.7001953125,8586.25,0.011217759981156483
2015-04-06,14.56999969482422,8615.7998046875,8659.900390625,0.00857771327704171
2015-04-07,14.25,8684.4501953125,8660.2998046875,4.612224673294918e-05
2015-04-08,14.350000381469728,8698.9501953125,8714.400390625,0.006246964557533818
2015-04-09,14.420000076293944,8756.2001953125,8778.2998046875,0.007332623152276119
2015-04-10,14.260000228881836,8774.349609375,8780.349609375,0.0002335081659441407
2015-04-13,14.489999771118164,8801.75,8834.0,0.006110279546012176
2015-04-16,14.949999809265137,8757.0498046875,8706.7001953125,-0.014410211080767454
2015-04-17,15.039999961853027,8698.0498046875,8606.0,-0.01156582781691673
2015-04-20,16.299999237060547,8618.7998046875,8448.099609375,-0.01834770981001632
2015-04-21,17.030000686645508,8416.099609375,8377.75,-0.008327270348106652
2015-04-22,17.209999084472656,8400.400390625,8429.7001953125,0.006200972255378856
2015-04-23,18.5,8478.2001953125,8398.2998046875,-0.0037249712205020824
2015-04-24,19.11000061035156,8405.7001953125,8305.25,-0.011079600258562361
2015-04-27,18.739999771118164,8330.5498046875,8213.7998046875,-0.011011130948797465
2015-04-28,17.40999984741211,8215.5498046875,8285.599609375,0.008741362876475867
2015-04-29,17.239999771118164,8274.7998046875,8239.75,-0.005533650132347967
2015-04-30,17.229999542236328,8224.5,8181.5,-0.007069389241178392
2015-05-04,17.309999465942383,8230.0498046875,8331.9501953125,0.01838907233545184
2015-05-05,17.360000610351562,8338.400390625,8324.7998046875,-0.0008581893143123631
2015-05-06,19.670000076293945,8316.599609375,8097.0,-0.02736399793773192
2015-05-07,19.649999618530273,8077.0,8057.2998046875,-0.004903074634123761
2015-05-08,19.11000061035156,8131.5,8191.5,0.01665572816769534
2015-05-11,18.6299991607666,8243.2001953125,8325.25,0.01632790087285607
2015-05-12,20.549999237060547,8326.150390625,8126.9501953125,-0.02381908107113906
2015-05-13,20.690000534057617,8181.5498046875,8235.4501953125,0.013350641678914421
2015-05-14,20.700000762939453,8232.4501953125,8224.2001953125,-0.0013660455388829762
2015-05-15,19.81999969482422,8240.2998046875,8262.349609375,0.004638677701966021
2015-05-18,17.899999618530273,8284.9501953125,8373.650390625,0.013470838987944989
2015-05-19,18.270000457763672,8356.2001953125,8365.650390625,-0.0009553778372400901
2015-05-20,17.719999313354492,8392.650390625,8423.25,0.006885251795789804
2015-05-21,17.40999984741211,8434.5,8421.0,-0.00026711779894939003
2015-05-22,16.950000762939453,8432.5,8458.9501953125,0.004506613859696085
2015-05-25,16.93000030517578,8438.150390625,8370.25,-0.010485957862909845
2015-05-26,17.06999969482422,8377.099609375,8339.349609375,-0.0036916926764433144
2015-05-27,17.280000686645508,8302.75,8334.599609375,-0.0005695887835976965
2015-05-28,17.1299991607666,8345.7001953125,8319.0,-0.00187166871908917
2015-05-29,16.65999984741211,8327.099609375,8433.650390625,0.013781751487558669
2015-06-01,16.90999984741211,8417.25,8433.400390625,-2.964315431874809e-05
2015-06-02,16.81999969482422,8442.7998046875,8236.4501953125,-0.023353592405198742
2015-06-03,17.510000228881836,8232.4501953125,8135.10009765625,-0.012305070176218624
2015-06-04,18.1200008392334,8155.14990234375,8130.64990234375,-0.0005470363313393456
2015-06-05,18.09000015258789,8119.14990234375,8114.7001953125,-0.001961676769116849
2015-06-08,18.88999938964844,8124.35009765625,8044.14990234375,-0.008694134258897646
2015-06-09,18.010000228881836,8026.5,8022.39990234375,-0.0027038282806817193
2015-06-10,17.079999923706055,8024.14990234375,8124.4501953125,0.012720668903445809
2015-06-11,17.809999465942383,8157.2998046875,7965.35009765625,-0.019582875620068996
2015-06-12,17.479999542236328,7959.85009765625,7982.89990234375,0.0022032684655837187
2015-06-15,17.520000457763672,7986.60009765625,8013.89990234375,0.003883300602441242
2015-06-16,17.170000076293945,8004.2001953125,8047.2998046875,0.004167746384501569
2015-06-17,16.729999542236328,8084.2001953125,8091.5498046875,0.005498738840850059
2015-06-18,16.020000457763672,8113.7001953125,8174.60009765625,0.010263830165222254
2015-06-19,15.09000015258789,8201.150390625,8224.9501953125,0.006159334653041526
2015-06-22,15.489999771118164,8259.2998046875,8353.099609375,0.015580570218593381
2015-06-23,15.039999961853027,8377.4501953125,8381.5498046875,0.003405944696333929
2015-06-24,15.920000076293944,8399.400390625,8360.849609375,-0.002469733616678238
2015-06-25,15.93000030517578,8336.25,8398.0,0.00444337505883885
2015-06-26,15.760000228881836,8393.9501953125,8381.099609375,-0.0020124304149797823
2015-06-29,17.299999237060547,8247.0498046875,8318.400390625,-0.00748102536329065
2015-06-30,16.93000030517578,8316.349609375,8368.5,0.006022745602803914
2015-07-01,15.850000381469728,8376.25,8453.0498046875,0.01010334046573469
2015-07-02,15.5600004196167,8471.9501953125,8444.900390625,-0.0009640797405430224
2015-07-03,16.309999465942383,8440.099609375,8484.900390625,0.004736586359787687
2015-07-06,16.020000457763672,8386.150390625,8522.150390625,0.004390151714822377
2015-07-07,16.309999465942383,8525.5,8510.7998046875,-0.0013318922357890006
2015-07-08,17.790000915527344,8439.2001953125,8363.0498046875,-0.01736029555278973
2015-07-09,17.440000534057617,8364.849609375,8328.5498046875,-0.004125289314989233
2015-07-10,17.06999969482422,8365.7001953125,8360.5498046875,0.0038422055160178825
2015-07-13,16.270000457763672,8397.25,8459.650390625,0.011853357524637564
2015-07-14,16.010000228881836,8470.599609375,8454.099609375,-0.0006561478304294432
2015-07-15,15.56999969482422,8463.400390625,8523.7998046875,0.008244543893853207
2015-07-16,14.779999732971191,8546.150390625,8608.0498046875,0.009884089482447456
2015-07-17,14.800000190734863,8623.650390625,8609.849609375,0.00020908390731189108
2015-07-20,14.960000038146973,8623.900390625,8603.4501953125,-0.0007432666484129546
2015-07-21,15.100000381469728,8601.5,8529.4501953125,-0.00860120048586066
2015-07-22,15.130000114440918,8512.25,8633.5,0.012198887654526924
2015-07-23,15.520000457763672,8643.9501953125,8589.7998046875,-0.005061700968610694
2015-07-24,15.460000038146973,8588.150390625,8521.5498046875,-0.00794547038951432
2015-07-27,16.3700008392334,8492.099609375,8361.0,-0.01884044667546103
2015-07-28,15.920000076293944,8371.099609375,8337.0,-0.002870470039468942
2015-07-29,15.880000114440918,8365.599609375,8375.0498046875,0.004563968416396724
2015-07-30,15.329999923706056,8417.0,8421.7998046875,0.005582056356707721
2015-07-31,14.56999969482422,8456.099609375,8532.849609375,0.013185994355469077
2015-08-03,15.390000343322754,8510.650390625,8543.0498046875,0.0011954031512864116
2015-08-04,14.829999923706056,8564.099609375,8516.900390625,-0.00306089917070973
2015-08-05,14.670000076293944,8547.4501953125,8567.9501953125,0.005993941733038577
2015-08-06,14.729999542236328,8585.7998046875,8588.650390625,0.002416003226048735
2015-08-07,14.90999984741211,8580.7998046875,8564.599609375,-0.002800298085977815
2015-08-10,15.470000267028809,8577.0,8525.599609375,-0.004553627931107251
2015-08-11,15.890000343322754,8548.4501953125,8462.349609375,-0.007418833032042493
2015-08-12,17.450000762939453,8445.7001953125,8349.4501953125,-0.013341379081930671
2015-08-13,17.020000457763672,8384.4501953125,8355.849609375,0.0007664473603414823
2015-08-14,16.020000457763672,8402.349609375,8518.5498046875,0.01947141259339502
2015-08-17,16.459999084472656,8530.5,8477.2998046875,-0.004842373519645449
2015-08-18,16.360000610351562,8505.849609375,8466.5498046875,-0.0012680924643075908
2015-08-19,16.68000030517578,8468.0498046875,8495.150390625,0.0033780685872379923
2015-08-20,16.979999542236328,8471.0498046875,8372.75,-0.014408266481082843
2015-08-21,17.110000610351562,8305.400390625,8299.9501953125,-0.008694849922367243
2015-08-24,28.1299991607666,8055.9501953125,7809.0,-0.05915098088055637
2015-08-25,26.850000381469727,7895.39990234375,7880.7001953125,0.009181738418811536
2015-08-26,25.520000457763672,7865.25,7791.85009765625,-0.011274391291918318
2015-08-27,22.040000915527344,7921.60009765625,7948.9501953125,0.02016210472317792
2015-08-28,23.329999923706055,8053.7001953125,8001.9501953125,0.006667547122292117
2015-08-31,24.600000381469727,8009.25,7971.2998046875,-0.003830365083121179
2015-09-01,28.719999313354492,7907.9501953125,7785.85009765625,-0.023264675971940818
2015-09-02,26.649999618530273,7856.64990234375,7717.0,-0.0088429775544967
2015-09-03,24.1200008392334,7774.4501953125,7823.0,0.013735907736166952
2015-09-04,26.420000076293945,7803.39990234375,7655.0498046875,-0.021468770971813878
2015-09-07,26.350000381469727,7685.85009765625,7558.7998046875,-0.01257339958011272
2015-09-08,24.56999969482422,7587.7001953125,7688.25,0.017125760525132927
2015-09-09,24.299999237060547,7805.85009765625,7818.60009765625,0.01695445617094271
2015-09-10,24.75,7729.0498046875,7788.10009765625,-0.0039009540862875447
2015-09-11,24.979999542236328,7833.7998046875,7789.2998046875,0.00015404360706794407
2015-09-14,24.31999969482422,7811.10009765625,7872.25,0.010649249276883932
2015-09-15,23.739999771118164,7867.35009765625,7829.10009765625,-0.005481266771729776
2015-09-16,22.0,7886.85009765625,7899.14990234375,0.008947363530129149
2015-09-18,18.290000915527344,7967.4501953125,7981.89990234375,0.010475810818002973
2015-09-21,18.18000030517578,7911.5,7977.10009765625,-0.0006013361162410247
2015-09-22,20.350000381469727,8014.7998046875,7812.0,-0.02069675641963653
2015-09-23,20.690000534057617,7737.35009765625,7845.9501953125,0.004345903137800811
2015-09-24,20.8799991607666,7838.39990234375,7868.5,0.002874069312977845
2015-09-28,21.670000076293945,7892.7998046875,7795.7001953125,-0.009252056260723118
2015-09-29,21.56999969482422,7725.7001953125,7843.2998046875,0.006105879931557867
2015-09-30,19.6299991607666,7924.25,7948.89990234375,0.013463733413981993
2015-10-01,19.239999771118164,7992.0498046875,7950.89990234375,0.00025160714370175974
2015-10-05,19.1299991607666,8005.10009765625,8119.2998046875,0.02117998017986733
2015-10-06,19.309999465942383,8180.4501953125,8152.89990234375,0.004138299910646515
2015-10-07,19.34000015258789,8146.2001953125,8177.39990234375,0.0030050657181448504
2015-10-08,19.559999465942383,8196.75,8129.35009765625,-0.005875926976951273
2015-10-09,18.93000030517578,8186.35009765625,8189.7001953125,0.00742372968703231
2015-10-12,19.1200008392334,8231.5,8143.60009765625,-0.005629033610123568
2015-10-13,18.020000457763672,8121.9501953125,8131.7001953125,-0.0014612581906097155
2015-10-14,17.719999313354492,8102.39990234375,8107.89990234375,-0.002926853228365389
2015-10-15,17.170000076293945,8134.35009765625,8179.5,0.008830905477206663
2015-10-16,16.270000457763672,8193.650390625,8238.150390625,0.007170412693318751
2015-10-19,16.8799991607666,8262.5498046875,8275.0498046875,0.004479089639404021
2015-10-20,17.0,8280.2998046875,8261.650390625,-0.0016192547934769097
2015-10-21,16.6200008392334,8258.349609375,8251.7001953125,-0.001204383487806604
2015-10-23,16.190000534057617,8308.25,8295.4501953125,0.005301937657024025
2015-10-26,17.229999542236328,8333.650390625,8260.5498046875,-0.004207172582956553
2015-10-27,16.540000915527344,8230.349609375,8232.900390625,-0.0033471638954116756
2015-10-28,17.040000915527344,8188.89990234375,8171.2001953125,-0.007494344931314734
2015-10-29,17.579999923706055,8175.4501953125,8111.75,-0.00727557689096936
2015-10-30,17.8799991607666,8123.5498046875,8065.7998046875,-0.005664646384873739
2015-11-02,19.479999542236328,8054.5498046875,8050.7998046875,-0.0018597039801661053
2015-11-03,19.559999465942383,8086.35009765625,8060.7001953125,0.0012297400090901522
2015-11-04,19.36000061035156,8104.89990234375,8040.2001953125,-0.0025432033822472278
2015-11-05,19.290000915527344,8030.35009765625,7955.4501953125,-0.010540782311541208
2015-11-06,19.469999313354492,7956.5498046875,7954.2998046875,-0.00014460408861305396
2015-11-09,17.040000915527344,7788.25,7915.2001953125,-0.004915531264230055
2015-11-10,16.829999923706055,7877.60009765625,7783.35009765625,-0.01665783484975325
2015-11-13,17.649999618530273,7762.4501953125,7762.25,-0.002710927478722036
2015-11-16,17.8799991607666,7732.9501953125,7806.60009765625,0.005713562131630656
2015-11-17,16.969999313354492,7848.75,7837.5498046875,0.00396455648349936
2015-11-18,17.420000076293945,7823.14990234375,7731.7998046875,-0.01349273722468125
2015-11-19,15.84000015258789,7788.5,7842.75,0.014349853606560714
2015-11-20,15.899999618530272,7841.89990234375,7856.5498046875,0.0017595619760288894
2015-11-23,17.079999923706055,7869.5,7849.25,-0.0009291361817810317
2015-11-24,16.25,7837.0,7831.60009765625,-0.002248610038379506
2015-11-26,16.690000534057617,7837.14990234375,7883.7998046875,0.006665267171503286
2015-11-27,16.729999542236328,7910.60009765625,7942.7001953125,0.0074710662477730505
2015-11-30,16.43000030517578,7936.25,7935.25,-0.0009379927643368147
2015-12-01,15.640000343322754,7958.14990234375,7954.89990234375,0.0024762801857218797
2015-12-02,15.489999771118164,7976.7001953125,7931.35009765625,-0.00296041496142041
2015-12-03,16.059999465942383,7902.2998046875,7864.14990234375,-0.008472730932953976
2015-12-04,16.09000015258789,7817.60009765625,7781.89990234375,-0.010458854551524621
2015-12-07,15.869999885559082,7816.5498046875,7765.39990234375,-0.0021203048364873966
2015-12-08,15.970000267028809,7738.5,7701.7001953125,-0.00820301695113268
2015-12-09,16.729999542236328,7695.5,7612.5,-0.011581883616657795
2015-12-10,16.290000915527344,7643.2998046875,7683.2998046875,0.00930046695402309
2015-12-11,17.18000030517578,7699.60009765625,7610.4501953125,-0.00948155235730297
2015-12-14,17.799999237060547,7558.2001953125,7650.0498046875,0.005203320218742258
2015-12-15,17.34000015258789,7659.14990234375,7700.89990234375,0.006647028314128445
2015-12-16,16.729999542236328,7725.25,7750.89990234375,0.006492747683265243
2015-12-17,14.220000267028809,7783.0498046875,7844.35009765625,0.012056689737954374
2015-12-18,14.489999771118164,7828.89990234375,7761.9501953125,-0.010504363180879661
2015-12-21,14.229999542236328,7745.64990234375,7834.4501953125,0.009340436124388285
2015-12-22,14.479999542236328,7829.39990234375,7786.10009765625,-0.006171472975241898
2015-12-23,13.649999618530272,7830.4501953125,7865.9501953125,0.01025546764808305
2015-12-24,13.75,7888.75,7861.0498046875,-0.0006229877514251081
2015-12-28,14.399999618530272,7863.2001953125,7925.14990234375,0.008154139618607559
2015-12-29,14.239999771118164,7929.2001953125,7928.9501953125,0.0004795231655652099
2015-12-30,14.350000381469728,7938.60009765625,7896.25,-0.004124151937772491
2015-12-31,13.869999885559082,7897.7998046875,7946.35009765625,0.006344796283837217
2016-01-04,16.84000015258789,7924.5498046875,7791.2998046875,-0.01951213966956744
2016-01-05,16.700000762939453,7828.39990234375,7784.64990234375,-0.0008535035886758635
2016-01-06,16.549999237060547,7788.0498046875,7741.0,-0.005607176031205752
2016-01-07,18.959999084472656,7673.35009765625,7568.2998046875,-0.022309804329221028
2016-01-08,17.799999237060547,7611.64990234375,7601.35009765625,0.004366937597831466
2016-01-11,18.690000534057617,7527.4501953125,7563.85009765625,-0.00493333414699082
2016-01-12,18.709999084472656,7587.2001953125,7510.2998046875,-0.007079766557687717
2016-01-13,18.350000381469727,7557.89990234375,7562.39990234375,0.006937152844914696
2016-01-14,18.61000061035156,7467.39990234375,7536.7998046875,-0.003385181686611949
2016-01-15,19.420000076293945,7561.64990234375,7437.7998046875,-0.013135548583687595
2016-01-18,20.229999542236328,7420.35009765625,7351.0,-0.01167009155487031
2016-01-19,18.43000030517578,7381.7998046875,7435.10009765625,0.011440633608522655
2016-01-20,20.969999313354492,7357.0,7309.2998046875,-0.01691978471256972
2016-01-21,20.809999465942383,7376.64990234375,7276.7998046875,-0.004446390334017725
2016-01-22,18.81999969482422,7355.7001953125,7422.4501953125,0.020015720445019758
2016-01-25,18.270000457763672,7468.75,7436.14990234375,0.0018457122204607046
2016-01-27,19.059999465942383,7469.60009765625,7437.75,0.00021517824106065397
2016-01-28,17.899999618530273,7426.5,7424.64990234375,-0.001761298464757477
2016-01-29,17.239999771118164,7413.35009765625,7563.5498046875,0.018707939656508632
2016-02-01,17.889999389648438,7589.5,7555.9501953125,-0.0010047675458274563
2016-02-02,18.040000915527344,7566.64990234375,7455.5498046875,-0.013287592960483763
2016-02-03,18.59000015258789,7392.4501953125,7361.7998046875,-0.01257452534768888
2016-02-04,18.209999084472656,7411.4501953125,7404.0,0.005732320415128722
2016-02-05,18.11000061035156,7418.25,7489.10009765625,0.011493800331746407
2016-02-08,20.260000228881836,7489.7001953125,7387.25,-0.013599777854234385
2016-02-09,21.729999542236328,7303.9501953125,7298.2001953125,-0.012054527014450533
2016-02-10,22.469999313354492,7264.2998046875,7215.7001953125,-0.011304156886925099
2016-02-11,25.969999313354492,7203.60009765625,6976.35009765625,-0.03317073758299127
2016-02-12,24.670000076293945,7023.64990234375,6980.9501953125,0.0006593845767279838
2016-02-15,22.3799991607666,7057.35009765625,7162.9501953125,0.02607094949942601
2016-02-16,23.040000915527344,7201.25,7048.25,-0.016012982386442
2016-02-17,21.829999923706055,7058.85009765625,7108.4501953125,0.008541154940942874
2016-02-18,21.489999771118164,7177.39990234375,7191.75,0.011718419964794835
2016-02-19,20.920000076293945,7170.5498046875,7210.75,0.0026419160844022294
2016-02-22,21.020000457763672,7208.85009765625,7234.5498046875,0.0033006004489823937
2016-02-23,23.84000015258789,7240.2998046875,7109.5498046875,-0.017278200216274464
2016-02-24,22.959999084472656,7075.0,7018.7001953125,-0.012778531956425754
2016-02-25,22.75,7029.85009765625,6970.60009765625,-0.006853134671341854
2016-02-26,21.8700008392334,7039.2998046875,7029.75,0.008485625558068977
2016-02-29,20.15999984741211,7050.4501953125,6987.0498046875,-0.006074212498666354
2016-03-01,18.670000076293945,7038.25,7222.2998046875,0.03366943224623564
2016-03-02,18.989999771118164,7321.7001953125,7368.85009765625,0.020291361052837242
2016-03-03,18.040000915527344,7429.5498046875,7475.60009765625,0.014486656477644022
2016-03-04,17.8799991607666,7505.39990234375,7485.35009765625,0.0013042431206367056
2016-03-08,18.469999313354492,7486.39990234375,7485.2998046875,-6.71885323921817e-06
2016-03-09,17.510000228881836,7436.10009765625,7531.7998046875,0.006212176026787919
2016-03-10,17.899999618530273,7545.35009765625,7486.14990234375,-0.006060955352974129
2016-03-11,17.100000381469727,7484.85009765625,7510.2001953125,0.0032126384433233124
2016-03-14,17.100000381469727,7542.60009765625,7538.75,0.0038014705260878134
2016-03-15,17.600000381469727,7535.85009765625,7460.60009765625,-0.010366427105786724
2016-03-16,17.110000610351562,7457.0498046875,7498.75,0.005113516586384925
2016-03-17,16.84000015258789,7557.39990234375,7512.5498046875,0.0018402806717785491
2016-03-18,16.3799991607666,7534.64990234375,7604.35009765625,0.012219591930221929
2016-03-21,16.329999923706055,7619.2001953125,7704.25,0.013137204502793765
2016-03-22,16.43000030517578,7695.5498046875,7714.89990234375,0.001382341219943628
2016-03-23,16.350000381469727,7717.4501953125,7716.5,0.00020740355370829633
2016-03-28,17.489999771118164,7741.0,7615.10009765625,-0.013140659929210097
2016-03-29,17.639999389648438,7606.5498046875,7597.0,-0.0023768693023248355
2016-03-30,16.809999465942383,7651.10009765625,7735.2001953125,0.01819141704784788
2016-03-31,16.579999923706055,7727.64990234375,7738.39990234375,0.00041365536126503066
2016-04-01,17.280000686645508,7718.0498046875,7713.0498046875,-0.0032758836421172832
2016-04-04,17.450000762939453,7733.14990234375,7758.7998046875,0.005931505845093277
2016-04-05,17.829999923706055,7736.2998046875,7603.2001953125,-0.02005459778469787
2016-04-06,17.350000381469727,7636.0498046875,7614.35009765625,0.0014664749128432408
2016-04-07,16.93000030517578,7630.39990234375,7546.4501953125,-0.00891736017820488
2016-04-08,16.43000030517578,7542.35009765625,7555.2001953125,0.0011594855559287076
2016-04-11,16.010000228881836,7577.7998046875,7671.39990234375,0.015380096361092388
2016-04-12,16.020000457763672,7669.25,7708.9501953125,0.004894842329530746
2016-04-13,16.040000915527344,7777.14990234375,7850.4501953125,0.018355287868643932
2016-04-18,16.950000762939453,7908.14990234375,7914.7001953125,0.008184244011682829
2016-04-20,17.079999923706055,7950.0498046875,7914.75,6.292681500319475e-06
2016-04-21,16.510000228881836,7953.64990234375,7912.0498046875,-0.0003411598992387743
2016-04-22,16.3799991607666,7891.7998046875,7899.2998046875,-0.0016114660947212922
2016-04-25,16.56999969482422,7894.7998046875,7855.0498046875,-0.005601762319964343
2016-04-26,16.579999923706055,7828.14990234375,7962.64990234375,0.013698206928241197
2016-04-27,16.350000381469727,7942.0,7979.89990234375,0.0021663642394880167
2016-04-28,16.600000381469727,7967.39990234375,7847.25,-0.016623003291656557
2016-04-29,16.540000915527344,7844.25,7849.7998046875,0.00032492971263820003
2016-05-02,17.09000015258789,7822.7001953125,7805.89990234375,-0.005592486870497626
2016-05-03,17.459999084472656,7824.7998046875,7747.0,-0.0075455620851691
2016-05-04,17.450000762939453,7724.14990234375,7706.5498046875,-0.0052214012278947175
2016-05-05,17.170000076293945,7731.0,7735.5,0.003756570196288278
2016-05-06,16.950000762939453,7717.64990234375,7733.4501953125,-0.00026498670900398924
2016-05-09,16.610000610351562,7755.25,7866.0498046875,0.01714624210748439
2016-05-10,16.420000076293945,7873.5498046875,7887.7998046875,0.002765047328716186
2016-05-11,16.959999084472656,7804.64990234375,7848.85009765625,-0.00493796850778383
2016-05-12,16.329999923706055,7871.4501953125,7900.39990234375,0.006567816182767139
2016-05-13,17.0,7881.0,7814.89990234375,-0.010822236982540034
2016-05-16,17.030000686645508,7831.2001953125,7860.75,0.005867010227795566
2016-05-17,16.3700008392334,7896.85009765625,7890.75,0.003816429729987636
2016-05-18,16.450000762939453,7846.75,7870.14990234375,-0.002610664088489645
2016-05-19,17.059999465942383,7875.5,7783.39990234375,-0.011022661712474568
2016-05-20,16.43000030517578,7792.2001953125,7749.7001953125,-0.0043296897826234915
2016-05-23,16.15999984741211,7813.9501953125,7731.0498046875,-0.0024065951139995434
2016-05-24,16.219999313354492,7738.0498046875,7748.85009765625,0.002302441895789764
2016-05-25,15.520000457763672,7811.7998046875,7934.89990234375,0.024009988881288802
2016-05-26,15.329999923706056,7974.4501953125,8069.64990234375,0.016981940750153468
2016-05-27,15.260000228881836,8081.9501953125,8156.64990234375,0.010781136858828422
2016-05-30,15.979999542236328,8166.5,8178.5,0.0026788078338353394
2016-05-31,16.049999237060547,8209.849609375,8160.10009765625,-0.0022497893677019265
2016-06-01,15.84000015258789,8179.2001953125,8179.9501953125,0.0024325801667495206
2016-06-02,15.09000015258789,8156.89990234375,8218.9501953125,0.00476775519028827
2016-06-03,15.0,8246.2001953125,8220.7998046875,0.00022504204686080165
2016-06-06,15.359999656677246,8228.75,8201.0498046875,-0.002402442641741276
2016-06-07,14.869999885559082,8235.5498046875,8266.4501953125,0.007974636440766236
2016-06-08,15.140000343322754,8285.5,8273.0498046875,0.0007983607496653278
2016-06-09,15.670000076293944,8273.349609375,8203.599609375,-0.0083947512649023
2016-06-10,15.970000267028809,8180.25,8170.0498046875,-0.004089644337244347
2016-06-13,16.579999923706055,8102.25,8110.60009765625,-0.007276541569812833
2016-06-14,17.190000534057617,8134.39990234375,8108.85009765625,-0.00021576701833758705
2016-06-15,17.059999465942383,8139.39990234375,8206.599609375,0.012054669964487674
2016-06-16,17.700000762939453,8180.64990234375,8140.75,-0.008023982222768011
2016-06-17,17.350000381469727,8176.64990234375,8170.2001953125,0.003617626792678852
2016-06-20,17.520000457763672,8115.75,8238.5,0.008359624373303065
2016-06-21,17.260000228881836,8255.400390625,8219.900390625,-0.002257645126540031
2016-06-22,18.18000030517578,8213.650390625,8203.7001953125,-0.0019708505629796313
2016-06-23,18.020000457763672,8201.150390625,8270.4501953125,0.008136572328440339
2016-06-24,18.6299991607666,8029.10009765625,8088.60009765625,-0.021987932139331257
2016-06-27,18.530000686645508,8039.35009765625,8094.7001953125,0.0007541598771854119
2016-06-28,17.729999542236328,8096.0498046875,8127.85009765625,0.004095260052119798
2016-06-29,16.15999984741211,8173.10009765625,8204.0,0.009369009200318468
2016-06-30,16.290000915527344,8260.25,8287.75,0.010208434909800168
2016-07-01,15.739999771118164,8313.0498046875,8328.349609375,0.00489874928358125
2016-07-04,15.579999923706056,8376.75,8370.7001953125,0.005085111447510116
2016-07-05,15.359999656677246,8379.2998046875,8335.9501953125,-0.0041513850919495665
2016-07-07,15.3100004196167,8342.0,8337.900390625,0.00023394997172565546
2016-07-08,15.079999923706056,8350.0,8323.2001953125,-0.0017630571995113087
2016-07-11,14.850000381469728,8413.349609375,8467.900390625,0.017385163388715874
2016-07-12,14.779999732971191,8502.599609375,8521.0498046875,0.006276575256050743
2016-07-13,15.329999923706056,8540.4501953125,8519.5,-0.00018187954806314632
2016-07-14,15.609999656677246,8515.75,8565.0,0.005340689007570898
2016-07-15,15.640000343322754,8565.4501953125,8541.400390625,-0.0027553542761237226
2016-07-18,15.989999771118164,8564.0498046875,8508.7001953125,-0.003828434895569499
2016-07-19,15.800000190734863,8514.2998046875,8528.5498046875,0.0023328603569714446
2016-07-20,15.989999771118164,8515.4501953125,8565.849609375,0.004373522526303297
2016-07-21,15.710000038146973,8582.7001953125,8510.099609375,-0.006508402848794281
2016-07-22,15.5,8519.650390625,8541.2001953125,0.003654550165692383
2016-07-25,15.720000267028809,8519.9501953125,8635.650390625,0.011058187743255843
2016-07-26,15.619999885559082,8633.75,8590.650390625,-0.005210956669673972
2016-07-27,15.43000030517578,8599.400390625,8615.7998046875,0.0029275331807177007
2016-07-28,15.149999618530272,8636.9501953125,8666.2998046875,0.005861324676151858
2016-07-29,14.920000076293944,8668.2998046875,8638.5,-0.003207805558776422
2016-08-01,15.18000030517578,8654.2998046875,8636.5498046875,-0.00022575624385023918
2016-08-02,15.6899995803833,8647.4501953125,8622.900390625,-0.001580424402241265
2016-08-03,16.239999771118164,8635.2001953125,8544.849609375,-0.009051569392458547
2016-08-04,15.140000343322754,8599.9501953125,8551.099609375,0.0007314347572768831
2016-08-05,14.350000381469728,8600.2001953125,8683.150390625,0.015442549763450941
2016-08-08,14.59000015258789,8712.849609375,8711.349609375,0.0032475792173825013
2016-08-09,14.539999961853027,8727.7998046875,8678.25,-0.003799596028080332
2016-08-10,14.920000076293944,8686.7001953125,8575.2998046875,-0.011863013316336768
2016-08-11,14.210000038146973,8572.7998046875,8592.150390625,0.00196501420606765
2016-08-16,14.18000030517578,8670.25,8642.5498046875,0.0058657509204553815
2016-08-17,14.779999732971191,8639.7998046875,8624.0498046875,-0.0021405719860551065
2016-08-18,14.550000190734863,8648.849609375,8673.25,0.0057049989769026865
2016-08-19,14.539999961853027,8694.2998046875,8666.900390625,-0.0007320911278931863
2016-08-22,14.239999771118164,8667.0,8629.150390625,-0.0043556517669032235
2016-08-23,13.899999618530272,8628.349609375,8632.599609375,0.0003997170745508871
2016-08-24,13.489999771118164,8648.5,8650.2998046875,0.0020503899304304962
2016-08-25,13.289999961853027,8668.849609375,8592.2001953125,-0.006716485056797228
2016-08-26,13.56999969482422,8614.349609375,8572.5498046875,-0.0022870033493540554
2016-08-29,13.170000076293944,8583.75,8607.4501953125,0.004071179686342186
2016-08-30,13.020000457763672,8646.75,8744.349609375,0.015904758198549196
2016-08-31,13.239999771118164,8754.0498046875,8786.2001953125,0.00478601471887985
2016-09-01,13.34000015258789,8793.599609375,8774.650390625,-0.0013145392127147382
2016-09-02,12.9399995803833,8796.349609375,8809.650390625,0.0039887629069979
2016-09-06,12.75,8852.7001953125,8943.0,0.015136765190694401
2016-09-07,13.149999618530272,8968.7001953125,8917.9501953125,-0.002801051625573092
2016-09-08,13.119999885559082,8915.5,8952.5,0.0038741867728371293
2016-09-09,13.229999542236328,8934.2998046875,8866.7001953125,-0.009583893290980194
2016-09-12,15.239999771118164,8732.9501953125,8715.599609375,-0.017041355026008564
2016-09-14,14.760000228881836,8710.650390625,8726.599609375,0.0012621047883116798
2016-09-15,14.68000030517578,8743.849609375,8742.5498046875,0.001827767518446155
2016-09-16,14.579999923706056,8780.849609375,8779.849609375,0.004266467508998506
2016-09-19,14.9399995803833,8788.4501953125,8808.400390625,0.003251853109136782
2016-09-20,14.779999732971191,8816.099609375,8775.900390625,-0.0036896597064991488
2016-09-21,14.8100004196167,8790.2998046875,8777.150390625,0.0001424355273373923
2016-09-22,13.34000015258789,8873.349609375,8867.4501953125,0.010288054854791007
2016-09-23,13.25,8880.75,8831.5498046875,-0.00404855847332275
2016-09-26,14.56999969482422,8807.900390625,8723.0498046875,-0.012285499419638857
2016-09-27,14.25,8748.900390625,8706.400390625,-0.0019086689214536934
2016-09-28,13.850000381469728,8711.2001953125,8745.150390625,0.004450748674702076
2016-09-29,18.450000762939453,8792.7001953125,8591.25,-0.0175983698107679
2016-09-30,17.18000030517578,8581.5,8611.150390625,0.002316355667103087
2016-10-03,15.619999885559082,8666.150390625,8738.099609375,0.014742422671912614
2016-10-04,14.989999771118164,8770.0,8769.150390625,0.0035534936242527237
2016-10-05,14.93000030517578,8806.349609375,8743.9501953125,-0.0028737328235858284
2016-10-06,14.84000015258789,8768.7001953125,8709.5498046875,-0.003934193340149772
2016-10-07,14.489999771118164,8721.7001953125,8697.599609375,-0.0013720795655899343
2016-10-10,14.289999961853027,8735.349609375,8708.7998046875,0.0012877340663539627
2016-10-13,15.43000030517578,8671.5,8573.349609375,-0.015553256286772621
2016-10-14,14.890000343322754,8594.0,8583.400390625,0.0011723284023095193
2016-10-17,15.65999984741211,8612.9501953125,8520.400390625,-0.007339748483457642
2016-10-18,14.539999961853027,8556.0498046875,8677.900390625,0.01848504680288232
2016-10-19,14.609999656677246,8697.5,8659.099609375,-0.002166512682066579
2016-10-20,14.170000076293944,8693.349609375,8699.400390625,0.004654153788272275
2016-10-21,13.829999923706056,8708.599609375,8693.0498046875,-0.0007300027188475999
2016-10-24,14.329999923706056,8709.849609375,8708.9501953125,0.0018290923188344355
2016-10-25,14.479999542236328,8721.7001953125,8691.2998046875,-0.0020266955521803798
2016-10-26,14.449999809265137,8657.2998046875,8615.25,-0.008750107164233856
2016-10-27,14.09000015258789,8607.099609375,8615.25,0.0
2016-10-28,14.649999618530272,8625.0,8638.0,0.0026406662604103737
2016-11-01,15.739999771118164,8653.150390625,8626.25,-0.0013602685806899384
2016-11-02,16.799999237060547,8542.7998046875,8514.0,-0.013012606868569754
2016-11-03,16.469999313354492,8499.849609375,8484.9501953125,-0.003412004309079175
2016-11-04,16.850000381469727,8503.599609375,8433.75,-0.00603423639902867
2016-11-07,16.510000228881836,8535.75,8497.0498046875,0.007505534867348507
2016-11-08,16.770000457763672,8540.0,8543.5498046875,0.005472487636161372
2016-11-09,16.6200008392334,8067.5,8432.0,-0.013056610804363489
2016-11-10,15.460000038146973,8555.599609375,8525.75,0.011118358633776193
2016-11-11,17.360000610351562,8456.650390625,8296.2998046875,-0.026912611243878892
2016-11-15,20.149999618530273,8284.849609375,8108.4501953125,-0.022642577269069153
2016-11-16,19.5,8205.650390625,8111.60009765625,0.0003884715658204474
2016-11-17,18.709999084472656,8105.10009765625,8079.9501953125,-0.003901807530291679
2016-11-18,17.809999465942383,8097.5498046875,8074.10009765625,-0.000724026450019899
2016-11-21,19.100000381469727,8102.10009765625,7929.10009765625,-0.017958657713704862
2016-11-22,18.469999313354492,7989.14990234375,8002.2998046875,0.009231779915716665
2016-11-23,18.040000915527344,8051.2001953125,8033.2998046875,0.0038738863522509437
2016-11-24,17.15999984741211,8011.7998046875,7965.5,-0.008439844937436325
2016-11-25,17.610000610351562,8007.9501953125,8114.2998046875,0.018680535394827613
2016-11-28,18.059999465942383,8080.64990234375,8126.89990234375,0.001552826240037497
2016-11-29,17.709999084472656,8131.5498046875,8142.14990234375,0.0018764842908427504
2016-11-30,16.850000381469727,8172.14990234375,8224.5,0.01011404833415619
2016-12-01,16.690000534057617,8244.0,8192.900390625,-0.00384213136056899
2016-12-02,17.93000030517578,8153.5498046875,8086.7998046875,-0.012950308300941793
2016-12-05,17.290000915527344,8088.75,8128.75,0.00518749027126697
2016-12-06,17.110000610351562,8153.14990234375,8143.14990234375,0.0017714780678148578
2016-12-07,16.850000381469727,8168.39990234375,8102.0498046875,-0.005047198952388254
2016-12-08,15.529999732971191,8152.10009765625,8246.849609375,0.017871996368588716
2016-12-09,15.06999969482422,8271.7001953125,8261.75,0.0018067979083868924
2016-12-12,16.190000534057617,8230.650390625,8170.7998046875,-0.011008587201561393
2016-12-13,15.920000076293944,8196.150390625,8221.7998046875,0.006241739024219095
2016-12-14,16.59000015258789,8229.349609375,8182.4501953125,-0.004786009184091999
2016-12-15,15.65999984741211,8128.39990234375,8153.60009765625,-0.003525850688682164
2016-12-16,15.25,8178.2001953125,8139.4501953125,-0.001735417750965862
2016-12-19,14.84000015258789,8126.0,8104.35009765625,-0.004312342580149231
2016-12-20,14.539999961853027,8110.60009765625,8082.39990234375,-0.0027084460873485483
2016-12-21,14.710000038146973,8105.85009765625,8061.2998046875,-0.0026106228238139684
2016-12-22,15.550000190734863,8043.85009765625,7979.10009765625,-0.010196830414798908
2016-12-23,15.130000114440918,7972.5,7985.75,0.0008334150796909245
2016-12-26,16.600000381469727,7965.10009765625,7908.25,-0.009704786651222541
2016-12-27,15.079999923706056,7915.0498046875,8032.85009765625,0.01575571051196545
2016-12-28,15.539999961853027,8047.5498046875,8034.85009765625,0.00024897763255693484
2016-12-29,15.279999732971191,8030.60009765625,8103.60009765625,0.008556475748073389
2016-12-30,15.470000267028809,8119.64990234375,8185.7998046875,0.01014360358861044
2017-01-02,15.829999923706056,8210.099609375,8179.5,-0.0007696016073948098
2017-01-03,15.960000038146973,8196.0498046875,8192.25,0.0015587749862460143
2017-01-04,15.890000343322754,8202.650390625,8190.5,-0.00021361652781592966
2017-01-05,15.050000190734863,8226.650390625,8273.7998046875,0.01017029542610337
2017-01-06,14.90999984741211,8281.849609375,8243.7998046875,-0.0036259035398709116
2017-01-09,15.479999542236328,8259.349609375,8236.0498046875,-0.0009401004613908137
2017-01-10,15.199999809265137,8262.7001953125,8288.599609375,0.0063804622280927425
2017-01-11,14.8100004196167,8327.7998046875,8380.650390625,0.01110570972035907
2017-01-12,14.609999656677246,8391.0498046875,8407.2001953125,0.003167988574872327
2017-01-13,14.380000114440918,8457.650390625,8400.349609375,-0.0008148474852923693
2017-01-16,15.06999969482422,8390.9501953125,8412.7998046875,0.0014821044232022906
2017-01-17,15.390000343322754,8415.0498046875,8398.0,-0.0017592008642893786
2017-01-18,15.18000030517578,8403.849609375,8417.0,0.002262443438914019
2017-01-19,15.020000457763672,8418.400390625,8435.099609375,0.0021503634757038537
2017-01-20,15.789999961853027,8404.349609375,8349.349609375,-0.010165855054597661
2017-01-23,15.90999984741211,8329.599609375,8391.5,0.005048344194100052
2017-01-24,15.289999961853027,8407.0498046875,8475.7998046875,0.010045856484240057
2017-01-25,15.170000076293944,8499.4501953125,8602.75,0.014977960574563243
2017-01-27,16.010000228881836,8610.5,8641.25,0.00447531312661642
2017-01-30,16.670000076293945,8635.5498046875,8632.75,-0.0009836539852451365
2017-01-31,16.829999923706055,8629.4501953125,8561.2998046875,-0.008276643631809133
2017-02-01,13.970000267028809,8570.349609375,8716.400390625,0.01811647640847469
2017-02-02,13.520000457763672,8724.75,8734.25,0.002047818890261066
2017-02-03,13.130000114440918,8735.150390625,8740.9501953125,0.0007671174184962215
2017-02-06,13.399999618530272,8785.4501953125,8801.0498046875,0.006875638006406781
2017-02-07,13.510000228881836,8805.7001953125,8768.2998046875,-0.0037211469911869743
2017-02-08,13.350000381469728,8774.5498046875,8769.0498046875,8.55353964515082e-05
2017-02-09,13.239999771118164,8795.5498046875,8778.400390625,0.0010663168924529565
2017-02-10,13.18000030517578,8812.349609375,8793.5498046875,0.0017257602055471555
2017-02-13,13.6899995803833,8819.7998046875,8805.0498046875,0.001307776751758416
2017-02-14,13.800000190734863,8819.900390625,8792.2998046875,-0.0014480326951941125
2017-02-15,14.210000038146973,8778.9501953125,8724.7001953125,-0.007688501401983627
2017-02-16,13.729999542236328,8739.0,8778.0,0.006109070053333943
2017-02-17,13.43000030517578,8883.7001953125,8821.7001953125,0.004978377228582742
2017-02-20,13.609999656677246,8818.5498046875,8879.2001953125,0.0065180179247708026
2017-02-21,13.529999732971191,8890.75,8907.849609375,0.003226575978951818
2017-02-22,13.699999809265137,8931.599609375,8926.900390625,0.0021386509747480797
2017-02-23,13.399999618530272,8956.400390625,8939.5,0.0014114204061503877
2017-02-27,13.68000030517578,8943.7001953125,8896.7001953125,-0.004787717958219084
2017-02-28,13.789999961853027,8898.9501953125,8879.599609375,-0.0019221268068030373
2017-03-01,13.579999923706056,8904.400390625,8945.7998046875,0.007455313102474381
2017-03-02,13.359999656677246,8982.849609375,8899.75,-0.0051476453411544165
2017-03-03,13.350000381469728,8883.5,8897.5498046875,-0.0002472199008398679
2017-03-06,13.640000343322754,8915.099609375,8963.4501953125,0.00740657732427441
2017-03-07,13.880000114440918,8977.75,8946.900390625,-0.0018463654426456033
2017-03-08,14.079999923706056,8950.7001953125,8924.2998046875,-0.0025260799775062015
2017-03-09,14.390000343322754,8914.5,8927.0,0.0003025666294942386
2017-03-10,13.960000038146973,8953.7001953125,8934.5498046875,0.0008457269729471584
2017-03-14,12.399999618530272,9091.650390625,9087.0,0.017062996865551794
2017-03-15,12.420000076293944,9086.849609375,9084.7998046875,-0.0002421255983823256
2017-03-16,11.90999984741211,9129.650390625,9153.7001953125,0.0075841396735512046
2017-03-17,11.850000381469728,9207.7998046875,9160.0498046875,0.0006936658662091144
2017-03-20,12.020000457763672,9166.9501953125,9126.849609375,-0.0036244557639315556
2017-03-21,11.9399995803833,9133.9501953125,9121.5,-0.0005861397529225432
2017-03-22,12.270000457763672,9047.2001953125,9030.4501953125,-0.009981889457600146
2017-03-23,11.84000015258789,9048.75,9086.2998046875,0.006184587497530369
2017-03-24,11.979999542236328,9104.0,9108.0,0.002388232369495924
2017-03-27,12.4399995803833,9093.4501953125,9045.2001953125,-0.006895015885759803
2017-03-28,12.119999885559082,9081.5,9100.7998046875,0.006146863328001739
2017-03-29,12.09000015258789,9128.7001953125,9143.7998046875,0.004724859454424246
2017-03-30,12.149999618530272,9142.599609375,9173.75,0.003275464899958447
2017-03-31,12.420000076293944,9158.900390625,9173.75,0.0
2017-04-03,11.489999771118164,9220.599609375,9237.849609375,0.006987285393105225
2017-04-05,11.550000190734863,9264.400390625,9265.150390625,0.002955317785461098
2017-04-06,11.289999961853027,9245.7998046875,9261.9501953125,-0.00034540133484917135
2017-04-07,11.6899995803833,9223.7001953125,9198.2998046875,-0.006872244968150865
2017-04-10,11.619999885559082,9225.599609375,9181.4501953125,-0.0018318178068531532
2017-04-11,11.399999618530272,9184.5498046875,9237.0,0.006050221207523521
2017-04-12,11.630000114440918,9242.5,9203.4501953125,-0.003632110499891761
2017-04-13,11.579999923706056,9202.5,9150.7998046875,-0.005720723153564311
2017-04-17,11.890000343322754,9144.75,9139.2998046875,-0.0012567207506942735
2017-04-18,12.380000114440918,9163.0,9105.150390625,-0.003736545992832463
2017-04-19,12.220000267028809,9112.2001953125,9103.5,-0.00018125901870869043
2017-04-20,11.5600004196167,9108.099609375,9136.400390625,0.003614037526775471
2017-04-21,11.420000076293944,9179.099609375,9119.400390625,-0.0018606890321317682
2017-04-24,11.630000114440918,9135.349609375,9217.9501953125,0.010806610135114969
2017-04-25,11.15999984741211,9273.0498046875,9306.599609375,0.00961704198701141
2017-04-26,11.739999771118164,9336.2001953125,9351.849609375,0.004862141050359314
2017-04-27,11.06999969482422,9359.150390625,9342.150390625,-0.001037144431864756
2017-04-28,10.859999656677246,9340.9501953125,9304.0498046875,-0.004078352878555069
2017-05-02,11.449999809265137,9339.849609375,9313.7998046875,0.0010479307618374012
2017-05-03,11.529999732971191,9344.7001953125,9311.9501953125,-0.00019858805361794296
2017-05-04,11.329999923706056,9360.9501953125,9359.900390625,0.005149318274558334
2017-05-05,11.989999771118164,9374.5498046875,9285.2998046875,-0.007970232889681239
2017-05-08,11.670000076293944,9311.4501953125,9314.0498046875,0.0030962920535411165
2017-05-09,11.109999656677246,9337.349609375,9316.849609375,0.0003006001413146109
2017-05-10,10.949999809265137,9339.650390625,9407.2998046875,0.009708238203339103
2017-05-11,10.84000015258789,9448.599609375,9422.400390625,0.0016051987553300506
2017-05-12,10.630000114440918,9436.650390625,9400.900390625,-0.002281796475279485
2017-05-15,10.68000030517578,9433.5498046875,9445.400390625,0.004733589140501593
2017-05-16,10.5600004196167,9461.0,9512.25,0.007077477566896029
2017-05-17,10.640000343322754,9517.599609375,9525.75,0.0014192225814082526
2017-05-18,11.789999961853027,9453.2001953125,9429.4501953125,-0.010109419697924005
2017-05-19,11.300000190734863,9469.900390625,9427.900390625,-0.00016435790585866972
2017-05-22,11.199999809265137,9480.25,9438.25,0.001097763971423804
2017-05-23,12.199999809265137,9445.0498046875,9386.150390625,-0.00552004973114717
2017-05-24,11.829999923706056,9410.900390625,9360.5498046875,-0.0027274851639997877
2017-05-25,10.449999809265137,9384.0498046875,9509.75,0.015939255537936958
2017-05-26,10.859999656677246,9507.75,9595.099609375,0.008974958266515953
2017-05-29,11.789999961853027,9560.0498046875,9604.900390625,0.00102143611312
2017-05-30,11.770000457763672,9590.650390625,9624.5498046875,0.0020457696866569286
2017-05-31,11.760000228881836,9636.5498046875,9621.25,-0.0003428528870922376
2017-06-01,11.3100004196167,9603.5498046875,9616.099609375,-0.0005353140834091219
2017-06-02,10.8100004196167,9657.150390625,9653.5,0.00388935141525959
2017-06-05,11.020000457763672,9656.2998046875,9675.099609375,0.002237489964779682
2017-06-06,11.130000114440918,9704.25,9637.150390625,-0.003922359487981697
2017-06-07,10.890000343322754,9663.9501953125,9663.900390625,0.002775716774745085
2017-06-08,11.06999969482422,9682.400390625,9647.25,-0.0017229472523487832
2017-06-09,10.859999656677246,9638.5498046875,9668.25,0.0021767861307626646
2017-06-12,11.420000076293944,9646.7001953125,9616.400390625,-0.005362874292141773
2017-06-13,11.34000015258789,9615.5498046875,9606.900390625,-0.0009878956380873216
2017-06-14,11.18000030517578,9621.5498046875,9618.150390625,0.0011710332721861505
2017-06-15,11.329999923706056,9617.900390625,9578.0498046875,-0.0041692616884621
2017-06-16,10.920000076293944,9595.4501953125,9588.0498046875,0.001044053873587636
2017-06-19,10.630000114440918,9626.400390625,9657.5498046875,0.007248606485755094
2017-06-20,10.65999984741211,9670.5,9653.5,-0.0004193408027297618
2017-06-21,10.920000076293944,9648.099609375,9633.599609375,-0.0020614689620345183
2017-06-22,11.210000038146973,9642.650390625,9630.0,-0.00037365154469337636
2017-06-23,11.5600004196167,9643.25,9574.9501953125,-0.005716490621754944
2017-06-27,12.510000228881836,9594.0498046875,9511.400390625,-0.006637089842891464
2017-06-28,11.989999771118164,9520.2001953125,9491.25,-0.0021185514012070916
2017-06-29,11.380000114440918,9522.9501953125,9504.099609375,0.0013538374160411148
2017-06-30,11.729999542236328,9478.5,9520.900390625,0.0017677404426008625
2017-07-03,11.199999809265137,9587.9501953125,9615.0,0.009883477981521338
2017-07-04,11.279999732971191,9645.900390625,9613.2998046875,-0.00017682738559543498
2017-07-05,11.149999618530272,9619.75,9637.599609375,0.0025277277502206985
2017-07-06,10.979999542236328,9653.599609375,9674.5498046875,0.003833962481337938
2017-07-07,10.869999885559082,9670.349609375,9665.7998046875,-0.0009044348498532528
2017-07-10,10.90999984741211,9719.2998046875,9771.0498046875,0.010888907501369838
2017-07-11,10.890000343322754,9797.4501953125,9786.0498046875,0.001535147225716127
2017-07-12,11.050000190734863,9807.2998046875,9816.099609375,0.0030706776776372458
2017-07-13,11.25,9855.7998046875,9891.7001953125,0.007701693029408263
2017-07-14,11.170000076293944,9913.2998046875,9886.349609375,-0.0005409167111671831
2017-07-17,11.460000038146973,9908.150390625,9915.9501953125,0.0029940865038224906
2017-07-18,11.489999771118164,9832.7001953125,9827.150390625,-0.008955249163058343
2017-07-19,11.260000228881836,9855.9501953125,9899.599609375,0.007372352703497453
2017-07-20,11.31999969482422,9920.2001953125,9873.2998046875,-0.002656653372384299
2017-07-21,11.09000015258789,9899.599609375,9915.25,0.004248852576378193
2017-07-24,11.3100004196167,9936.7998046875,9966.400390625,0.005158759549683589
2017-07-25,10.90999984741211,10010.5498046875,9964.5498046875,-0.00018568247962835738
2017-07-26,11.170000076293944,9983.650390625,10020.650390625,0.0056300171143817135
2017-07-27,11.220000267028809,10063.25,10020.5498046875,-1.0037865166290239e-05
2017-07-28,11.140000343322754,9996.5498046875,10014.5,-0.0006037397952625145
2017-07-31,11.899999618530272,10034.7001953125,10077.099609375,0.006250897136651945
2017-08-01,11.90999984741211,10101.0498046875,10114.650390625,0.0037263481265050746
2017-08-02,11.9399995803833,10136.2998046875,10081.5,-0.0032774628232060676
2017-08-03,11.640000343322754,10081.150390625,10013.650390625,-0.006730110536626532
2017-08-04,11.390000343322754,10008.599609375,10066.400390625,0.0052678092346210015
2017-08-07,11.899999618530272,10074.7998046875,10057.400390625,-0.000894063384204502
2017-08-08,12.770000457763672,10068.349609375,9978.5498046875,-0.007840056363968673
2017-08-09,13.449999809265137,9961.150390625,9908.0498046875,-0.007065154895241621
2017-08-10,13.800000190734863,9872.849609375,9820.25,-0.008861461782919355
2017-08-11,15.199999809265137,9712.150390625,9710.7998046875,-0.011145357329243155
2017-08-14,14.380000114440918,9755.75,9794.150390625,0.008583287433983067
2017-08-16,14.239999771118164,9825.849609375,9897.2998046875,0.010531736796816515
2017-08-17,14.34000015258789,9945.5498046875,9904.150390625,0.0006921671640436333
2017-08-18,14.56999969482422,9865.9501953125,9837.400390625,-0.006739598791147605
2017-08-21,14.81999969482422,9864.25,9754.349609375,-0.008442350412935062
2017-08-22,14.109999656677246,9815.75,9765.5498046875,0.0011482257414410224
2017-08-23,13.18000030517578,9803.0498046875,9852.5,0.008903768559017866
2017-08-24,12.56999969482422,9881.2001953125,9857.0498046875,0.00046179189926420783
2017-08-28,12.640000343322754,9907.150390625,9912.7998046875,0.005655850493267112
2017-08-29,13.539999961853027,9886.400390625,9796.0498046875,-0.011777701789638884
2017-08-30,12.890000343322754,9859.5,9884.400390625,0.009019001301445284
2017-08-31,11.949999809265137,9905.7001953125,9917.900390625,0.0033891787742403867
2017-09-01,11.68000030517578,9937.650390625,9974.400390625,0.00569677026131532
2017-09-04,13.170000076293944,9984.150390625,9912.849609375,-0.006170875324781666
2017-09-05,12.890000343322754,9933.25,9952.2001953125,0.003969654285916446
2017-09-06,13.119999885559082,9899.25,9916.2001953125,-0.0036172905783141696
2017-09-07,13.010000228881836,9945.849609375,9929.900390625,0.0013815972895521167
2017-09-08,12.960000038146973,9958.650390625,9934.7998046875,0.0004934001218306339
2017-09-11,12.359999656677246,9971.75,10006.0498046875,0.007171760015373785
2017-09-12,11.760000228881836,10056.849609375,10093.0498046875,0.008694739852208588
2017-09-13,11.760000228881836,10099.25,10079.2998046875,-0.0013623236054590704
2017-09-14,11.470000267028809,10107.400390625,10086.599609375,0.0007242372812548137
2017-09-15,11.68000030517578,10062.349609375,10085.400390625,-0.00011889227256378643
2017-09-18,11.4399995803833,10133.099609375,10153.099609375,0.006712596042585561
2017-09-19,11.470000267028809,10175.599609375,10147.5498046875,-0.0005466118624873895
2017-09-20,11.630000114440918,10160.9501953125,10141.150390625,-0.0006306363787978997
2017-09-21,11.630000114440918,10139.599609375,10121.900390625,-0.0018982067377479872
2017-09-22,12.8100004196167,10094.349609375,9964.400390625,-0.01556031910231781
2017-09-25,13.34000015258789,9960.099609375,9872.599609375,-0.009212875602266135
2017-09-26,12.93000030517578,9875.25,9871.5,-0.00011137992205778602
2017-09-27,13.859999656677246,9920.599609375,9735.75,-0.013751709466646389
2017-09-28,13.170000076293944,9736.400390625,9768.9501953125,0.003410132276660871
2017-09-29,12.489999771118164,9814.2998046875,9788.599609375,0.002011415113154058
2017-10-03,12.460000038146973,9893.2998046875,9859.5,0.007243159742390093
2017-10-04,11.800000190734863,9884.349609375,9914.900390625,0.005618985813175215
2017-10-05,11.710000038146973,9927.0,9888.7001953125,-0.0026425071639926134
2017-10-06,11.119999885559082,9908.150390625,9979.7001953125,0.009202422785872022
2017-10-09,11.390000343322754,9988.2001953125,9988.75,0.0009068212982741297
2017-10-10,11.109999656677246,10013.7001953125,10016.9501953125,0.0028231956263296
2017-10-11,11.729999542236328,10042.599609375,9984.7998046875,-0.0032095987299651796
2017-10-12,11.039999961853027,10011.2001953125,10096.400390625,0.011177047924897598
2017-10-13,11.260000228881836,10123.7001953125,10167.4501953125,0.007037142143597297
2017-10-16,11.3100004196167,10207.400390625,10230.849609375,0.006235527378509298
2017-10-17,11.609999656677246,10227.650390625,10234.4501953125,0.00035193420634405115
2017-10-18,11.539999961853027,10209.400390625,10210.849609375,-0.0023059945074831445
2017-10-19,12.399999618530272,10210.349609375,10146.5498046875,-0.006297204164917303
2017-10-23,12.329999923706056,10176.650390625,10184.849609375,0.00377466285828576
2017-10-24,11.59000015258789,10218.5498046875,10207.7001953125,0.0022435859942857572
2017-10-25,11.760000228881836,10321.150390625,10295.349609375,0.008586597606260904
2017-10-26,11.619999885559082,10291.7998046875,10343.7998046875,0.004706027201677676
2017-10-27,11.479999542236328,10362.2998046875,10323.0498046875,-0.002006032637116295
2017-10-30,12.109999656677246,10353.849609375,10363.650390625,0.00393300300838062
2017-10-31,12.4399995803833,10364.900390625,10335.2998046875,-0.002735579151063039
2017-11-01,12.140000343322754,10390.349609375,10440.5,0.010178727013297362
2017-11-02,12.010000228881836,10440.5,10423.7998046875,-0.0015995589591015769
2017-11-03,11.90999984741211,10461.5498046875,10452.5,0.0027533333189682097
2017-11-06,13.020000457763672,10431.75,10451.7998046875,-6.698831021290097e-05
2017-11-07,13.239999771118164,10477.150390625,10350.150390625,-0.009725541625559164
2017-11-08,13.609999656677246,10361.9501953125,10303.150390625,-0.004540996818999998
2017-11-09,13.270000457763672,10358.650390625,10308.9501953125,0.0005629156585715833
2017-11-10,13.479999542236328,10304.349609375,10321.75,0.0012416205767800115
2017-11-13,14.050000190734863,10322.0,10224.9501953125,-0.009378235734008311
2017-11-14,14.170000076293944,10223.400390625,10186.599609375,-0.0037506868204679744
2017-11-15,14.270000457763672,10171.9501953125,10118.0498046875,-0.00672940994209803
2017-11-16,13.460000038146973,10152.900390625,10214.75,0.009557197007243445
2017-11-17,13.710000038146973,10324.5498046875,10283.599609375,0.006740214824151325
2017-11-20,13.43000030517578,10287.2001953125,10298.75,0.0014732575363192169
2017-11-21,13.720000267028809,10329.25,10326.900390625,0.0027333793542905216
2017-11-22,14.039999961853027,10350.7998046875,10342.2998046875,0.00149119420929833
2017-11-23,13.869999885559082,10358.4501953125,10348.75,0.0006236712756650942
2017-11-24,13.510000228881836,10366.7998046875,10389.7001953125,0.003957018510689636
2017-11-27,13.029999732971191,10361.0498046875,10399.5498046875,0.000948016707878141
2017-11-28,13.149999618530272,10387.900390625,10370.25,-0.0028174108723719726
2017-11-29,13.0600004196167,10376.650390625,10361.2998046875,-0.0008630645657047298
2017-11-30,13.550000190734863,10332.7001953125,10226.5498046875,-0.013005125084696312
2017-12-01,14.800000190734863,10263.7001953125,10121.7998046875,-0.010242946252702612
2017-12-04,14.859999656677246,10175.0498046875,10127.75,0.0005878594150563465
2017-12-05,15.010000228881836,10118.25,10118.25,-0.0009380168349337747
2017-12-06,15.09000015258789,10088.7998046875,10044.099609375,-0.007328380957675518
2017-12-07,14.270000457763672,10063.4501953125,10166.7001953125,0.012206229598028528
2017-12-08,13.670000076293944,10198.4501953125,10265.650390625,0.009732773998600175
2017-12-11,14.149999618530272,10310.5,10322.25,0.0055134947345070184
2017-12-12,15.260000228881836,10324.900390625,10240.150390625,-0.007953654423696332
2017-12-13,15.949999809265137,10236.599609375,10192.9501953125,-0.004609326378225087
2017-12-14,16.40999984741211,10229.2998046875,10252.099609375,0.005802972930222028
2017-12-15,14.9399995803833,10345.650390625,10333.25,0.007915489872025061
2017-12-18,13.119999885559082,10263.099609375,10388.75,0.005371011056540809
2017-12-19,12.1899995803833,10414.7998046875,10463.2001953125,0.007166424768379365
2017-12-20,12.1899995803833,10494.400390625,10444.2001953125,-0.001815888030940238
2017-12-21,12.09000015258789,10473.9501953125,10440.2998046875,-0.00037345038892977467
2017-12-22,11.59000015258789,10457.2998046875,10493.0,0.0050477664720738336
2017-12-26,12.050000190734863,10512.2998046875,10531.5,0.003669112741827796
2017-12-27,12.489999771118164,10531.0498046875,10490.75,-0.003869344347908643
2017-12-28,12.300000190734863,10498.2001953125,10477.900390625,-0.0012248513571480046
2017-12-29,12.670000076293944,10492.349609375,10530.7001953125,0.005039158869532878
2018-01-02,13.6899995803833,10477.5498046875,10442.2001953125,-0.008403999578242116
2018-01-03,13.619999885559082,10482.650390625,10443.2001953125,9.576525840304662e-05
2018-01-04,13.420000076293944,10469.400390625,10504.7998046875,0.0058985376343401175
2018-01-05,13.109999656677246,10534.25,10558.849609375,0.005145248428569005
2018-01-08,13.739999771118164,10591.7001953125,10623.599609375,0.006132296831134809
2018-01-09,13.850000381469728,10645.099609375,10637.0,0.0012613794869653638
2018-01-10,14.039999961853027,10652.0498046875,10632.2001953125,-0.0004512366915013777
2018-01-11,14.010000228881836,10637.0498046875,10651.2001953125,0.0017870242895141608
2018-01-12,13.729999542236328,10682.5498046875,10681.25,0.00282125996474325
2018-01-15,14.3100004196167,10718.5,10741.5498046875,0.005645388385020489
2018-01-16,14.09000015258789,10761.5,10700.4501953125,-0.003826227138756466
2018-01-17,13.859999656677246,10702.4501953125,10788.5498046875,0.008233261943837888
2018-01-18,13.960000038146973,10873.400390625,10817.0,0.002637073177355065
2018-01-19,13.979999542236328,10829.2001953125,10894.7001953125,0.007183155709762357
2018-01-22,15.390000343322754,10883.2001953125,10966.2001953125,0.006562824007838586
2018-01-23,16.229999542236328,10997.400390625,11083.7001953125,0.010714741469905364
2018-01-24,18.040000915527344,11069.349609375,11086.0,0.00020749430668232094
2018-01-25,17.510000228881836,11095.599609375,11069.650390625,-0.001474797886974577
2018-01-29,17.889999389648438,11079.349609375,11130.400390625,0.005487978197707966
2018-01-30,16.420000076293945,11120.849609375,11049.650390625,-0.0072549052294663685
2018-01-31,15.93000030517578,11018.7998046875,11027.7001953125,-0.001986505865481769
2018-02-01,14.109999656677246,11044.5498046875,11016.900390625,-0.000979334267002474
2018-02-02,15.25,10938.2001953125,10760.599609375,-0.023264327729431322
2018-02-05,16.049999237060547,10604.2998046875,10666.5498046875,-0.00874020111347329
2018-02-06,20.020000457763672,10295.150390625,10498.25,-0.015778279553294694
2018-02-07,19.469999313354492,10607.2001953125,10476.7001953125,-0.0020527044686019513
2018-02-08,17.770000457763672,10518.5,10576.849609375,0.009559251691416026
2018-02-09,19.229999542236328,10416.5,10454.9501953125,-0.011525115565078292
2018-02-12,17.8799991607666,10518.2001953125,10539.75,0.008110971654893273
2018-02-14,17.18000030517578,10585.75,10500.900390625,-0.0036860086221209842
2018-02-15,16.31999969482422,10537.900390625,10545.5,0.004247217640005241
2018-02-16,16.3799991607666,10596.2001953125,10452.2998046875,-0.00883791146104973
2018-02-19,16.670000076293945,10488.900390625,10378.400390625,-0.0070701582851038225
2018-02-20,16.8700008392334,10391.0,10360.400390625,-0.001734371321447492
2018-02-21,15.920000076293944,10426.0,10397.4501953125,0.003576097765586983
2018-02-22,14.829999923706056,10354.349609375,10382.7001953125,-0.0014186170381128571
2018-02-23,14.199999809265137,10408.099609375,10491.0498046875,0.010435590678416817
2018-02-26,13.699999809265137,10526.5498046875,10582.599609375,0.008726467454819975
2018-02-27,13.920000076293944,10615.2001953125,10554.2998046875,-0.0026741826897078713
2018-02-28,13.8100004196167,10488.9501953125,10492.849609375,-0.005822290104475547
2018-03-01,14.06999969482422,10479.9501953125,10458.349609375,-0.0032879533476946055
2018-03-05,15.399999618530272,10428.2998046875,10358.849609375,-0.009513929416818057
2018-03-06,16.25,10420.5,10249.25,-0.010580287725753812
2018-03-07,15.699999809265137,10232.9501953125,10154.2001953125,-0.00927383024977435
2018-03-08,14.59000015258789,10216.25,10242.650390625,0.008710700361544088
2018-03-09,14.529999732971191,10271.2998046875,10226.849609375,-0.001542645765246653
2018-03-12,14.489999771118164,10301.599609375,10421.400390625,0.019023530088059015
2018-03-13,14.460000038146973,10389.5,10426.849609375,0.0005228873803659884
2018-03-14,14.359999656677246,10393.0498046875,10410.900390625,-0.001529629691374823
2018-03-15,14.329999923706056,10405.4501953125,10360.150390625,-0.004874698450260895
2018-03-16,15.220000267028809,10345.150390625,10195.150390625,-0.01592640973139836
2018-03-19,15.81999969482422,10215.349609375,10094.25,-0.009896900659531527
2018-03-20,15.609999656677246,10051.5498046875,10124.349609375,0.002981856935879268
2018-03-21,15.109999656677246,10181.9501953125,10155.25,0.003052086486265315
2018-03-22,15.25,10167.5,10114.75,-0.003988084980675044
2018-03-23,15.550000190734863,9968.7998046875,9998.0498046875,-0.011537625281148767
2018-03-26,15.199999809265137,9989.150390625,10130.650390625,0.013262645068574441
2018-03-27,15.550000190734863,10188.0,10184.150390625,0.005281003483202706
2018-03-28,15.760000228881836,10143.599609375,10113.7001953125,-0.006917631084606968
2018-04-02,15.350000381469728,10151.650390625,10211.7998046875,0.009699675438319622
2018-04-03,15.1899995803833,10186.849609375,10245.0,0.0032511600254110373
2018-04-04,16.34000015258789,10274.599609375,10128.400390625,-0.011381123413860439
2018-04-05,14.800000190734863,10228.4501953125,10325.150390625,0.019425574859986305
2018-04-06,14.75,10322.75,10331.599609375,0.0006246125727966678
2018-04-09,14.869999885559082,10333.7001953125,10379.349609375,0.004621743176794313
2018-04-10,14.5,10412.900390625,10402.25,0.002206341580816895
2018-04-11,14.720000267028809,10428.150390625,10417.150390625,0.0014324199692374862
2018-04-12,14.5600004196167,10410.650390625,10458.650390625,0.003983815001590951
2018-04-13,14.140000343322754,10495.2998046875,10480.599609375,0.002098666456015641
2018-04-16,14.260000228881836,10398.2998046875,10528.349609375,0.004556037037927396
2018-04-17,14.039999961853027,10557.2998046875,10548.7001953125,0.001932932196645476
2018-04-18,14.109999656677246,10578.900390625,10526.2001953125,-0.002132964212026689
2018-04-19,13.75,10563.650390625,10565.2998046875,0.0037145036812440413
2018-04-20,12.9399995803833,10560.349609375,10564.0498046875,-0.00011831183431687542
2018-04-23,13.149999618530272,10592.7998046875,10584.7001953125,0.0019547797489403163
2018-04-24,11.899999618530272,10578.099609375,10614.349609375,0.0028011576629851653
2018-04-25,12.399999618530272,10612.400390625,10570.5498046875,-0.00412647089076601
2018-04-26,12.039999961853027,10586.5,10617.7998046875,0.0044699661676110836
2018-04-27,12.020000457763672,10651.650390625,10692.2998046875,0.007016519558704637
2018-04-30,12.359999656677246,10705.75,10739.349609375,0.004400344691688707
2018-05-02,12.84000015258789,10783.849609375,10718.0498046875,-0.0019833421447520427
2018-05-03,12.989999771118164,10720.150390625,10679.650390625,-0.003582686660562606
2018-05-04,13.25,10700.4501953125,10618.25,-0.0057492884485150775
2018-05-07,13.760000228881836,10653.150390625,10715.5,0.00915875968262192
2018-05-08,14.0600004196167,10757.900390625,10717.7998046875,0.00021462411343375898
2018-05-09,14.270000457763672,10693.349609375,10741.7001953125,0.0022299717349214543
2018-05-10,14.43000030517578,10779.650390625,10716.5498046875,-0.0023413789407356056
2018-05-11,13.979999542236328,10741.9501953125,10806.5,0.00839357787271755
2018-05-14,14.25,10815.150390625,10806.599609375,9.217542682682378e-06
2018-05-15,13.170000076293944,10812.599609375,10801.849609375,-0.0004395462191344457
2018-05-16,13.4399995803833,10751.9501953125,10741.099609375,-0.005624036826737067
2018-05-17,13.40999984741211,10775.599609375,10682.7001953125,-0.005437005165795927
2018-05-18,14.149999618530272,10671.849609375,10596.400390625,-0.008078463600931896
2018-05-21,14.40999984741211,10616.7001953125,10516.7001953125,-0.007521440524559053
2018-05-22,13.600000381469728,10518.4501953125,10536.7001953125,0.0019017372016476575
2018-05-23,14.15999984741211,10521.099609375,10430.349609375,-0.010093348388598211
2018-05-24,13.149999618530272,10464.849609375,10513.849609375,0.008005484296034426
2018-05-25,12.649999618530272,10533.0498046875,10605.150390625,0.00868385840031305
2018-05-28,13.0600004196167,10648.349609375,10688.650390625,0.007873532851907061
2018-05-29,13.06999969482422,10689.400390625,10633.2998046875,-0.005178444790938985
2018-05-30,13.40999984741211,10579.0,10614.349609375,-0.0017821556488181178
2018-05-31,13.220000267028809,10670.099609375,10736.150390625,0.011475105468772284
2018-06-01,13.56999969482422,10738.4501953125,10696.2001953125,-0.0037210912532843476
2018-06-04,13.880000114440918,10765.9501953125,10628.5,-0.006329368754912523
2018-06-05,13.31999969482422,10630.7001953125,10593.150390625,-0.003325926459519235
2018-06-06,12.550000190734863,10603.4501953125,10684.650390625,0.0086376570355291
2018-06-07,12.779999732971191,10722.599609375,10768.349609375,0.007833594520176401
2018-06-08,12.699999809265137,10736.400390625,10767.650390625,-6.493276828523076e-05
2018-06-11,13.18000030517578,10781.849609375,10786.9501953125,0.0017923877528847054
2018-06-12,12.729999542236328,10816.150390625,10842.849609375,0.005182133323169635
2018-06-13,12.640000343322754,10887.5,10856.7001953125,0.0012773935299743577
2018-06-14,12.100000381469728,10832.900390625,10808.0498046875,-0.0044811397339686865
2018-06-15,12.06999969482422,10808.650390625,10817.7001953125,0.000892889170515776
2018-06-18,12.380000114440918,10830.2001953125,10799.849609375,-0.00165012762557748
2018-06-19,12.920000076293944,10789.4501953125,10710.4501953125,-0.008277838793689818
2018-06-20,12.170000076293944,10734.650390625,10772.0498046875,0.005751355755517995
2018-06-21,12.449999809265137,10808.4501953125,10741.099609375,-0.0028731945983977436
2018-06-22,12.020000457763672,10742.7001953125,10821.849609375,0.007517852262492797
2018-06-25,12.579999923706056,10822.900390625,10762.4501953125,-0.005488841206131911
2018-06-26,12.800000190734863,10742.7001953125,10769.150390625,0.0006225529680423669
2018-06-27,13.510000228881836,10785.5,10671.400390625,-0.009076853461448153
2018-06-28,13.949999809265137,10660.7998046875,10589.099609375,-0.007712275637441368
2018-06-29,12.9399995803833,10612.849609375,10714.2998046875,0.011823497741172861
2018-07-02,13.369999885559082,10732.349609375,10657.2998046875,-0.005319993003655044
2018-07-03,13.0,10668.599609375,10699.900390625,0.003997315147197256
2018-07-04,12.65999984741211,10715.0,10769.900390625,0.006542116977213297
2018-07-05,12.579999923706056,10786.0498046875,10749.75,-0.0018709913642785958
2018-07-06,12.4399995803833,10744.150390625,10772.650390625,0.0021303184376380013
2018-07-09,12.390000343322754,10838.2998046875,10852.900390625,0.007449420253147654
2018-07-10,12.399999618530272,10902.75,10947.25,0.008693492612951825
2018-07-11,12.779999732971191,10956.400390625,10948.2998046875,9.589665783638068e-05
2018-07-12,12.510000228881836,11006.9501953125,11023.2001953125,0.006841280560560881
2018-07-13,12.300000190734863,11056.900390625,11018.900390625,-0.0003900686380828855
2018-07-16,12.949999809265137,11018.9501953125,10936.849609375,-0.0074463674542162295
2018-07-17,12.829999923706056,10939.650390625,11008.0498046875,0.006510119262449043
2018-07-18,13.68000030517578,11060.2001953125,10980.4501953125,-0.002507220612614547
2018-07-19,13.59000015258789,10999.5,10957.099609375,-0.0021265599790679657
2018-07-20,13.539999961853027,10963.5,11010.2001953125,0.00484622644956767
2018-07-23,13.010000228881836,11019.849609375,11084.75,0.006770976309698584
2018-07-24,12.470000267028809,11109.0,11134.2998046875,0.00447008770495505
2018-07-25,12.210000038146973,11148.400390625,11132.0,-0.0002065513528324292
2018-07-26,12.029999732971191,11132.9501953125,11167.2998046875,0.0031710209025781477
2018-07-27,12.3100004196167,11232.75,11278.349609375,0.009944194803553685
2018-07-30,12.59000015258789,11296.650390625,11319.5498046875,0.0036530340643325943
2018-07-31,12.479999542236328,11311.0498046875,11356.5,0.0032642813495284972
2018-08-01,12.529999732971191,11359.7998046875,11346.2001953125,-0.0009069523785937283
2018-08-02,12.5600004196167,11328.900390625,11244.7001953125,-0.008945726168478219
2018-08-03,12.079999923706056,11297.7998046875,11360.7998046875,0.010324829240302646
2018-08-06,12.5600004196167,11401.5,11387.099609375,0.0023149606664707445
2018-08-07,12.579999923706056,11423.150390625,11389.4501953125,0.00020642534254866618
2018-08-08,12.539999961853027,11412.5,11450.0,0.005316306199962151
2018-08-09,12.68000030517578,11493.25,11470.7001953125,0.001807877319869089
2018-08-10,12.850000381469728,11474.9501953125,11429.5,-0.003591776841080363
2018-08-13,13.399999618530272,11369.599609375,11355.75,-0.006452600726191027
2018-08-14,13.279999732971191,11381.7001953125,11435.099609375,0.006987615029830696
2018-08-16,13.649999618530272,11397.150390625,11385.0498046875,-0.004376857779749166
2018-08-17,13.15999984741211,11437.150390625,11470.75,0.0075274326228431665
2018-08-20,13.029999732971191,11502.099609375,11551.75,0.007061438877143944
2018-08-21,12.899999618530272,11576.2001953125,11570.900390625,0.00165779129785526
2018-08-23,12.760000228881836,11620.7001953125,11582.75,0.0010240870610727093
2018-08-24,12.40999984741211,11566.599609375,11557.099609375,-0.0022145337355118366
2018-08-27,12.239999771118164,11605.849609375,11691.9501953125,0.011668203138797129
2018-08-28,12.43000030517578,11731.9501953125,11738.5,0.003981355027167455
2018-08-29,12.4399995803833,11744.9501953125,11691.900390625,-0.003969809547642367
2018-08-30,12.40999984741211,11694.75,11676.7998046875,-0.0012915424723947133
2018-08-31,12.600000381469728,11675.849609375,11680.5,0.00031688436681198695
2018-09-03,13.390000343322754,11751.7998046875,11582.349609375,-0.00840292715423141
2018-09-04,13.779999732971191,11598.75,11520.2998046875,-0.00535727264157837
2018-09-05,13.649999618530272,11514.849609375,11476.9501953125,-0.0037628889968090995
2018-09-06,13.720000267028809,11514.150390625,11536.900390625,0.005223530144531363
2018-09-07,13.890000343322754,11558.25,11589.099609375,0.0045245444601755835
2018-09-10,15.199999809265137,11570.25,11438.099609375,-0.013029485041085365
2018-09-11,15.329999923706056,11476.849609375,11287.5,-0.013166488710376734
2018-09-12,14.25,11340.099609375,11369.900390625,0.0073001453488372725
2018-09-14,13.84000015258789,11443.5,11515.2001953125,0.012779338401883056
2018-09-17,14.5,11464.9501953125,11377.75,-0.011936413868727347
2018-09-18,14.420000076293944,11381.5498046875,11278.900390625,-0.008687975159851424
2018-09-19,14.010000228881836,11326.650390625,11234.349609375,-0.003949922395540484
2018-09-21,15.539999961853027,11271.2998046875,11143.099609375,-0.00812241056873042
2018-09-24,17.43000030517578,11164.400390625,10967.400390625,-0.015767535507102526
2018-09-25,16.68000030517578,10969.9501953125,11067.4501953125,0.009122472156029238
2018-09-26,17.09000015258789,11145.5498046875,11053.7998046875,-0.0012333817079910325
2018-09-27,16.920000076293945,11079.7998046875,10977.5498046875,-0.006898080420062014
2018-09-28,17.0,11008.099609375,10930.4501953125,-0.004290539347394984
2018-10-01,16.84000015258789,10930.900390625,11008.2998046875,0.007122269255513958
2018-10-03,18.1200008392334,10982.7001953125,10858.25,-0.01363060666494631
2018-10-04,18.920000076293945,10754.7001953125,10599.25,-0.023852830796859514
2018-10-05,19.729999542236328,10514.099609375,10316.4501953125,-0.026681114672028716
2018-10-08,20.149999618530273,10310.150390625,10348.0498046875,0.003063031253653259
2018-10-09,19.760000228881836,10390.2998046875,10301.0498046875,-0.004541918611438267
2018-10-10,17.90999984741211,10331.849609375,10460.099609375,0.015440154906845027
2018-10-11,20.549999237060547,10169.7998046875,10234.650390625,-0.021553257346415555
2018-10-12,18.6299991607666,10331.5498046875,10472.5,0.02323964183406524
2018-10-15,18.88999938964844,10524.2001953125,10512.5,0.003819527333492445
2018-10-16,17.3700008392334,10550.150390625,10584.75,0.006872770511296089
2018-10-17,17.979999542236328,10688.7001953125,10453.0498046875,-0.012442447418455793
2018-10-19,19.790000915527344,10339.7001953125,10303.5498046875,-0.014302046081609565
2018-10-22,21.36000061035156,10405.849609375,10245.25,-0.0056582251546914986
2018-10-23,19.040000915527344,10152.599609375,10146.7998046875,-0.009609350217173795
2018-10-24,18.8799991607666,10278.150390625,10224.75,0.007682244334463961
2018-10-25,18.959999084472656,10135.0498046875,10124.900390625,-0.009765481735494741
2018-10-26,19.229999542236328,10122.349609375,10030.0,-0.0093729702973544
2018-10-29,19.829999923706055,10078.099609375,10250.849609375,0.022018904224825553
2018-10-30,20.5,10239.400390625,10198.400390625,-0.005116572845048073
2018-10-31,19.799999237060547,10209.5498046875,10386.599609375,0.01845379780568379
2018-11-01,19.190000534057617,10441.7001953125,10380.4501953125,-0.0005920526730374132
2018-11-02,18.229999542236328,10462.2998046875,10553.0,0.01662257430466929
2018-11-05,19.479999542236328,10558.75,10524.0,-0.0027480337344830685
2018-11-06,18.510000228881836,10552.0,10530.0,0.0005701254275940482
2018-11-07,17.719999313354492,10614.4501953125,10598.400390625,0.006495763592117676
2018-11-09,17.770000457763672,10614.7001953125,10585.2001953125,-0.0012454893970770264
2018-11-12,19.3700008392334,10607.7998046875,10482.2001953125,-0.009730567027500525
2018-11-13,18.700000762939453,10451.900390625,10582.5,0.009568583199961456
2018-11-14,18.829999923706055,10634.900390625,10576.2998046875,-0.0005858913595558901
2018-11-15,18.450000762939453,10580.599609375,10616.7001953125,0.0038198983927342223
2018-11-16,18.350000381469727,10644.0,10682.2001953125,0.006169525256907837
2018-11-19,19.260000228881836,10731.25,10763.400390625,0.0076014485618920435
2018-11-20,19.329999923706055,10740.099609375,10656.2001953125,-0.009959695953136949
2018-11-21,19.559999465942383,10670.9501953125,10600.0498046875,-0.00526926949530282
2018-11-22,19.15999984741211,10612.650390625,10526.75,-0.006915043423200262
2018-11-26,20.399999618530273,10568.2998046875,10628.599609375,0.009675313783931383
2018-11-27,18.31999969482422,10621.4501953125,10685.599609375,0.0053628890065369195
2018-11-28,17.959999084472656,10708.75,10728.849609375,0.004047503329813518
2018-11-29,18.700000762939453,10808.7001953125,10858.7001953125,0.012102936537020215
2018-11-30,19.15999984741211,10892.099609375,10876.75,0.001662243580064171
2018-12-03,18.219999313354492,10930.7001953125,10883.75,0.000643574597191332
2018-12-04,18.11000061035156,10877.099609375,10869.5,-0.0013092913747559942
2018-12-05,18.38999938964844,10820.4501953125,10782.900390625,-0.007967211865771207
2018-12-06,19.309999465942383,10718.150390625,10601.150390625,-0.01685539079615528
2018-12-07,18.59000015258789,10644.7998046875,10693.7001953125,0.008730166187373989
2018-12-10,20.440000534057617,10508.7001953125,10488.4501953125,-0.019193543511718203
2018-12-11,17.950000762939453,10350.0498046875,10549.150390625,0.005787336945131116
2018-12-12,15.8100004196167,10591.0,10737.599609375,0.01786392380162427
2018-12-13,15.550000190734863,10810.75,10791.5498046875,0.005024418610784842
2018-12-14,15.15999984741211,10784.5,10805.4501953125,0.001288081033454791
2018-12-17,14.539999961853027,10853.2001953125,10888.349609375,0.007672000015183311
2018-12-18,14.579999923706056,10850.900390625,10908.7001953125,0.0018690239262686426
2018-12-19,14.65999984741211,10930.5498046875,10967.2998046875,0.005371823253533137
2018-12-20,14.329999923706056,10885.2001953125,10951.7001953125,-0.001422374664029169
2018-12-21,15.989999771118164,10944.25,10754.0,-0.018052009440243655
2018-12-24,15.75,10780.900390625,10663.5,-0.008415473312255894
2018-12-26,15.920000076293944,10635.4501953125,10729.849609375,0.006222123071693231
2018-12-27,16.06999969482422,10817.900390625,10779.7998046875,0.004655255863871277
2018-12-28,15.270000457763672,10820.9501953125,10859.900390625,0.007430619064249022
2018-12-31,16.0,10913.2001953125,10862.5498046875,0.00024396301689710853
2019-01-02,16.389999389648438,10868.849609375,10792.5,-0.006448744166611009
2019-01-03,16.790000915527344,10796.7998046875,10672.25,-0.011141996757007222
2019-01-04,16.15999984741211,10699.7001953125,10727.349609375,0.0051628859308019415
2019-01-07,16.299999237060547,10804.849609375,10771.7998046875,0.004143632577580325
2019-01-08,15.699999809265137,10786.25,10802.150390625,0.0028175965472634346
2019-01-09,15.270000457763672,10862.400390625,10855.150390625,0.004906430486840696
2019-01-10,15.350000381469728,10859.349609375,10821.599609375,-0.0030907707440862575
2019-01-11,15.350000381469728,10834.75,10794.9501953125,-0.0024626132017869784
2019-01-14,16.15999984741211,10807.0,10737.599609375,-0.005312723532749919
2019-01-15,15.579999923706056,10777.5498046875,10886.7998046875,0.013895116296032572
2019-01-16,16.079999923706055,10899.650390625,10890.2998046875,0.0003214902508350548
2019-01-17,16.239999771118164,10920.849609375,10905.2001953125,0.001368225934293088
2019-01-18,16.6200008392334,10914.849609375,10906.9501953125,0.0001604738994844812
2019-01-21,18.149999618530273,10919.349609375,10961.849609375,0.0050334340103701525
2019-01-22,17.989999771118164,10949.7998046875,10922.75,-0.0035668806605010372
2019-01-23,18.09000015258789,10931.0498046875,10831.5,-0.008354123274816327
2019-01-24,17.43000030517578,10844.0498046875,10849.7998046875,0.001689498655541799
2019-01-25,17.690000534057617,10859.75,10780.5498046875,-0.006382606245884936
2019-01-28,18.899999618530273,10792.4501953125,10661.5498046875,-0.011038398055380982
2019-01-29,18.43000030517578,10653.7001953125,10652.2001953125,-0.0008769465552643796
2019-01-30,17.850000381469727,10702.25,10651.7998046875,-3.758759858607519e-05
2019-01-31,17.1200008392334,10690.5498046875,10830.9501953125,0.016818790618479573
2019-02-01,15.720000267028809,10851.349609375,10893.650390625,0.005788983808607595
2019-02-04,15.720000267028809,10876.75,10912.25,0.0017073807867935553
2019-02-05,15.779999732971191,10908.650390625,10934.349609375,0.0020252110586724825
2019-02-06,15.630000114440918,10965.099609375,11062.4501953125,0.011715428033110209
2019-02-07,15.4399995803833,11070.4501953125,11069.400390625,0.0006282690714798367
2019-02-08,15.56999969482422,11023.5,10943.599609375,-0.011364733121095205
2019-02-11,15.84000015258789,10930.900390625,10888.7998046875,-0.005007475295473629
2019-02-12,15.75,10879.7001953125,10831.400390625,-0.005271417887377283
2019-02-14,15.770000457763672,10786.099609375,10746.0498046875,-0.007879921603800577
2019-02-15,16.459999084472656,10780.25,10724.400390625,-0.002014639281967212
2019-02-18,18.0,10738.650390625,10640.9501953125,-0.00778133902809619
2019-02-19,18.469999313354492,10636.7001953125,10604.349609375,-0.0034395975233135756
2019-02-20,17.059999465942383,10655.4501953125,10735.4501953125,0.012362906803977669
2019-02-21,16.049999237060547,10744.099609375,10789.849609375,0.005067269008080633
2019-02-22,15.449999809265137,10782.7001953125,10791.650390625,0.00016689586186968697
2019-02-25,15.359999656677246,10813.25,10880.099609375,0.008196078963680797
2019-02-26,17.110000610351562,10775.2998046875,10835.2998046875,-0.004117591409631749
2019-02-27,18.899999618530273,10881.2001953125,10806.650390625,-0.002644081343287419
2019-02-28,18.280000686645508,10865.7001953125,10792.5,-0.0013094150466157473
2019-03-01,16.270000457763672,10842.650390625,10863.5,0.006578642575862936
2019-03-05,15.65999984741211,10864.849609375,10987.4501953125,0.011409784628572783
2019-03-06,15.609999656677246,11024.849609375,11053.0,0.005965879573721855
2019-03-07,15.289999961853027,11077.9501953125,11058.2001953125,0.00047047817900125466
2019-03-08,14.9399995803833,11038.849609375,11035.400390625,-0.0020618006804727917
2019-03-11,14.899999618530272,11068.75,11168.0498046875,0.012020353532001593
2019-03-12,15.100000381469728,11231.349609375,11301.2001953125,0.011922438828049886
2019-03-13,15.279999732971191,11326.2001953125,11341.7001953125,0.0035836901656514097
2019-03-14,15.149999618530272,11382.5,11343.25,0.00013664659273393553
2019-03-15,15.869999885559082,11376.849609375,11426.849609375,0.007369987382364052
2019-03-18,16.899999618530273,11473.849609375,11462.2001953125,0.0030936423551506387
2019-03-19,16.489999771118164,11500.2998046875,11532.400390625,0.006124495656707252
2019-03-20,16.030000686645508,11553.349609375,11521.0498046875,-0.0009842344657688962
2019-03-22,16.270000457763672,11549.2001953125,11456.900390625,-0.005568018119008533
2019-03-25,16.670000076293945,11395.650390625,11354.25,-0.008959700017030503
2019-03-26,16.489999771118164,11375.2001953125,11483.25,0.011361384503600025
2019-03-27,17.049999237060547,11531.4501953125,11445.0498046875,-0.0033266013813597617
2019-03-28,16.649999618530273,11463.650390625,11570.0,0.010917400749215211
2019-04-01,18.010000228881836,11665.2001953125,11669.150390625,0.008569610252809001
2019-04-02,18.079999923706055,11711.5498046875,11713.2001953125,0.0037748939051200914
2019-04-03,18.780000686645508,11735.2998046875,11643.9501953125,-0.005912133221091298
2019-04-04,18.649999618530273,11660.2001953125,11598.0,-0.003946272059030087
2019-04-05,18.38999938964844,11638.400390625,11665.9501953125,0.005858785593421345
2019-04-08,20.149999618530273,11704.349609375,11604.5,-0.005267483083991831
2019-04-09,20.280000686645508,11612.0498046875,11671.9501953125,0.005812417192683883
2019-04-10,21.1299991607666,11646.849609375,11584.2998046875,-0.007509489773200095
2019-04-11,20.959999084472656,11592.5498046875,11596.7001953125,0.0010704480058416621
2019-04-12,21.0,11612.849609375,11643.4501953125,0.0040313191867198395
2019-04-15,21.38999938964844,11667.0,11690.349609375,0.0040279653604204935
2019-04-16,21.690000534057617,11736.2001953125,11787.150390625,0.008280400884877803
2019-04-18,22.739999771118164,11856.150390625,11752.7998046875,-0.0029142400664389223
2019-04-22,24.049999237060547,11727.0498046875,11594.4501953125,-0.013473352052831178
2019-04-23,24.649999618530273,11612.9501953125,11575.9501953125,-0.0015955909670886115
2019-04-24,23.709999084472656,11601.5,11726.150390625,0.012975193636658888
2019-04-25,23.229999542236328,11735.7001953125,11641.7998046875,-0.007193374050953438
2019-04-26,21.719999313354492,11683.75,11754.650390625,0.009693568677590747
2019-04-30,21.829999923706055,11748.75,11748.150390625,-0.0005529726349993158
2019-05-02,22.979999542236328,11725.5498046875,11724.75,-0.001991836148409698
2019-05-03,24.030000686645508,11722.599609375,11712.25,-0.0010661208128105448
2019-05-06,26.43000030517578,11605.7998046875,11598.25,-0.00973339879186319
2019-05-07,26.479999542236328,11651.5,11497.900390625,-0.008652133673183404
2019-05-08,26.3700008392334,11478.7001953125,11359.4501953125,-0.012041345863927244
2019-05-09,25.489999771118164,11322.400390625,11301.7998046875,-0.005075103956069027
2019-05-10,26.34000015258789,11314.150390625,11278.900390625,-0.0020261741013145596
2019-05-13,27.3799991607666,11258.7001953125,11148.2001953125,-0.011588026384304118
2019-05-14,27.1299991607666,11151.650390625,11222.0498046875,0.006624352638199937
2019-05-15,28.65999984741211,11271.7001953125,11157.0,-0.005796606308085428
2019-05-16,28.3700008392334,11180.349609375,11257.099609375,0.008971910851931497
2019-05-17,28.079999923706055,11261.900390625,11407.150390625,0.013329435330307948
2019-05-20,23.68000030517578,11651.900390625,11828.25,0.036915407876193296
2019-05-21,25.649999618530273,11863.650390625,11709.099609375,-0.010073374389702572
2019-05-22,27.6299991607666,11727.9501953125,11737.900390625,0.0024596922232125173
2019-05-23,19.40999984741211,11901.2998046875,11657.0498046875,-0.006887993870017373
2019-05-24,16.469999313354492,11748.0,11844.099609375,0.016046067214389392
2019-05-27,16.190000534057617,11855.5,11924.75,0.006809330661248669
2019-05-28,15.920000076293944,11958.349609375,11928.75,0.0003354368016101894
2019-05-29,16.40999984741211,11905.7998046875,11861.099609375,-0.005671205333752538
2019-05-30,15.609999656677246,11865.2998046875,11945.900390625,0.007149487319284775
2019-05-31,16.06999969482422,11999.7998046875,11922.7998046875,-0.0019337668306382838
2019-06-03,15.970000267028809,11953.75,12088.5498046875,0.013901936014629301
2019-06-04,15.630000114440918,12052.650390625,12021.650390625,-0.005534114111566901
2019-06-06,15.529999732971191,12039.7998046875,11843.75,-0.014798333410505293
2019-06-07,14.859999656677246,11865.2001953125,11870.650390625,0.0022712730870713127
2019-06-10,14.979999542236328,11934.900390625,11922.7001953125,0.004384747505377318
2019-06-11,14.489999771118164,11959.849609375,11965.599609375,0.0035981290613484873
2019-06-12,14.119999885559082,11962.4501953125,11906.2001953125,-0.004964181988503125
2019-06-13,13.65999984741211,11873.900390625,11914.0498046875,0.0006592875347493088
2019-06-14,13.899999618530272,11910.099609375,11823.2998046875,-0.007617057296864349
2019-06-17,14.649999618530272,11844.0,11672.150390625,-0.012784029548381648
2019-06-18,14.600000381469728,11677.0498046875,11691.5,0.0016577587443133979
2019-06-19,14.729999542236328,11744.4501953125,11691.4501953125,-4.259905700743083e-06
2019-06-20,14.0,11653.650390625,11831.75,0.012000205478679637
2019-06-21,14.609999656677246,11827.599609375,11724.099609375,-0.009098433505187353
2019-06-24,15.220000267028809,11725.7998046875,11699.650390625,-0.002085381356743965
2019-06-25,15.010000228881836,11681.0,11796.4501953125,0.008273734808782462
2019-06-26,14.75,11768.150390625,11847.5498046875,0.004331778503613437
2019-06-27,14.649999618530272,11860.849609375,11841.5498046875,-0.0005064338279993086
2019-06-28,14.949999809265137,11861.150390625,11788.849609375,-0.004450447465215945
2019-07-01,14.600000381469728,11839.900390625,11865.599609375,0.006510389269786421
2019-07-02,14.25,11890.2998046875,11910.2998046875,0.003767209141051886
2019-07-03,13.699999809265137,11932.150390625,11916.75,0.0005415644793391738
2019-07-04,13.529999732971191,11928.7998046875,11946.75,0.0025174649128327786
2019-07-05,13.06999969482422,11964.75,11811.150390625,-0.011350334557515662
2019-07-08,13.850000381469728,11770.400390625,11558.599609375,-0.02138240331360608
2019-07-09,13.6899995803833,11531.599609375,11555.900390625,-0.00023352472109261502
2019-07-10,13.640000343322754,11536.150390625,11498.900390625,-0.004932545113165099
2019-07-11,12.470000267028809,11561.4501953125,11582.900390625,0.007305046321514741
2019-07-12,12.0,11601.150390625,11552.5,-0.0026245922523520093
2019-07-15,12.020000457763672,11614.75,11588.349609375,0.0031031905972733753
2019-07-16,11.5600004196167,11596.650390625,11662.599609375,0.006407297199588324
2019-07-17,11.800000190734863,11670.75,11687.5,0.0021350634900458854
2019-07-18,11.75,11675.599609375,11596.900390625,-0.007751838235294128
2019-07-19,12.520000457763672,11627.9501953125,11419.25,-0.01531878214359883
2019-07-22,13.010000228881836,11392.849609375,11346.2001953125,-0.006397075524881224
2019-07-23,13.43000030517578,11372.25,11331.0498046875,-0.0013352832106081625
2019-07-24,12.760000228881836,11322.4501953125,11271.2998046875,-0.005273121293252303
2019-07-25,12.640000343322754,11290.400390625,11252.150390625,-0.0016989534831232112
2019-07-26,12.130000114440918,11247.4501953125,11284.2998046875,0.0028571795564771296
2019-07-29,13.0600004196167,11307.5,11189.2001953125,-0.008427603929443195
2019-07-30,13.609999656677246,11213.7001953125,11085.400390625,-0.009276785013729971
2019-07-31,13.59000015258789,11034.0498046875,11118.0,0.00294076968140633
2019-08-01,14.5600004196167,11060.2001953125,10980.0,-0.012412304371289817
2019-08-02,15.1899995803833,10930.2998046875,10997.349609375,0.0015801101434427256
2019-08-05,16.59000015258789,10895.7998046875,10862.599609375,-0.012252952282714391
2019-08-06,16.1200008392334,10815.400390625,10948.25,0.007884888857643269
2019-08-07,16.739999771118164,10958.099609375,10855.5,-0.00847167355513434
2019-08-08,16.09000015258789,10899.2001953125,11032.4501953125,0.016300510829763803
2019-08-09,15.850000381469728,11087.900390625,11109.650390625,0.006997556657477588
2019-08-13,17.780000686645508,11139.400390625,10925.849609375,-0.01654424529912324
2019-08-14,16.360000610351562,11003.25,11029.400390625,0.009477595331455646
2019-08-16,16.649999618530273,11043.650390625,11047.7998046875,0.0016682152620135504
2019-08-19,16.75,11094.7998046875,11053.900390625,0.0005521991749806165
2019-08-20,16.6299991607666,11063.900390625,11017.0,-0.0033382235519596737
2019-08-21,17.020000457763672,11018.150390625,10918.7001953125,-0.008922556475220111
2019-08-22,17.850000381469727,10905.2998046875,10741.349609375,-0.016242829527789215
2019-08-23,17.350000381469727,10699.599609375,10829.349609375,0.008192639025843995
2019-08-26,16.65999984741211,11000.2998046875,11057.849609375,0.021100066785376237
2019-08-27,16.010000228881836,11106.5498046875,11105.349609375,0.004295591066795668
2019-08-28,16.84000015258789,11101.2998046875,11046.099609375,-0.005335266523260329
2019-08-29,16.43000030517578,10996.0498046875,10948.2998046875,-0.0088537862364102
2019-08-30,16.280000686645508,10987.7998046875,11023.25,0.006845829640179435
2019-09-03,18.059999465942383,10960.9501953125,10797.900390625,-0.02044311880570615
2019-09-04,17.239999771118164,10790.400390625,10844.650390625,0.004329545403159107
2019-09-05,17.270000457763672,10860.9501953125,10847.900390625,0.000299686931614751
2019-09-06,16.270000457763672,10883.7998046875,10946.2001953125,0.009061643373168504
2019-09-09,15.850000381469728,10936.7001953125,11003.0498046875,0.005193547382711383
2019-09-11,15.369999885559082,11028.5,11035.7001953125,0.0029673946046386845
2019-09-12,14.899999618530272,11058.2998046875,10982.7998046875,-0.00479356902496042
2019-09-13,14.119999885559082,10986.7998046875,11075.900390625,0.008476944640087414
2019-09-16,14.949999809265137,10994.849609375,11003.5,-0.006536749886833726
2019-09-17,16.020000457763672,11000.099609375,10817.599609375,-0.01689465993774708
2019-09-18,15.350000381469728,10872.7998046875,10840.650390625,0.002130859163064436
2019-09-19,15.550000190734863,10845.2001953125,10704.7998046875,-0.012531589991591652
2019-09-20,15.399999618530272,10746.7998046875,11274.2001953125,0.05319112930777714
2019-09-23,16.790000915527344,11542.7001953125,11600.2001953125,0.028915576657539077
2019-09-24,16.729999542236328,11590.7001953125,11588.2001953125,-0.0010344649056013289
2019-09-25,16.170000076293945,11564.849609375,11440.2001953125,-0.012771612287114875
2019-09-26,16.34000015258789,11469.849609375,11571.2001953125,0.01145084856589107
2019-09-27,16.110000610351562,11556.349609375,11512.400390625,-0.005081564893442914
2019-09-30,15.869999885559082,11491.150390625,11474.4501953125,-0.003296462425282254
2019-10-01,16.760000228881836,11515.400390625,11359.900390625,-0.009983032105041145
2019-10-03,17.700000762939453,11322.25,11314.0,-0.004040562773145462
2019-10-04,17.579999923706055,11388.4501953125,11174.75,-0.012307760296977222
2019-10-07,17.829999923706055,11196.2001953125,11126.400390625,-0.0043266837625002275
2019-10-09,17.15999984741211,11152.9501953125,11313.2998046875,0.01679783285706482
2019-10-10,17.229999542236328,11280.5,11234.5498046875,-0.006960833829169011
2019-10-11,17.139999389648438,11257.7001953125,11305.0498046875,0.006275284833450412
2019-10-14,17.43000030517578,11335.900390625,11341.150390625,0.003193315072573366
2019-10-15,16.850000381469727,11360.849609375,11428.2998046875,0.007684353972992053
2019-10-16,16.360000610351562,11464.9501953125,11464.0,0.003123841334461419
2019-10-17,15.880000114440918,11466.2998046875,11586.349609375,0.010672506051552677
2019-10-18,15.93000030517578,11580.2998046875,11661.849609375,0.006516288783389612
2019-10-22,16.809999465942383,11657.150390625,11588.349609375,-0.006302602285396697
2019-10-23,16.540000915527344,11596.2001953125,11604.099609375,0.001359123648397631
2019-10-24,16.239999771118164,11661.650390625,11582.599609375,-0.0018527934715960592
2019-10-25,15.31999969482422,11646.150390625,11583.900390625,0.00011230477560042473
2019-10-29,16.420000076293945,11643.9501953125,11786.849609375,0.017519938181983052
2019-10-30,16.65999984741211,11883.900390625,11844.099609375,0.004857107869982835
2019-10-31,16.280000686645508,11890.4501953125,11877.4501953125,0.0028157974888274317
2019-11-01,15.729999542236328,11886.599609375,11890.599609375,0.0011070906504571099
2019-11-04,15.93000030517578,11928.900390625,11941.2998046875,0.004263888868356602
2019-11-05,15.920000076293944,11974.599609375,11917.2001953125,-0.002018173043904281
2019-11-06,15.779999732971191,11911.5,11966.0498046875,0.004099084396871566
2019-11-07,15.210000038146973,12021.099609375,12012.0498046875,0.003844209304726398
2019-11-08,15.859999656677246,11987.150390625,11908.150390625,-0.008649599006986697
2019-11-11,16.25,11879.2001953125,11913.4501953125,0.0004450569159482054
2019-11-13,16.459999084472656,11908.2998046875,11840.4501953125,-0.006127528029514329
2019-11-14,15.649999618530272,11858.75,11872.099609375,0.002672990768123773
2019-11-15,15.029999732971191,11904.2001953125,11895.4501953125,0.001966845520657623
2019-11-18,15.760000228881836,11915.150390625,11884.5,-0.0009205364347466549
2019-11-19,15.40999984741211,11919.4501953125,11940.099609375,0.004678329704657314
2019-11-20,15.15999984741211,12004.75,11999.099609375,0.004941332311304558
2019-11-21,14.979999542236328,12025.650390625,11968.400390625,-0.002558460196964596
2019-11-22,14.869999885559082,11967.2998046875,11914.400390625,-0.004511881140131235
2019-11-25,15.0,11922.4501953125,12073.75,0.013374538722098483
2019-11-26,14.84000015258789,12110.2001953125,12037.7001953125,-0.0029858001604721185
2019-11-27,14.619999885559082,12068.5,12100.7001953125,0.005233557820665036
2019-11-28,13.989999771118164,12132.099609375,12151.150390625,0.004169196368656758
2019-11-29,13.899999618530272,12146.2001953125,12056.0498046875,-0.007826467690735917
2019-12-02,14.199999809265137,12137.0498046875,12048.2001953125,-0.0006510929783939412
2019-12-03,14.5600004196167,12067.650390625,11994.2001953125,-0.004481997238144242
2019-12-04,13.31999969482422,11969.9501953125,12043.2001953125,0.004085307832292884
2019-12-05,14.3100004196167,12071.25,12018.400390625,-0.00205923710353606
2019-12-06,13.640000343322754,12047.349609375,11921.5,-0.008062669529681155
2019-12-09,14.600000381469728,11939.099609375,11937.5,0.001342112989137334
2019-12-10,14.289999961853027,11950.5,11856.7998046875,-0.006760225785340301
2019-12-11,13.380000114440918,11867.349609375,11910.150390625,0.0044995771891509495
2019-12-12,13.350000381469728,11944.2998046875,11971.7998046875,0.005176207859728388
2019-12-13,13.300000190734863,12026.400390625,12086.7001953125,0.009597587037832866
2019-12-16,13.420000076293944,12131.349609375,12053.9501953125,-0.0027095898360001147
2019-12-17,12.520000457763672,12082.4501953125,12165.0,0.009212731336046609
2019-12-18,12.34000015258789,12197.0,12221.650390625,0.004656834412248179
2019-12-19,12.119999885559082,12223.400390625,12259.7001953125,0.003113311498149862
2019-12-20,12.329999923706056,12266.4501953125,12271.7998046875,0.000986941701855537
2019-12-23,11.960000038146973,12235.4501953125,12262.75,-0.0007374472230261553
2019-12-24,11.630000114440918,12269.25,12214.5498046875,-0.003930618769240168
2019-12-26,11.119999885559082,12211.849609375,12126.5498046875,-0.007204522590446127
2019-12-27,10.529999732971191,12172.900390625,12245.7998046875,0.009833794601157297
2019-12-30,11.010000228881836,12274.900390625,12255.849609375,0.0008206736062803532
2019-12-31,11.670000076293944,12247.099609375,12168.4501953125,-0.007131240742024536
2020-01-02,11.489999771118164,12198.5498046875,12282.2001953125,0.009347944740228264
2020-01-03,12.699999809265137,12261.099609375,12226.650390625,-0.004522789386603554
2020-01-06,14.779999732971191,12170.599609375,11993.0498046875,-0.019105853072941215
2020-01-07,14.609999656677246,12079.099609375,12052.9501953125,0.004994592001242859
2020-01-08,15.640000343322754,11939.099609375,12025.349609375,-0.0022899444111396106
2020-01-09,14.0,12153.150390625,12215.900390625,0.015845758122611686
2020-01-10,14.079999923706056,12271.0,12256.7998046875,0.0033480474426501594
2020-01-13,14.279999732971191,12296.7001953125,12329.5498046875,0.0059354808073293075
2020-01-14,13.90999984741211,12333.099609375,12362.2998046875,0.0026562202609821117
2020-01-15,14.119999885559082,12349.400390625,12343.2998046875,-0.0015369308543056182
2020-01-16,14.18000030517578,12347.099609375,12355.5,0.000988406301843714
2020-01-17,14.130000114440918,12328.400390625,12352.349609375,-0.000254978804985595
2020-01-20,15.40999984741211,12430.5,12224.5498046875,-0.010346193941151438
2020-01-21,15.859999656677246,12195.2998046875,12169.849609375,-0.004474618385662321
2020-01-22,16.360000610351562,12218.349609375,12106.900390625,-0.005172555189302153
2020-01-23,15.859999656677246,12123.75,12180.349609375,0.0060667236352978104
2020-01-24,15.5600004196167,12174.5498046875,12248.25,0.005574584704263197
2020-01-27,17.18000030517578,12197.099609375,12119.0,-0.010552527912150667
2020-01-28,17.299999237060547,12148.099609375,12055.7998046875,-0.005214967844912932
2020-01-29,16.5,12114.900390625,12129.5,0.006113256399948197
2020-01-30,16.799999237060547,12147.75,12035.7998046875,-0.0077249841553650445
2020-01-31,17.3700008392334,12100.400390625,11962.099609375,-0.006123414854723341
2020-02-03,15.779999732971191,11627.4501953125,11707.900390625,-0.021250384719316173
2020-02-04,14.380000114440918,11786.25,11979.650390625,0.02321082268667074
2020-02-05,14.170000076293944,12005.849609375,12089.150390625,0.009140500467834434
2020-02-06,13.779999732971191,12120.0,12137.9501953125,0.004036661230167438
2020-02-07,13.75,12151.150390625,12098.349609375,-0.0032625431230384194
2020-02-10,14.210000038146973,12102.349609375,12031.5,-0.005525514763038308
2020-02-11,13.880000114440918,12108.400390625,12107.900390625,0.006350030388978967
2020-02-12,13.619999885559082,12151.0,12201.2001953125,0.0077056964194832656
2020-02-13,13.369999885559082,12219.5498046875,12174.650390625,-0.0021759994314084485
2020-02-14,13.619999885559082,12190.150390625,12113.4501953125,-0.005026854435148831
2020-02-17,14.420000076293944,12131.7998046875,12045.7998046875,-0.00558473346026378
2020-02-18,14.510000228881836,12028.25,11992.5,-0.004424762618648104
2020-02-19,14.020000457763672,12090.599609375,12125.900390625,0.011123651500938081
2020-02-20,13.699999809265137,12119.0,12080.849609375,-0.003715252459506435
2020-02-24,17.0,12012.5498046875,11829.400390625,-0.02081386879900149
2020-02-25,16.899999618530273,11877.5,11797.900390625,-0.002662856861702312
2020-02-26,18.260000228881836,11738.5498046875,11678.5,-0.010120477938589723
2020-02-27,17.770000457763672,11661.25,11633.2998046875,-0.003870376787472707
2020-02-28,23.239999771118164,11382.0,11201.75,-0.03709607866493836
2020-03-02,25.200000762939453,11387.349609375,11132.75,-0.006159751824491688
2020-03-03,24.540000915527344,11217.5498046875,11303.2998046875,0.015319647408546855
2020-03-04,24.229999542236328,11351.349609375,11251.0,-0.004626950146523701
2020-03-05,23.25,11306.0498046875,11269.0,0.0015998577904186018
2020-03-06,25.63999938964844,10942.650390625,10989.4501953125,-0.024806975302821943
2020-03-09,30.799999237060547,10742.0498046875,10451.4501953125,-0.048956043335951605
2020-03-11,31.559999465942383,10334.2998046875,10458.400390625,0.0006649981756232659
2020-03-12,41.15999984741211,10039.9501953125,9590.150390625,-0.08301938801064712
2020-03-13,51.470001220703125,9107.599609375,9955.2001953125,0.03806507612689369
2020-03-16,58.880001068115234,9587.7998046875,9197.400390625,-0.07612100106679087
2020-03-17,62.93000030517578,9285.400390625,8967.0498046875,-0.02504518409052825
2020-03-18,63.959999084472656,9088.4501953125,8468.7998046875,-0.05556454027271507
2020-03-19,72.19999694824219,8063.2998046875,8263.4501953125,-0.024247781753128472
2020-03-20,67.0999984741211,8284.4501953125,8745.4501953125,0.058329146858465686
2020-03-23,71.98999786376953,7945.7001953125,7610.25,-0.12980466070471242
2020-03-24,83.61000061035156,7848.2998046875,7801.0498046875,0.02507142402516349
2020-03-25,77.62999725341797,7735.14990234375,8317.849609375,0.06624746894667499
2020-03-26,71.52999877929688,8451.0,8641.4501953125,0.038904356430389475
2020-03-27,70.38999938964844,8949.099609375,8660.25,0.0021755381634551707
2020-03-30,71.88999938964844,8385.9501953125,8281.099609375,-0.04378053643081892
2020-03-31,64.41000366210938,8529.349609375,8597.75,0.03823772271336057
2020-04-01,60.04999923706055,8584.099609375,8253.7998046875,-0.04000467509668226
2020-04-03,55.29999923706055,8356.5498046875,8083.7998046875,-0.020596574186770744
2020-04-07,51.79999923706055,8446.2998046875,8792.2001953125,0.08763210467115035
2020-04-08,52.2400016784668,8688.900390625,8748.75,-0.004941902407507137
2020-04-09,49.75,8973.0498046875,9111.900390625,0.04150883161880259
2020-04-13,51.459999084472656,9103.9501953125,8993.849609375,-0.01295567073707915
2020-04-15,49.7400016784668,9196.400390625,8925.2998046875,-0.007621853562688519
2020-04-16,46.099998474121094,8851.25,8992.7998046875,0.007562771164790316
2020-04-17,42.59000015258789,9323.4501953125,9266.75,0.03046328187687486
2020-04-20,43.459999084472656,9390.2001953125,9261.849609375,-0.0005288143766692954
2020-04-21,45.20000076293945,9016.9501953125,8981.4501953125,-0.030274667144095657
2020-04-22,42.81999969482422,9026.75,9187.2998046875,0.02291941778872575
2020-04-23,39.22999954223633,9232.349609375,9313.900390625,0.01377995587701486
2020-04-24,39.119998931884766,9163.900390625,9154.400390625,-0.017124941572334906
2020-04-27,38.040000915527344,9259.7001953125,9282.2998046875,0.013971358975458648
2020-04-28,35.349998474121094,9389.7998046875,9380.900390625,0.010622430648890235
2020-04-29,33.84000015258789,9408.599609375,9553.349609375,0.018383013524196468
2020-04-30,33.9900016784668,9753.5,9859.900390625,0.03208830345213909
2020-05-04,43.66999816894531,9533.5,9293.5,-0.05744483901313502
2020-05-05,43.61000061035156,9429.400390625,9205.599609375,-0.009458265521601117
2020-05-06,41.25,9226.7998046875,9270.900390625,0.007093593467121684
2020-05-07,39.93000030517578,9234.0498046875,9199.0498046875,-0.007750119504051356
2020-05-08,38.40999984741211,9376.9501953125,9251.5,0.0057016970693835045
2020-05-11,38.040000915527344,9348.150390625,9239.2001953125,-0.0013294930214019507
2020-05-12,38.209999084472656,9168.849609375,9196.5498046875,-0.004616242718351149
2020-05-13,38.84000015258789,9584.2001953125,9383.5498046875,0.02033371253039773
2020-05-14,38.18000030517578,9213.9501953125,9142.75,-0.025661909373274727
2020-05-15,38.02000045776367,9182.400390625,9136.849609375,-0.0006453627874545287
2020-05-18,40.91999816894531,9158.2998046875,8823.25,-0.034322509703259896
2020-05-19,39.45000076293945,8961.7001953125,8879.099609375,0.00632982284022332
2020-05-20,35.810001373291016,8889.150390625,9066.5498046875,0.021111396826158035
2020-05-21,32.9900016784668,9079.4501953125,9106.25,0.004378754451001221
2020-05-22,32.380001068115234,9067.900390625,9039.25,-0.0073575840768702605
2020-05-26,31.469999313354492,9099.75,9029.0498046875,-0.0011284338094974533
2020-05-27,31.270000457763672,9082.2001953125,9314.9501953125,0.03166450477176164
2020-05-28,30.020000457763672,9364.9501953125,9490.099609375,0.018803043536468778
2020-05-29,30.219999313354492,9422.2001953125,9580.2998046875,0.009504662651105722
2020-06-01,30.739999771118164,9726.849609375,9826.150390625,0.025662097319460564
2020-06-02,30.1200008392334,9880.849609375,9979.099609375,0.015565527970742954
2020-06-03,30.040000915527344,10108.2998046875,10061.5498046875,0.008262288035990828
2020-06-04,29.690000534057617,10054.25,10029.099609375,-0.003225168681009971
2020-06-05,28.68000030517578,10093.7998046875,10142.150390625,0.011272276241460544
2020-06-08,29.649999618530273,10326.75,10167.4501953125,0.002494520758722585
2020-06-09,30.209999084472656,10181.150390625,10046.650390625,-0.011881032349997822
2020-06-10,29.440000534057617,10072.599609375,10116.150390625,0.006917728526201428
2020-06-11,29.65999984741211,10094.099609375,9902.0,-0.021169158460066062
2020-06-12,30.81999969482422,9544.9501953125,9972.900390625,0.00716020911179549
2020-06-15,32.58000183105469,9919.349609375,9813.7001953125,-0.015963279394844432
2020-06-16,32.970001220703125,10014.7998046875,9914.0,0.010220386061458031
2020-06-17,33.349998474121094,9876.7001953125,9881.150390625,-0.0033134566648174157
2020-06-18,31.459999084472656,9863.25,10091.650390625,0.021303187551898528
2020-06-19,29.969999313354492,10119.0,10244.400390625,0.015136275444292302
2020-06-22,30.459999084472656,10318.75,10311.2001953125,0.006520616350433883
2020-06-23,29.34000015258789,10347.9501953125,10471.0,0.015497691991291696
2020-06-24,29.579999923706055,10529.25,10305.2998046875,-0.015824677233549855
2020-06-25,29.729999542236328,10235.5498046875,10288.900390625,-0.001591357298992957
2020-06-26,28.739999771118164,10378.900390625,10383.0,0.00914574014738645
2020-06-29,28.90999984741211,10311.9501953125,10312.400390625,-0.006799538608783573
2020-06-30,29.1200008392334,10382.599609375,10302.099609375,-0.0009988732845714887
2020-07-01,28.1200008392334,10323.7998046875,10430.0498046875,0.012419817334717198
2020-07-02,26.510000228881836,10493.0498046875,10551.7001953125,0.011663452514898642
2020-07-03,25.770000457763672,10614.9501953125,10607.349609375,0.005273976044848361
2020-07-06,25.200000762939453,10723.849609375,10763.650390625,0.014735139974255018
2020-07-07,25.100000381469727,10802.849609375,10799.650390625,0.003344590235981215
2020-07-08,26.100000381469727,10818.650390625,10705.75,-0.00869476207364206
2020-07-09,24.90999984741211,10755.5498046875,10813.4501953125,0.010060032721901813
2020-07-10,24.940000534057617,10764.099609375,10768.0498046875,-0.004198511095439339
2020-07-13,25.25,10851.849609375,10802.7001953125,0.003217889149241815
2020-07-14,26.63999938964844,10750.849609375,10607.349609375,-0.01808349601540049
2020-07-15,26.290000915527344,10701.0,10618.2001953125,0.0010229309240368245
2020-07-16,25.36000061035156,10706.2001953125,10739.9501953125,0.011466161662100571
2020-07-17,24.15999984741211,10752.0,10901.7001953125,0.01506059125586967
2020-07-20,24.709999084472656,10999.4501953125,11022.2001953125,0.011053321760931656
2020-07-21,24.43000030517578,11126.099609375,11162.25,0.012706156865764484
2020-07-22,24.88999938964844,11231.2001953125,11132.599609375,-0.0026563094918139463
2020-07-23,24.63999938964844,11135.0,11215.4501953125,0.007442159858846331
2020-07-24,24.540000915527344,11149.9501953125,11194.150390625,-0.0018991484351116306
2020-07-27,25.020000457763672,11225.0,11131.7998046875,-0.005569925698846956
2020-07-28,23.63999938964844,11154.099609375,11300.5498046875,0.0151592736988444
2020-07-29,24.11000061035156,11276.900390625,11202.849609375,-0.008645614328603224
2020-07-30,24.729999542236328,11254.2998046875,11102.150390625,-0.008988714680747911
2020-07-31,24.190000534057617,11139.5,11073.4501953125,-0.002585102372305803
2020-08-03,25.190000534057617,11057.5498046875,10891.599609375,-0.016422215545293994
2020-08-04,23.81999969482422,10946.650390625,11095.25,0.018697932161379383
2020-08-05,23.56999969482422,11155.75,11101.650390625,0.0005768586219327965
2020-08-06,23.149999618530273,11185.7001953125,11200.150390625,0.008872554668374333
2020-08-07,22.579999923706055,11186.650390625,11214.0498046875,0.0012410024488720417
2020-08-10,22.510000228881836,11270.25,11270.150390625,0.005002705259437024
2020-08-11,21.36000061035156,11322.25,11322.5,0.004644978776729314
2020-08-12,20.850000381469727,11289.0,11308.400390625,-0.0012452735151247118
2020-08-13,20.56999969482422,11334.849609375,11300.4501953125,-0.0007030344733010008
2020-08-14,21.670000076293945,11353.2998046875,11178.400390625,-0.010800437378868932
2020-08-17,21.309999465942383,11248.900390625,11247.099609375,0.0061457110453491115
2020-08-18,20.43000030517578,11259.7998046875,11385.349609375,0.012292057935075373
2020-08-19,19.959999084472656,11452.150390625,11408.400390625,0.002024600213507588
2020-08-20,20.6200008392334,11317.4501953125,11312.2001953125,-0.008432399987605033
2020-08-21,19.940000534057617,11409.650390625,11371.599609375,0.005250916093857194
2020-08-24,19.229999542236328,11412.0,11466.4501953125,0.008341006471886514
2020-08-25,19.31999969482422,11513.099609375,11472.25,0.0005058064691958464
2020-08-26,19.299999237060547,11512.849609375,11549.599609375,0.0067423225064831005
2020-08-27,18.899999618530273,11609.2998046875,11559.25,0.0008355606212675504
2020-08-28,18.350000381469727,11602.9501953125,11647.599609375,0.007643195654994939
2020-08-31,22.84000015258789,11777.5498046875,11387.5,-0.022330747801946216
2020-09-01,21.799999237060547,11464.2998046875,11470.25,0.007266739846322645
2020-09-02,21.11000061035156,11478.5498046875,11535.0,0.005645038251127943
2020-09-03,20.5,11566.2001953125,11527.4501953125,-0.0006545127600779965
2020-09-04,22.149999618530273,11354.400390625,11333.849609375,-0.016794744948559814
2020-09-07,22.010000228881836,11359.599609375,11355.0498046875,0.0018705202595032944
2020-09-08,22.719999313354492,11378.5498046875,11317.349609375,-0.0033201259317187093
2020-09-09,22.229999542236328,11218.599609375,11278.0,-0.003476927967516641
2020-09-10,21.260000228881836,11363.2998046875,11449.25,0.015184429863450921
2020-09-11,20.709999084472656,11447.7998046875,11464.4501953125,0.0013276149365679668
2020-09-14,21.190000534057617,11540.150390625,11440.0498046875,-0.0021283524468515003
2020-09-15,20.600000381469727,11487.2001953125,11521.7998046875,0.007145947910690342
2020-09-16,19.65999984741211,11538.4501953125,11604.5498046875,0.0071820376506051
2020-09-17,20.100000381469727,11539.400390625,11516.099609375,-0.007622027291120936
2020-09-18,20.049999237060547,11584.099609375,11504.9501953125,-0.0009681588767627147
2020-09-21,22.190000534057617,11503.7998046875,11250.5498046875,-0.02211225483867385
2020-09-22,21.40999984741211,11301.75,11153.650390625,-0.00861286032635733
2020-09-23,20.989999771118164,11258.75,11131.849609375,-0.0019545871070447696
2020-09-24,23.510000228881836,11011.0,10805.5498046875,-0.029312272096516434
2020-09-25,20.68000030517578,10910.400390625,11050.25,0.022645788482354545
2020-09-28,19.56999969482422,11140.849609375,11227.5498046875,0.016044868187371275
2020-09-29,19.770000457763672,11288.599609375,11222.400390625,-0.0004586409458945395
2020-09-30,19.530000686645508,11244.4501953125,11247.5498046875,0.002241001317642377
2020-10-01,18.350000381469727,11364.4501953125,11416.9501953125,0.015061092732783665
2020-10-05,19.700000762939453,11487.7998046875,11503.349609375,0.0075676439490797165
2020-10-06,19.63999938964844,11603.4501953125,11662.400390625,0.013826475474619793
2020-10-07,20.059999465942383,11679.25,11738.849609375,0.006555187284725372
2020-10-08,20.3799991607666,11835.400390625,11834.599609375,0.008156676606839941
2020-10-09,20.3799991607666,11852.0498046875,11914.2001953125,0.0067260903253916204
2020-10-12,21.1299991607666,11973.5498046875,11930.9501953125,0.0014058853909966196
2020-10-13,20.719999313354492,11934.650390625,11934.5,0.0002975290843887368
2020-10-14,20.209999084472656,11917.400390625,11971.0498046875,0.0030625333853533387
2020-10-15,22.059999465942383,12023.4501953125,11680.349609375,-0.02428360085835335
2020-10-16,21.649999618530273,11727.400390625,11762.4501953125,0.007028949362235082
2020-10-19,21.81999969482422,11879.2001953125,11873.0498046875,0.009402769621849272
2020-10-20,22.690000534057617,11861.0,11896.7998046875,0.002000328507897331
2020-10-21,22.920000076293945,11958.5498046875,11937.650390625,0.0034337457642519276
2020-10-22,22.63999938964844,11890.0,11896.4501953125,-0.0034512817819539743
2020-10-23,21.829999923706055,11957.900390625,11930.349609375,0.0028495402835257977
2020-10-26,22.829999923706055,11937.400390625,11767.75,-0.013629073304543216
2020-10-27,22.200000762939453,11807.099609375,11889.400390625,0.010337608346965288
2020-10-28,23.280000686645508,11922.599609375,11729.599609375,-0.013440608945763599
2020-10-29,24.020000457763672,11633.2998046875,11670.7998046875,-0.005012942184360991
2020-10-30,24.75,11678.4501953125,11642.400390625,-0.002433373422367602
2020-11-02,25.209999084472656,11697.349609375,11669.150390625,0.002297636149117599
2020-11-03,24.239999771118164,11734.4501953125,11813.5,0.01237019016319918
2020-11-04,23.200000762939453,11783.349609375,11908.5,0.008041647267956087
2020-11-05,20.969999313354492,12062.400390625,12120.2998046875,0.017785598915690537
2020-11-06,20.5,12156.650390625,12263.5498046875,0.011819014571289532
2020-11-09,20.11000061035156,12399.400390625,12461.0498046875,0.016104635537461442
2020-11-10,21.579999923706055,12556.400390625,12631.099609375,0.01364650710436388
2020-11-11,22.030000686645508,12680.599609375,12749.150390625,0.009346041508720315
2020-11-12,20.6200008392334,12702.150390625,12690.7998046875,-0.004576821525331454
2020-11-13,19.700000762939453,12659.7001953125,12719.9501953125,0.002296970330761372
2020-11-17,19.799999237060547,12932.5,12874.2001953125,0.012126619808373373
2020-11-18,19.1200008392334,12860.099609375,12938.25,0.004975051165572175
2020-11-19,19.56999969482422,12839.5,12771.7001953125,-0.01287266861341374
2020-11-20,19.6200008392334,12813.400390625,12859.0498046875,0.00683930941371913
2020-11-23,20.799999237060547,12960.2998046875,12926.4501953125,0.005241475198302092
2020-11-24,21.059999465942383,13002.599609375,13055.150390625,0.0099563448098976
2020-11-25,23.1299991607666,13130.0,12858.400390625,-0.015070680468092346
2020-11-26,20.020000457763672,12906.4501953125,12987.0,0.010001213639976747
2020-11-27,19.81999969482422,13012.0498046875,12968.9501953125,-0.001389836350773832
2020-12-01,20.18000030517578,13062.2001953125,13109.0498046875,0.010802694687318537
2020-12-02,19.90999984741211,13121.400390625,13113.75,0.0003585458429504751
2020-12-03,19.0,13215.2998046875,13133.900390625,0.0015365849299400214
2020-12-04,18.030000686645508,13177.400390625,13258.5498046875,0.009490662358873525
2020-12-07,18.020000457763672,13264.849609375,13355.75,0.007331133249439903
2020-12-08,18.6200008392334,13393.849609375,13392.9501953125,0.002785331809333158
2020-12-09,18.920000076293945,13458.099609375,13529.099609375,0.010165752285866914
2020-12-10,18.709999084472656,13488.5,13478.2998046875,-0.0037548548058806697
2020-12-11,18.790000915527344,13512.2998046875,13513.849609375,0.002637558535026452
2020-12-14,19.399999618530273,13571.4501953125,13558.150390625,0.0032781762806703973
2020-12-15,19.350000381469727,13547.2001953125,13567.849609375,0.0007153791977927426
2020-12-16,19.200000762939453,13663.099609375,13682.7001953125,0.008464907059269056
2020-12-17,19.15999984741211,13713.5498046875,13740.7001953125,0.004238929390550483
2020-12-18,18.6200008392334,13764.400390625,13760.5498046875,0.0014445849987885229
2020-12-21,23.190000534057617,13741.900390625,13328.400390625,-0.0314049525779333
2020-12-22,21.989999771118164,13373.650390625,13466.2998046875,0.010346283876607965
2020-12-23,20.5,13473.5,13601.099609375,0.010010159185716239
2020-12-24,19.969999313354492,13672.150390625,13749.25,0.01089253037474136
2020-12-28,20.43000030517578,13815.150390625,13873.2001953125,0.009015051389166695
2020-12-29,20.790000915527344,13910.349609375,13932.599609375,0.004281594241144937
2020-12-30,21.11000061035156,13980.900390625,13981.9501953125,0.003542094606974411
2020-12-31,21.100000381469727,13970.0,13981.75,-1.4318125132972703e-05
2021-01-04,20.030000686645508,14104.349609375,14132.900390625,0.010810548795751496
2021-01-05,20.459999084472656,14075.150390625,14199.5,0.004712380865514287
2021-01-06,21.0,14240.9501953125,14146.25,-0.0037501320469031096
2021-01-07,20.6200008392334,14253.75,14137.349609375,-0.0006291696120880319
2021-01-08,20.63999938964844,14258.400390625,14347.25,0.014847223590326086
2021-01-11,22.3799991607666,14474.0498046875,14484.75,0.009583718134137165
2021-01-12,22.850000381469727,14473.7998046875,14563.4501953125,0.005433314024232416
2021-01-13,23.290000915527344,14639.7998046875,14564.849609375,9.609083312889233e-05
2021-01-14,23.030000686645508,14550.0498046875,14595.599609375,0.002111247340323086
2021-01-15,24.010000228881836,14594.349609375,14433.7001953125,-0.011092344158201595
2021-01-18,24.399999618530273,14453.2998046875,14281.2998046875,-0.010558650142566628
2021-01-19,22.899999618530273,14371.650390625,14521.150390625,0.016794730817062842
2021-01-20,21.549999237060547,14538.2998046875,14644.7001953125,0.008508265623863087
2021-01-21,22.18000030517578,14730.9501953125,14590.349609375,-0.0037112802046228577
2021-01-25,23.25,14477.7998046875,14238.900390625,-0.024087785979040377
2021-01-27,24.38999938964844,14237.9501953125,13967.5,-0.019060488041877988
2021-01-28,24.290000915527344,13810.400390625,13817.5498046875,-0.010735650281904374
2021-01-29,25.34000015258789,13946.599609375,13634.599609375,-0.013240422354072856
2021-02-01,23.31999969482422,13758.599609375,14281.2001953125,0.047423511101338356
2021-02-02,23.350000381469727,14481.099609375,14647.849609375,0.02567357148195737
2021-02-03,23.75,14754.900390625,14789.9501953125,0.009701122671723184
2021-02-04,23.1200008392334,14789.0498046875,14895.650390625,0.0071467580293813615
2021-02-05,23.420000076293945,14952.599609375,14924.25,0.0019199973566108586
2021-02-08,23.959999084472656,15064.2998046875,15115.7998046875,0.01283480273296811
2021-02-09,24.270000457763672,15164.150390625,15109.2998046875,-0.0004300136336804483
2021-02-10,23.950000762939453,15119.0498046875,15106.5,-0.00018530340410816137
2021-02-11,23.049999237060547,15073.25,15173.2998046875,0.004421924647502795
2021-02-12,22.040000915527344,15186.2001953125,15163.2998046875,-0.0006590524229219685
2021-02-16,21.780000686645508,15371.4501953125,15313.4501953125,0.009902223959100453
2021-02-18,21.540000915527344,15238.7001953125,15118.9501953125,-0.012701252658237516
2021-02-19,22.25,15074.7998046875,14981.75,-0.009074717063029758
2021-02-22,25.469999313354492,14999.0498046875,14675.7001953125,-0.020428174591586412
2021-02-23,25.229999542236328,14782.25,14707.7998046875,0.0021872625461001327
2021-02-24,24.170000076293945,14729.150390625,14982.0,0.01864318245786234
2021-02-25,22.88999938964844,15079.849609375,15097.349609375,0.007699213013950157
2021-02-26,28.13999938964844,14888.599609375,14529.150390625,-0.03763569324758598
2021-03-01,25.6299991607666,14702.5,14761.5498046875,0.015995389118723446
2021-03-02,23.61000061035156,14865.2998046875,14919.099609375,0.010672985341787733
2021-03-03,22.09000015258789,15064.400390625,15245.599609375,0.021884698711632122
2021-03-04,24.149999618530273,15026.75,15080.75,-0.010812930524138231
2021-03-05,25.559999465942383,14977.9501953125,14938.099609375,-0.009459104528952489
2021-03-08,24.68000030517578,15002.4501953125,14956.2001953125,0.0012117060677612201
2021-03-09,22.5,15049.900390625,15098.400390625,0.00950777560179139
2021-03-10,20.75,15202.150390625,15174.7998046875,0.005060099883821945
2021-03-12,21.709999084472656,15321.150390625,15030.9501953125,-0.009479506235763657
2021-03-15,21.229999542236328,15048.400390625,14929.5,-0.006749419963093084
2021-03-16,20.190000534057617,14996.099609375,14910.4501953125,-0.001275984104457617
2021-03-17,20.15999984741211,14946.5498046875,14721.2998046875,-0.012685759862868795
2021-03-18,20.079999923706055,14855.5,14557.849609375,-0.011102973071742905
2021-03-19,19.989999771118164,14471.150390625,14744.0,0.012786942826028547
2021-03-22,20.489999771118164,14736.2998046875,14736.400390625,-0.000515437423697751
2021-03-23,20.670000076293945,14768.5498046875,14814.75,0.00531673999743143
2021-03-24,22.459999084472656,14712.4501953125,14549.400390625,-0.017911176994211853
2021-03-25,22.700000762939453,14570.900390625,14324.900390625,-0.015430189146808937
2021-03-26,20.649999618530273,14506.2998046875,14507.2998046875,0.012733031929623273
2021-03-30,20.489999771118164,14628.5,14845.099609375,0.02328481586755049
2021-03-31,20.649999618530273,14811.849609375,14690.7001953125,-0.010400699094332388
2021-04-01,19.989999771118164,14798.400390625,14867.349609375,0.012024574166918489
2021-04-05,21.219999313354492,14837.7001953125,14637.7998046875,-0.015439860548026041
2021-04-06,20.84000015258789,14737.0,14683.5,0.003122067245233451
2021-04-07,20.25,14716.4501953125,14819.0498046875,0.009231436965811968
2021-04-08,20.309999465942383,14875.650390625,14873.7998046875,0.0036945688638336804
2021-04-09,19.790000915527344,14882.650390625,14834.849609375,-0.0026187118170183377
2021-04-12,23.0,14644.650390625,14310.7998046875,-0.03532558930400764
2021-04-13,20.459999084472656,14364.900390625,14504.7998046875,0.013556195506029933
2021-04-15,20.88999938964844,14522.400390625,14581.4501953125,0.005284484560774683
2021-04-16,20.399999618530273,14599.599609375,14617.849609375,0.002496282165007191
2021-04-19,22.489999771118164,14306.599609375,14359.4501953125,-0.017676978554819645
2021-04-20,22.43000030517578,14526.7001953125,14296.400390625,-0.004390823034999047
2021-04-22,23.030000686645508,14219.150390625,14406.150390625,0.007676757575422188
2021-04-23,22.690000534057617,14326.349609375,14341.349609375,-0.004498133053794207
2021-04-26,23.5,14449.4501953125,14485.0,0.010016518287169873
2021-04-27,23.079999923706055,14493.7998046875,14653.0498046875,0.011601643402658013
2021-04-28,22.579999923706055,14710.5,14864.5498046875,0.014433855260107098
2021-04-29,23.309999465942383,14979.0,14894.900390625,0.0020418099664161193
2021-04-30,23.030000686645508,14747.349609375,14631.099609375,-0.017710812045177438
2021-05-03,23.690000534057617,14481.0498046875,14634.150390625,0.00020851346320172048
2021-05-04,23.010000228881836,14687.25,14496.5,-0.00940610742344028
2021-05-06,22.040000915527344,14668.349609375,14724.7998046875,0.01574861550632911
2021-05-07,20.81999969482422,14816.849609375,14823.150390625,0.006679247748155426
2021-05-10,20.229999542236328,14928.25,14942.349609375,0.008041422748121585
2021-05-12,20.079999923706055,14823.5498046875,14696.5,-0.016453209555527426
2021-05-14,20.270000457763672,14749.400390625,14677.7998046875,-0.0012724250884564858
2021-05-17,19.61000061035156,14756.25,14923.150390625,0.01671576048197254
2021-05-18,19.239999771118164,15067.2001953125,15108.099609375,0.012393443335275034
2021-05-19,19.31999969482422,15058.599609375,15030.150390625,-0.005159432408138875
2021-05-21,19.079999923706055,14987.7998046875,15175.2998046875,0.009657216347817466
2021-05-24,19.1299991607666,15211.349609375,15197.7001953125,0.001476108604989923
2021-05-26,20.8700008392334,15257.0498046875,15301.4501953125,0.006826690793124035
2021-05-27,19.90999984741211,15323.9501953125,15337.849609375,0.002378821196545866
2021-05-28,17.399999618530273,15421.2001953125,15435.650390625,0.006376433707514062
2021-06-01,17.389999389648438,15629.650390625,15574.849609375,0.009018033916766033
2021-06-02,17.209999084472656,15520.349609375,15576.2001953125,8.67158252806366e-05
2021-06-03,15.75,15655.5498046875,15690.349609375,0.0073284506253876724
2021-06-04,15.9399995803833,15712.5,15670.25,-0.001281017305247989
2021-06-07,15.56999969482422,15725.099609375,15751.650390625,0.0051945814919991395
2021-06-08,15.229999542236328,15773.900390625,15740.099609375,-0.0007333060957773752
2021-06-09,14.75,15766.2998046875,15635.349609375,-0.006654976944212576
2021-06-10,15.0,15692.099609375,15737.75,0.0065492869160790335
2021-06-11,14.100000381469728,15796.4501953125,15799.349609375,0.003914130633349666
2021-06-14,14.720000267028809,15791.400390625,15811.849609375,0.0007911718082738162
2021-06-15,14.609999656677246,15866.9501953125,15869.25,0.003630213545097627
2021-06-16,14.869999885559082,15847.5,15767.5498046875,-0.006408632752808119
2021-06-17,15.289999961853027,15648.2998046875,15691.400390625,-0.0048295020472909345
2021-06-18,14.800000190734863,15756.5,15683.349609375,-0.000513069646403852
2021-06-21,15.0600004196167,15525.849609375,15746.5,0.004026588209654625
2021-06-22,14.739999771118164,15840.5,15772.75,0.0016670371193598932
2021-06-23,15.369999885559082,15862.7998046875,15686.9501953125,-0.005439749231269109
2021-06-24,15.100000381469728,15737.2998046875,15790.4501953125,0.006597840798329813
2021-06-25,13.369999885559082,15839.349609375,15860.349609375,0.0044266891189239654
2021-06-28,13.399999618530272,15915.349609375,15814.7001953125,-0.0028782098242977616
2021-06-29,13.0,15807.5,15748.4501953125,-0.0041891404314852165
2021-06-30,13.050000190734863,15776.900390625,15721.5,-0.0017112919035373597
2021-07-01,12.84000015258789,15755.0498046875,15680.0,-0.002639697229908089
2021-07-02,12.09000015258789,15705.849609375,15722.2001953125,0.002691338986766656
2021-07-06,12.279999732971191,15813.75,15818.25,0.006109183415444308
2021-07-07,12.210000038146973,15819.599609375,15879.650390625,0.0038816171589777237
2021-07-08,13.5600004196167,15855.400390625,15727.900390625,-0.0095562557277451
2021-07-09,12.9399995803833,15688.25,15689.7998046875,-0.0024224839292732447
2021-07-12,12.989999771118164,15766.7998046875,15692.599609375,0.00017844744498685117
2021-07-13,12.619999885559082,15794.0,15812.349609375,0.007630985495128417
2021-07-14,12.59000015258789,15808.7001953125,15853.9501953125,0.0026308921169333477
2021-07-15,12.270000457763672,15872.150390625,15924.2001953125,0.004431072328003882
2021-07-16,11.710000038146973,15958.349609375,15923.400390625,-5.0225736783704455e-05
2021-07-19,12.68000030517578,15754.5,15752.400390625,-0.010738912280361723
2021-07-20,13.210000038146973,15703.9501953125,15632.099609375,-0.0076369809214345
2021-07-22,11.890000343322754,15736.599609375,15824.0498046875,0.012279233123449584
2021-07-23,11.760000228881836,15856.7998046875,15856.0498046875,0.002022238326785386
2021-07-26,12.449999809265137,15849.2998046875,15824.4501953125,-0.0019929055322251976
2021-07-27,13.229999542236328,15860.5,15746.4501953125,-0.004929081202650898
2021-07-28,13.6899995803833,15761.5498046875,15709.400390625,-0.002352898858342667
2021-07-29,12.949999809265137,15762.7001953125,15778.4501953125,0.004395444954646832
2021-07-30,12.800000190734863,15800.599609375,15763.0498046875,-0.000976039499086867
2021-08-02,12.8100004196167,15874.900390625,15885.150390625,0.007746000136419795
2021-08-03,13.75,15951.5498046875,16130.75,0.015460955882416139
2021-08-04,13.210000038146973,16195.25,16258.7998046875,0.007938242467802281
2021-08-05,12.869999885559082,16288.9501953125,16294.599609375,0.0022018725316477195
2021-08-06,12.609999656677246,16304.400390625,16238.2001953125,-0.003461233501561467
2021-08-09,12.609999656677246,16281.349609375,16258.25,0.0012347307242392969
2021-08-10,12.710000038146973,16274.7998046875,16280.099609375,0.0013439090538649445
2021-08-11,12.710000038146973,16327.2998046875,16282.25,0.00013208706805212245
2021-08-12,12.369999885559082,16303.650390625,16364.400390625,0.005045395484346349
2021-08-13,12.989999771118164,16385.69921875,16529.099609375,0.010064482340847336
2021-08-16,13.460000038146973,16518.400390625,16563.05078125,0.002054024277023725
2021-08-17,13.40999984741211,16545.25,16614.599609375,0.0031122785775283823
2021-08-18,12.90999984741211,16691.94921875,16568.849609375,-0.00275360231817956
2021-08-20,14.020000457763672,16382.5,16450.5,-0.007142898400624986
2021-08-23,13.6899995803833,16592.25,16496.44921875,0.0027931806783987323
2021-08-24,13.1899995803833,16561.400390625,16624.599609375,0.007768362083601765
2021-08-25,13.5,16654.0,16634.650390625,0.0006045728309951315
2021-08-26,13.539999961853027,16627.94921875,16636.900390625,0.00013525983096518424
2021-08-27,13.40999984741211,16642.55078125,16705.19921875,0.004105261588480014
2021-08-30,13.31999969482422,16775.849609375,16931.05078125,0.013519836521704187
2021-08-31,14.520000457763672,16947.5,17132.19921875,0.011880446175423387
2021-09-01,14.1899995803833,17185.599609375,17076.25,-0.00326573477436376
2021-09-02,14.239999771118164,17095.400390625,17234.150390625,0.009246783727399066
2021-09-03,14.539999961853027,17262.44921875,17323.599609375,0.005190230833697296
2021-09-06,15.109999656677246,17399.349609375,17377.80078125,0.0031287476677577253
2021-09-07,14.899999618530272,17401.55078125,17362.099609375,-0.0009035189246697772
2021-09-08,14.40999984741211,17375.75,17353.5,-0.0004953092983268625
2021-09-09,13.9399995803833,17312.849609375,17369.25,0.0009075978909154347
2021-09-13,14.029999732971191,17363.55078125,17355.30078125,-0.000803098507419775
2021-09-14,13.579999923706056,17420.349609375,17380.0,0.001423151293159064
2021-09-15,13.729999542236328,17387.650390625,17519.44921875,0.00802354538262362
2021-09-16,14.40999984741211,17539.19921875,17629.5,0.006281634763507293
2021-09-17,15.229999542236328,17709.650390625,17585.150390625,-0.002515647600612625
2021-09-20,17.489999771118164,17443.849609375,17396.900390625,-0.010705054879733056
2021-09-21,16.520000457763672,17450.5,17562.0,0.00949017386246398
2021-09-22,16.489999771118164,17580.900390625,17546.650390625,-0.0008740239935656202
2021-09-23,16.600000381469727,17670.849609375,17822.94921875,0.015746528367181822
2021-09-24,16.920000076293945,17897.44921875,17853.19921875,0.0016972499684944076
2021-09-27,18.049999237060547,17932.19921875,17855.099609375,0.00010644538279747096
2021-09-28,18.540000915527344,17906.44921875,17748.599609375,-0.0059646824901542495
2021-09-29,18.84000015258789,17657.94921875,17711.30078125,-0.0021015082285871234
2021-09-30,18.399999618530273,17718.900390625,17618.150390625,-0.005259376020738893
2021-10-01,17.209999084472656,17531.900390625,17532.05078125,-0.004886983449795879
2021-10-04,16.739999771118164,17615.55078125,17691.25,0.009080467581137563
2021-10-05,16.399999618530273,17661.349609375,17822.30078125,0.007407660919946268
2021-10-06,17.329999923706055,17861.5,17646.0,-0.009892144870289554
2021-10-07,16.15999984741211,17810.55078125,17790.349609375,0.008180302016037588
2021-10-08,15.649999618530272,17886.849609375,17895.19921875,0.005893622760496431
2021-10-11,16.09000015258789,17867.55078125,17945.94921875,0.0028359561343596074
2021-10-12,15.850000381469728,17915.80078125,17991.94921875,0.0025632525445875576
2021-10-13,16.100000381469727,18097.849609375,18161.75,0.00943759784921161
2021-10-14,15.770000457763672,18272.849609375,18338.55078125,0.009734787740718787
2021-10-18,17.18000030517578,18500.099609375,18477.05078125,0.007552396132719963
2021-10-19,17.3799991607666,18602.349609375,18418.75,-0.003155307734996393
2021-10-20,18.309999465942383,18439.900390625,18266.599609375,-0.008260625212080042
2021-10-21,18.040000915527344,18382.69921875,18178.099609375,-0.004844908296702255
2021-10-22,17.549999237060547,18230.69921875,18114.900390625,-0.003476668084567369
2021-10-25,17.610000610351562,18229.5,18125.400390625,0.000579633328010587
2021-10-26,16.75,18154.5,18268.400390625,0.007889480889700096
2021-10-27,16.829999923706055,18295.849609375,18210.94921875,-0.0031448386638428527
2021-10-28,17.90999984741211,18187.650390625,17857.25,-0.0194223384240636
2021-10-29,17.43000030517578,17833.05078125,17671.650390625,-0.010393515763905459
2021-11-01,17.239999771118164,17783.150390625,17929.650390625,0.014599655057507821
2021-11-02,17.059999465942383,17970.900390625,17888.94921875,-0.002270048271341696
2021-11-03,16.1299991607666,17947.94921875,17829.19921875,-0.0033400508475575075
2021-11-04,15.75,17935.05078125,17916.80078125,0.004913376165984751
2021-11-08,16.34000015258789,18040.19921875,18068.55078125,0.008469704042186388
2021-11-09,16.0,18084.349609375,18044.25,-0.001344921435271762
2021-11-10,16.309999465942383,17973.44921875,18017.19921875,-0.0014991358050348014
2021-11-11,16.350000381469727,17967.44921875,17873.599609375,-0.007970140510272006
2021-11-12,15.220000267028809,17977.599609375,18102.75,0.012820606684330382
2021-11-15,15.470000267028809,18140.94921875,18109.44921875,0.0003700663573213969
2021-11-16,15.199999809265137,18127.05078125,17999.19921875,-0.006087981951756416
2021-11-17,14.979999542236328,17939.349609375,17898.650390625,-0.005586294529162039
2021-11-18,14.859999656677246,17890.55078125,17764.80078125,-0.007478195643460861
2021-11-22,17.520000457763672,17796.25,17416.55078125,-0.019603372100156835
2021-11-23,18.020000457763672,17281.75,17503.349609375,0.004983697932798847
2021-11-24,17.100000381469727,17550.05078125,17415.05078125,-0.0050446817378146935
2021-11-25,16.65999984741211,17417.30078125,17536.25,0.006959452503032093
2021-11-26,20.799999237060547,17338.75,17026.44921875,-0.029071254187753914
2021-11-29,20.829999923706055,17055.80078125,17053.94921875,0.0016151341742889347
2021-11-30,21.170000076293945,17051.150390625,16983.19921875,-0.004148599194972014
2021-12-01,19.450000762939453,17104.400390625,17166.900390625,0.01081664117042136
2021-12-02,18.09000015258789,17183.19921875,17401.650390625,0.013674571102433752
2021-12-03,18.450000762939453,17424.900390625,17196.69921875,-0.01177768586739425
2021-12-06,20.079999923706055,17209.05078125,16912.25,-0.01654091957599968
2021-12-07,18.459999084472656,17044.099609375,17176.69921875,0.015636548581649423
2021-12-08,17.270000457763672,17315.25,17469.75,0.017060948527881648
2021-12-09,16.600000381469727,17524.400390625,17516.849609375,0.002696066593683266
2021-12-10,16.059999465942383,17476.05078125,17511.30078125,-0.00031677089480919296
2021-12-13,16.56999969482422,17619.099609375,17368.25,-0.008169055116863166
2021-12-14,16.950000762939453,17283.19921875,17324.900390625,-0.002495911181322197
2021-12-15,17.219999313354492,17323.650390625,17221.400390625,-0.005974060321640162
2021-12-16,15.899999618530272,17373.0,17248.400390625,0.0015678167505297491
2021-12-17,16.34000015258789,17276.0,16985.19921875,-0.01525945397337003
2021-12-20,18.969999313354492,16824.25,16614.19921875,-0.021842546279377872
2021-12-21,17.540000915527344,16773.150390625,16770.849609375,0.00942870544420904
2021-12-22,16.579999923706055,16865.55078125,16955.44921875,0.011007170994593363
2021-12-23,15.829999923706056,17066.80078125,17072.599609375,0.006909306212627531
2021-12-24,16.149999618530273,17149.5,17003.75,-0.004032754879180422
2021-12-27,17.1200008392334,16937.75,17086.25,0.004851870910828504
2021-12-28,16.479999542236328,17177.599609375,17233.25,0.008603409174043453
2021-12-29,16.239999771118164,17220.099609375,17213.599609375,-0.0011402602889762914
2021-12-30,16.56999969482422,17201.44921875,17203.94921875,-0.0005606259494814747
2021-12-31,16.219999313354492,17244.5,17354.05078125,0.008724831757606522
2022-01-03,16.450000762939453,17387.150390625,17625.69921875,0.015653315812207858
2022-01-04,16.1200008392334,17681.400390625,17805.25,0.01018687423526421
2022-01-05,17.229999542236328,17820.099609375,17925.25,0.0067395852346920915
2022-01-06,17.979999542236328,17768.5,17745.900390625,-0.010005417462796928
2022-01-07,17.600000381469727,17797.599609375,17812.69921875,0.003764183651131514
2022-01-10,17.68000030517578,17913.30078125,18003.30078125,0.010700318921871732
2022-01-11,17.760000228881836,17997.75,18055.75,0.002913311252602302
2022-01-12,17.18000030517578,18170.400390625,18212.349609375,0.008673115731830494
2022-01-13,16.700000762939453,18257.0,18257.80078125,0.0024956237305924223
2022-01-14,16.559999465942383,18185.0,18255.75,-0.00011232356375068253
2022-01-17,16.770000457763672,18235.650390625,18308.099609375,0.0028675682661627455
2022-01-18,17.780000686645508,18337.19921875,18113.05078125,-0.010653690567923424
2022-01-19,17.81999969482422,18129.19921875,17938.400390625,-0.00964224043394124
2022-01-20,17.790000915527344,17921.0,17757.0,-0.010112406160797005
2022-01-21,18.88999938964844,17613.69921875,17617.150390625,-0.007875745304668613
2022-01-24,22.829999923706055,17575.150390625,17149.099609375,-0.02656790518738339
2022-01-25,21.36000061035156,17001.55078125,17277.94921875,0.007513491221694313
2022-01-27,21.06999969482422,17062.0,17110.150390625,-0.00971173291462768
2022-01-28,20.700000762939453,17208.30078125,17101.94921875,-0.0004793161771092791
2022-01-31,21.950000762939453,17301.05078125,17339.849609375,0.0139107178709299
2022-02-01,19.979999542236328,17529.44921875,17576.849609375,0.013667938611870323
2022-02-02,18.649999618530273,17706.19921875,17780.0,0.011557838585399605
2022-02-03,19.15999984741211,17767.75,17560.19921875,-0.012362248664229525
2022-02-04,18.899999618530273,17590.19921875,17516.30078125,-0.0024998826581151823
2022-02-07,20.440000534057617,17456.30078125,17213.599609375,-0.017281112927623465
2022-02-08,19.68000030517578,17279.849609375,17266.75,0.0030876976246183574
2022-02-09,18.559999465942383,17370.099609375,17463.80078125,0.01141215233034587
2022-02-10,17.709999084472656,17554.099609375,17605.849609375,0.008133901085124018
2022-02-11,18.68000030517578,17451.0,17374.75,-0.01312629691281364
2022-02-14,22.979999542236328,17076.150390625,16842.80078125,-0.03061622289529342
2022-02-15,20.61000061035156,16933.25,17352.44921875,0.03025912638397754
2022-02-16,20.59000015258789,17408.44921875,17322.19921875,-0.0017432697608654735
2022-02-17,22.010000228881836,17396.55078125,17304.599609375,-0.001016014719190439
2022-02-18,22.170000076293945,17236.05078125,17276.30078125,-0.0016353356196504576
2022-02-21,22.899999618530273,17192.25,17206.650390625,-0.004031556958107085
2022-02-22,26.65999984741211,16847.94921875,17092.19921875,-0.006651566067580439
2022-02-23,24.540000915527344,17194.5,17063.25,-0.0016937094155936583
2022-02-24,31.979999542236328,16548.900390625,16247.9501953125,-0.04778103847083648
2022-02-25,26.739999771118164,16515.650390625,16658.400390625,0.025261660109649586
2022-02-28,28.56999969482422,16481.599609375,16793.900390625,0.008134034290366632
2022-03-02,29.229999542236328,16593.099609375,16605.94921875,-0.011191633122935585
2022-03-03,28.15999984741211,16723.19921875,16498.05078125,-0.00649757722841704
2022-03-04,27.959999084472656,16339.4501953125,16245.349609375,-0.015317032007332254
2022-03-07,29.329999923706055,15867.9501953125,15863.150390625,-0.02352668473994779
2022-03-08,28.59000015258789,15747.75,16013.4501953125,0.009474776509483585
2022-03-09,27.469999313354492,16078.0,16345.349609375,0.020726290088294297
2022-03-10,25.579999923706055,16757.099609375,16594.900390625,0.01526738719047449
2022-03-11,25.350000381469727,16528.80078125,16630.44921875,0.0021421537513466316
2022-03-14,25.68000030517578,16633.69921875,16871.30078125,0.014482565042708062
2022-03-15,26.729999542236328,16900.650390625,16663.0,-0.012346456503312231
2022-03-16,24.1200008392334,16876.650390625,16975.349609375,0.018745100484606647
2022-03-17,22.61000061035156,17202.900390625,17287.05078125,0.018361988356508263
2022-03-21,24.6200008392334,17329.5,17117.599609375,-0.009802202470463706
2022-03-22,24.06999969482422,17120.400390625,17315.5,0.011561223252155806
2022-03-23,24.75,17405.05078125,17245.650390625,-0.0040339354552280104
2022-03-24,23.93000030517578,17094.94921875,17222.75,-0.0013278937068936791
2022-03-25,23.43000030517578,17289.0,17153.0,-0.004049875890900112
2022-03-28,22.61000061035156,17181.849609375,17222.0,0.004022619949862971
2022-03-29,21.299999237060547,17297.19921875,17325.30078125,0.005998187274997013
2022-03-30,20.61000061035156,17468.150390625,17498.25,0.009982465582194733
2022-03-31,20.559999465942383,17519.19921875,17464.75,-0.001914477162001882
2022-04-01,18.43000030517578,17436.900390625,17670.44921875,0.011777965258592316
2022-04-04,17.90999984741211,17809.099609375,18053.400390625,0.021671841339984343
2022-04-05,18.489999771118164,18080.599609375,17957.400390625,-0.005317557796472028
2022-04-06,19.020000457763672,17842.75,17807.650390625,-0.008339180323571727
2022-04-07,19.0,17723.30078125,17639.55078125,-0.00943974110495216
2022-04-08,17.690000534057617,17698.150390625,17784.349609375,0.008208759390795572
2022-04-11,18.270000457763672,17740.900390625,17674.94921875,-0.006151497975913078
2022-04-12,18.15999984741211,17584.849609375,17530.30078125,-0.008183810641252287
2022-04-13,17.790000915527344,17599.900390625,17475.650390625,-0.0031174816283502382
2022-04-18,19.34000015258789,17183.44921875,17173.650390625,-0.017281188010147552
2022-04-19,19.770000457763672,17258.94921875,16958.650390625,-0.012519178806467801
2022-04-20,18.670000076293945,17045.25,17136.55078125,0.010490244596548015
2022-04-21,17.850000381469727,17234.599609375,17392.599609375,0.014941678252146096
2022-04-22,18.350000381469727,17242.75,17171.94921875,-0.012686452605167986
2022-04-25,21.260000228881836,17009.05078125,16953.94921875,-0.012695122564301942
2022-04-26,19.190000534057617,17121.30078125,17200.80078125,0.014560121616207233
2022-04-27,20.61000061035156,17073.349609375,17038.400390625,-0.009441443610115341
2022-04-28,19.3799991607666,17189.5,17245.05078125,0.012128508890934642
2022-04-29,19.420000076293945,17329.25,17102.55078125,-0.008263240381694681
2022-05-02,20.280000686645508,16924.44921875,17069.099609375,-0.0019559171203674675
2022-05-04,21.8799991607666,17096.599609375,16677.599609375,-0.022936183451936376
2022-05-05,20.290000915527344,16854.75,16682.650390625,0.00030284821366977077
2022-05-06,21.25,16415.55078125,16411.25,-0.0162684216398562
2022-05-09,22.030000686645508,16227.7001953125,16301.849609375,-0.006666182687180999
2022-05-10,22.299999237060547,16248.900390625,16240.0498046875,-0.003790968888092272
2022-05-11,22.799999237060547,16270.0498046875,16167.099609375,-0.0044919933245182175
2022-05-12,24.270000457763672,16021.099609375,15808.0,-0.022211752141785834
2022-05-13,23.489999771118164,15977.0,15782.150390625,-0.0016352232651188903
2022-05-16,24.530000686645508,15845.099609375,15842.2998046875,0.0038112305721171857
2022-05-17,22.739999771118164,15912.599609375,16259.2998046875,0.026321935902047233
2022-05-18,22.299999237060547,16318.150390625,16240.2998046875,-0.0011685620062508173
2022-05-19,24.559999465942383,15917.400390625,15809.400390625,-0.026532725334179386
2022-05-20,23.100000381469727,16043.7998046875,16266.150390625,0.028891038794289337
2022-05-23,23.399999618530273,16290.9501953125,16214.7001953125,-0.0031630222318707046
2022-05-24,25.63999938964844,16225.5498046875,16125.150390625,-0.005522754266735541
2022-05-25,25.280000686645508,16196.349609375,16025.7998046875,-0.006161219184365629
2022-05-26,22.719999313354492,16105.0,16170.150390625,0.009007387318995308
2022-05-27,21.479999542236328,16296.599609375,16352.4501953125,0.011273847198922216
2022-05-30,19.979999542236328,16527.900390625,16661.400390625,0.018893205092962884
2022-05-31,20.479999542236328,16578.44921875,16584.55078125,-0.004612433983534836
2022-06-01,20.850000381469727,16594.400390625,16522.75,-0.0037264067061659745
2022-06-02,20.31999969482422,16481.650390625,16628.0,0.006370004993115463
2022-06-03,19.979999542236328,16761.650390625,16584.30078125,-0.002628050201467391
2022-06-06,20.200000762939453,16530.69921875,16569.55078125,-0.0008893953501298846
2022-06-07,20.43000030517578,16469.599609375,16416.349609375,-0.009245946006475991
2022-06-08,19.84000015258789,16474.94921875,16356.25,-0.0036609606157923524
2022-06-09,19.13999938964844,16263.849609375,16478.099609375,0.00744972774168895
2022-06-10,19.579999923706055,16283.9501953125,16201.7998046875,-0.016767698414100085
2022-06-13,22.3700008392334,15877.5498046875,15774.400390625,-0.026379749115209128
2022-06-14,21.88999938964844,15674.25,15732.099609375,-0.00268160945598539
2022-06-15,22.149999618530273,15729.25,15692.150390625,-0.0025393443813560568
2022-06-16,22.8700008392334,15832.25,15360.599609375,-0.021128447854290244
2022-06-17,22.760000228881836,15272.650390625,15293.5,-0.00436829362663993
2022-06-20,22.40999984741211,15334.5,15350.150390625,0.0037042135956451006
2022-06-21,21.13999938964844,15455.9501953125,15638.7998046875,0.018804337854487096
2022-06-22,21.299999237060547,15545.650390625,15413.2998046875,-0.014419265085317434
2022-06-23,20.8799991607666,15451.5498046875,15556.650390625,0.009300447519609234
2022-06-24,20.549999237060547,15657.400390625,15699.25,0.009166472588529428
2022-06-27,21.010000228881836,15926.2001953125,15832.0498046875,0.008458990377725017
2022-06-28,21.450000762939453,15757.4501953125,15850.2001953125,0.0011464333961117568
2022-06-29,21.899999618530273,15701.7001953125,15799.099609375,-0.0032239710103227903
2022-06-30,21.84000015258789,15774.5,15780.25,-0.001193081241402827
2022-07-01,21.25,15703.7001953125,15752.0498046875,-0.0017870563085186086
2022-07-04,20.969999313354492,15710.5,15835.349609375,0.005288188249805481
2022-07-05,20.790000915527344,15909.150390625,15810.849609375,-0.0015471713984448465
2022-07-06,20.270000457763672,15818.2001953125,15989.7998046875,0.011318189707300252
2022-07-07,19.200000762939453,16113.75,16132.900390625,0.00894949203151052
2022-07-08,18.399999618530273,16273.650390625,16220.599609375,0.005436047866567373
2022-07-11,18.3700008392334,16136.150390625,16216.0,-0.00028356592763323363
2022-07-12,18.549999237060547,16126.2001953125,16058.2998046875,-0.0097249750439381
2022-07-13,18.520000457763672,16128.2001953125,15966.650390625,-0.005707292501522909
2022-07-14,18.34000015258789,16018.849609375,15938.650390625,-0.0017536552323109689
2022-07-15,17.600000381469727,16010.7998046875,16049.2001953125,0.0069359576863876615
2022-07-18,17.15999984741211,16151.400390625,16278.5,0.014287304158276504
2022-07-19,17.200000762939453,16187.0498046875,16340.5498046875,0.003811764271124396
2022-07-20,16.81999969482422,16562.80078125,16520.849609375,0.01103388850696918
2022-07-21,16.860000610351562,16523.55078125,16605.25,0.005108719746296009
2022-07-22,16.649999618530273,16661.25,16719.44921875,0.006877295960614926
2022-07-25,17.68000030517578,16662.55078125,16631.0,-0.005290199311757782
2022-07-26,18.170000076293945,16632.900390625,16483.849609375,-0.00884795806776506
2022-07-27,18.1299991607666,16475.349609375,16641.80078125,0.0095821774414373
2022-07-28,17.010000228881836,16774.849609375,16929.599609375,0.017293731123692924
2022-07-29,16.549999237060547,17079.5,17158.25,0.013505953826479233
2022-08-01,17.489999771118164,17243.19921875,17340.05078125,0.010595531668439406
2022-08-02,18.530000686645508,17310.150390625,17345.44921875,0.000311327663805816
2022-08-03,18.450000762939453,17349.25,17388.150390625,0.002461808358865669
2022-08-04,19.260000228881836,17463.099609375,17382.0,-0.0003537116074355806
2022-08-05,18.920000076293945,17423.650390625,17397.5,0.0008917270739845495
2022-08-08,19.299999237060547,17401.5,17525.099609375,0.007334364671648164
2022-08-10,19.59000015258789,17566.099609375,17534.75,0.0005506610997998429
2022-08-11,18.36000061035156,17711.650390625,17659.0,0.007085929368824795
2022-08-12,17.610000610351562,17659.650390625,17698.150390625,0.0022170219505635025
2022-08-16,17.68000030517578,17797.19921875,17825.25,0.007181519343531395
2022-08-17,17.68000030517578,17868.150390625,17944.25,0.006675923198833145
2022-08-18,17.350000381469727,17898.650390625,17956.5,0.0006826699360520383
2022-08-19,18.290000915527344,17966.55078125,17758.44921875,-0.011029475746944017
2022-08-22,19.040000915527344,17682.900390625,17490.69921875,-0.0150773300473388
2022-08-23,19.049999237060547,17357.349609375,17577.5,0.00496268217550444
2022-08-24,18.43000030517578,17525.44921875,17604.94921875,0.001561611079505143
2022-08-25,19.56999969482422,17679.0,17522.44921875,-0.004686182219266755
2022-08-26,18.219999313354492,17619.30078125,17558.900390625,0.002080255529346653
2022-08-29,19.81999969482422,17188.650390625,17312.900390625,-0.014009988924553851
2022-08-30,18.700000762939453,17414.94921875,17759.30078125,0.02578426378902554
2022-09-01,19.8700008392334,17485.69921875,17542.80078125,-0.012190795272107646
2022-09-02,19.549999237060547,17598.400390625,17539.44921875,-0.0001910505934481499
2022-09-05,19.65999984741211,17546.44921875,17665.80078125,0.007203850071011875
2022-09-06,19.520000457763672,17695.69921875,17655.599609375,-0.0005774531254664206
2022-09-07,19.3700008392334,17519.400390625,17624.400390625,-0.0017671004916441913
2022-09-08,18.309999465942383,17748.150390625,17798.75,0.009892512965589573
2022-09-09,17.719999313354492,17923.349609375,17833.349609375,0.0019439347917691308
2022-09-12,17.940000534057617,17890.849609375,17936.349609375,0.005775695663245095
2022-09-13,17.469999313354492,18044.44921875,18070.05078125,0.007454201929980142
2022-09-14,18.280000686645508,17771.150390625,18003.75,-0.0036690976717561608
2022-09-15,18.38999938964844,18046.349609375,17877.400390625,-0.007017960667916379
2022-09-16,19.81999969482422,17796.80078125,17530.849609375,-0.019384853148544656
2022-09-19,19.940000534057617,17540.650390625,17622.25,0.0052136885924867205
2022-09-20,18.799999237060547,17770.400390625,17816.25,0.011008809885230342
2022-09-21,19.329999923706055,17766.349609375,17718.349609375,-0.005495005437451739
2022-09-22,18.81999969482422,17609.650390625,17629.80078125,-0.004997577656902563
2022-09-23,20.59000015258789,17593.849609375,17327.349609375,-0.017155677232420508
2022-09-26,21.88999938964844,17156.30078125,17016.30078125,-0.017951321762256445
2022-09-27,21.56999969482422,17110.900390625,17007.400390625,-0.0005230508522044985
2022-09-28,22.100000381469727,16870.55078125,16858.599609375,-0.00874917846539458
2022-09-29,21.299999237060547,16993.599609375,16818.099609375,-0.0024023347691036756
2022-09-30,19.969999313354492,16798.05078125,17094.349609375,0.01642575596626905
2022-10-03,21.3700008392334,17102.099609375,16887.349609375,-0.012109264448790458
2022-10-04,19.56999969482422,17147.44921875,17274.30078125,0.02291367093271912
2022-10-06,19.31999969482422,17379.25,17331.80078125,0.0033286441360573793
2022-10-07,18.809999465942383,17287.19921875,17314.650390625,-0.0009895331040011834
2022-10-10,19.6200008392334,17094.349609375,17241.0,-0.00425364584114718
2022-10-11,20.489999771118164,17256.05078125,16983.55078125,-0.014932383199930399
2022-10-12,20.18000030517578,17025.55078125,17123.599609375,0.008246145339619648
2022-10-13,20.290000915527344,17087.349609375,17014.349609375,-0.006380083772817624
2022-10-14,18.260000228881836,17322.30078125,17185.69921875,0.010070888003887335
2022-10-17,18.420000076293945,17144.80078125,17311.80078125,0.007337586960815656
2022-10-18,17.450000762939453,17438.75,17486.94921875,0.010117285874136073
2022-10-19,17.489999771118164,17568.150390625,17512.25,0.0014468379208691928
2022-10-20,17.229999542236328,17423.099609375,17563.94921875,0.0029521745492440132
2022-10-21,17.280000686645508,17622.849609375,17576.30078125,0.0007032337856462956
2022-10-24,17.420000076293945,17736.349609375,17730.75,0.008787356376761757
2022-10-25,16.8799991607666,17808.30078125,17656.349609375,-0.004196122026705051
2022-10-27,16.600000381469727,17771.400390625,17736.94921875,0.004564907874966551
2022-10-28,15.920000076293944,17756.400390625,17786.80078125,0.002810605244745412
2022-10-31,15.800000190734863,17910.19921875,18012.19921875,0.012672230395564199
2022-11-01,16.1299991607666,18130.69921875,18145.400390625,0.007395053222392978
2022-11-02,16.65999984741211,18177.900390625,18082.849609375,-0.003447197631545107
2022-11-03,15.9399995803833,17968.349609375,18052.69921875,-0.0016673473084335422
2022-11-04,15.65999984741211,18053.400390625,18117.150390625,0.003570168155688336
2022-11-07,15.59000015258789,18211.75,18202.80078125,0.004727586225111935
2022-11-09,15.920000076293944,18288.25,18157.0,-0.002516139235956394
2022-11-10,15.56999969482422,18044.349609375,18028.19921875,-0.007093725904609771
2022-11-11,14.40999984741211,18272.349609375,18349.69921875,0.017833173247033374
2022-11-14,14.90999984741211,18376.400390625,18329.150390625,-0.0011198455015547504
2022-11-15,14.640000343322754,18362.75,18403.400390625,0.004050924260950772
2022-11-16,15.100000381469728,18398.25,18409.650390625,0.0003396111515991951
2022-11-17,14.880000114440918,18358.69921875,18343.900390625,-0.00357149639481924
2022-11-18,14.390000343322754,18382.94921875,18307.650390625,-0.00197613371355454
2022-11-21,14.800000190734863,18246.400390625,18159.94921875,-0.008067729540576885
2022-11-22,13.84000015258789,18179.150390625,18244.19921875,0.00463933015368867
2022-11-23,14.039999961853027,18325.19921875,18267.25,0.0012634580983039712
2022-11-24,13.479999542236328,18326.099609375,18484.099609375,0.011870949889830174
2022-11-25,13.329999923706056,18528.44921875,18512.75,0.0015500019600884762
2022-11-28,13.56999969482422,18430.55078125,18562.75,0.0027008413120686026
2022-11-29,13.619999885559082,18552.44921875,18618.05078125,0.00297912654375021
2022-11-30,13.8100004196167,18625.69921875,18758.349609375,0.007535634625419174
2022-12-01,13.359999656677246,18871.94921875,18812.5,0.002886735334004964
2022-12-02,13.449999809265137,18752.400390625,18696.099609375,-0.006187396179402005
2022-12-05,13.729999542236328,18719.55078125,18701.05078125,0.00026482378562620035
2022-12-06,14.039999961853027,18600.650390625,18642.75,-0.0031175136590962937
2022-12-07,14.079999923706056,18638.849609375,18560.5,-0.004411902750398933
2022-12-08,13.399999618530272,18570.849609375,18609.349609375,0.002631912360927746
2022-12-09,13.479999542236328,18662.400390625,18496.599609375,-0.006058782405979346
2022-12-12,13.31999969482422,18402.150390625,18497.150390625,2.977743269738653e-05
2022-12-13,12.880000114440918,18524.400390625,18608.0,0.0059927938646799905
2022-12-14,12.890000343322754,18671.25,18660.30078125,0.002810661073194387
2022-12-15,13.729999542236328,18614.400390625,18414.900390625,-0.013150934355333654
2022-12-16,14.06999969482422,18319.099609375,18269.0,-0.00792295301794177
2022-12-19,13.550000190734863,18288.099609375,18420.44921875,0.008289956688926514
2022-12-20,13.779999732971191,18340.30078125,18385.30078125,-0.0019081205394395617
2022-12-21,15.5600004196167,18435.150390625,18199.099609375,-0.01012771964355863
2022-12-22,15.1899995803833,18288.80078125,18127.349609375,-0.003942502735851727
2022-12-23,16.15999984741211,17977.650390625,17806.80078125,-0.01768316025411787
2022-12-27,15.289999961853027,18089.80078125,18132.30078125,0.0182795328593075
2022-12-28,15.399999618530272,18084.75,18122.5,-0.0005405150382313817
2022-12-29,14.8100004196167,18045.69921875,18191.0,0.00377983170092433
2022-12-30,14.869999885559082,18259.099609375,18105.30078125,-0.00471107793689185
2023-01-02,14.6899995803833,18131.69921875,18197.44921875,0.005089583355357918
2023-01-03,14.390000343322754,18163.19921875,18232.55078125,0.00192892762485819
2023-01-04,15.199999809265137,18230.650390625,18042.94921875,-0.010399069487028845
2023-01-05,14.979999542236328,18101.94921875,17992.150390625,-0.0028154392892826285
2023-01-06,15.029999732971191,18008.05078125,17859.44921875,-0.007375503705446151
2023-01-09,14.649999618530272,17952.55078125,18101.19921875,0.013536251708490266
2023-01-10,15.510000228881836,18121.30078125,17914.150390625,-0.010333504750958511
2023-01-11,15.4399995803833,17924.25,17895.69921875,-0.0010299775022909463
2023-01-12,15.279999732971191,17920.849609375,17858.19921875,-0.00209547554088918
2023-01-13,14.460000038146973,17867.5,17956.599609375,0.005510095918388247
2023-01-16,15.020000457763672,18033.150390625,17894.849609375,-0.003438847072569362
2023-01-17,14.59000015258789,17922.80078125,18053.30078125,0.008854568511824201
2023-01-18,14.369999885559082,18074.30078125,18165.349609375,0.006206556323560042
2023-01-19,13.960000038146973,18119.80078125,18107.849609375,-0.003165367099256078
2023-01-20,13.789999961853027,18115.599609375,18027.650390625,-0.004428975305189153
2023-01-23,13.619999885559082,18118.44921875,18118.55078125,0.005042276095628795
2023-01-24,13.65999984741211,18183.94921875,18118.30078125,-1.3798013043020418e-05
2023-01-25,14.65999984741211,18093.349609375,17891.94921875,-0.01249297962501228
2023-01-27,17.31999969482422,17877.19921875,17604.349609375,-0.016074246906178757
2023-01-30,17.709999084472656,17541.94921875,17648.94921875,0.0025334426073457816
2023-01-31,16.8799991607666,17731.44921875,17662.150390625,0.0007479862801675896
2023-02-01,16.780000686645508,17811.599609375,17616.30078125,-0.0025959245256645946
2023-02-02,15.729999542236328,17517.099609375,17610.400390625,-0.0003349392530399564
2023-02-03,14.399999618530272,17721.75,17854.05078125,0.013835596307890219
2023-02-06,14.6899995803833,17818.55078125,17764.599609375,-0.005010133160870178
2023-02-07,14.130000114440918,17790.099609375,17721.5,-0.0024261514654264627
2023-02-08,13.600000381469728,17750.30078125,17871.69921875,0.008475536424681795
2023-02-09,13.039999961853027,17885.5,17893.44921875,0.0012170079483646568
2023-02-10,12.75,17847.55078125,17856.5,-0.0020649578680046465
2023-02-13,13.68000030517578,17859.099609375,17770.900390625,-0.00479375070002519
2023-02-14,13.449999809265137,17840.349609375,17929.849609375,0.0089443537049958
2023-02-15,12.859999656677246,17896.599609375,18015.849609375,0.004796470794436125
2023-02-16,12.890000343322754,18094.75,18035.849609375,0.0011101336008929596
2023-02-17,13.09000015258789,17974.849609375,17944.19921875,-0.005081567689351307
2023-02-20,13.380000114440918,17965.55078125,17844.599609375,-0.005550518480140765
2023-02-21,14.010000228881836,17905.80078125,17826.69921875,-0.001003126492992057
2023-02-22,15.59000015258789,17755.349609375,17554.30078125,-0.015280363131582653
2023-02-23,15.079999923706056,17574.650390625,17511.25,-0.002452434977984641
2023-02-24,14.1899995803833,17591.349609375,17465.80078125,-0.002595429723749043
2023-02-27,13.880000114440918,17428.599609375,17392.69921875,-0.004185411445805309
2023-02-28,14.020000457763672,17383.25,17303.94921875,-0.0051027157362857345
2023-03-01,13.0,17360.099609375,17450.900390625,0.008492348770636093
2023-03-02,12.970000267028809,17421.5,17321.900390625,-0.007392168719804415
2023-03-03,12.18000030517578,17451.25,17594.349609375,0.015728598629827895
2023-03-06,12.270000457763672,17680.349609375,17711.44921875,0.006655523618366965
2023-03-08,12.449999809265137,17665.75,17754.400390625,0.0024250512391459367
2023-03-09,12.729999542236328,17772.05078125,17589.599609375,-0.009282249899975281
2023-03-10,13.40999984741211,17443.80078125,17412.900390625,-0.010045664635585094
2023-03-13,16.219999313354492,17421.900390625,17154.30078125,-0.014851035931626178
2023-03-14,16.219999313354492,17160.55078125,17043.30078125,-0.006470680525861194
2023-03-15,16.299999237060547,17166.44921875,16972.150390625,-0.004174683738684903
2023-03-16,16.219999313354492,16994.650390625,16985.599609375,0.0007924286811309411
2023-03-17,14.770000457763672,17111.80078125,17100.05078125,0.006738129621978839
2023-03-20,16.010000228881836,17066.599609375,16988.400390625,-0.0065292432199922645
2023-03-21,15.079999923706056,17060.400390625,17107.5,0.007010642946744028
2023-03-22,14.8100004196167,17177.44921875,17151.900390625,0.0025953757489405316
2023-03-23,14.489999771118164,17097.400390625,17076.900390625,-0.004372693304643627
2023-03-24,15.239999771118164,17076.19921875,16945.05078125,-0.007720933328590696
2023-03-27,15.449999809265137,16984.30078125,16985.69921875,0.0023988383407489433
2023-03-28,15.100000381469728,17031.75,16951.69921875,-0.002001683861354908
2023-03-29,13.630000114440918,16977.30078125,17080.69921875,0.007609856589321451
2023-03-31,12.9399995803833,17210.349609375,17359.75,0.016337198944623932
2023-04-03,12.59000015258789,17427.94921875,17398.05078125,0.002206297973761151
2023-04-05,12.40999984741211,17422.30078125,17557.05078125,0.009138954817361267
2023-04-06,11.800000190734863,17533.849609375,17599.150390625,0.002397874785437182
2023-04-10,12.270000457763672,17634.900390625,17624.05078125,0.0014148632219350699
2023-04-11,11.979999542236328,17704.80078125,17722.30078125,0.005574768321964241
2023-04-12,12.270000457763672,17759.55078125,17812.400390625,0.005083967961446945
2023-04-13,11.90999984741211,17807.30078125,17828.0,0.0008757724412713497
2023-04-17,12.270000457763672,17863.0,17706.849609375,-0.006795512150830185
2023-04-18,12.079999923706056,17766.599609375,17660.150390625,-0.0026373533282438855
2023-04-19,12.149999618530272,17653.349609375,17618.75,-0.002344283016240789
2023-04-20,11.9399995803833,17638.599609375,17624.44921875,0.0003234746363958152
2023-04-21,11.630000114440918,17639.75,17624.05078125,-2.260708945023282e-05
2023-04-24,11.670000076293944,17707.55078125,17743.400390625,0.006771973756565242
2023-04-25,11.520000457763672,17761.55078125,17769.25,0.0014568576938982503
2023-04-26,11.649999618530272,17767.30078125,17813.599609375,0.0024958627615121465
2023-04-27,11.43000030517578,17813.099609375,17915.05078125,0.005695152810193838
2023-04-28,10.949999809265137,17950.400390625,18065.0,0.008370013603697934
2023-05-02,11.899999618530272,18124.80078125,18147.650390625,0.004575166931912511
2023-05-03,11.84000015258789,18113.80078125,18089.849609375,-0.00318502836487633
2023-05-04,11.729999542236328,18081.0,18255.80078125,0.009173717607303677
2023-05-05,12.300000190734863,18117.30078125,18069.0,-0.010232406865540389
2023-05-08,12.640000343322754,18120.599609375,18264.400390625,0.010814123118324304
2023-05-09,12.68000030517578,18303.400390625,18265.94921875,8.480038171931881e-05
2023-05-10,13.079999923706056,18313.599609375,18315.099609375,0.0026908205008338015
2023-05-11,13.220000267028809,18357.80078125,18297.0,-0.0009882342854272697
2023-05-12,12.850000381469728,18273.75,18314.80078125,0.0009728797753729701
2023-05-15,13.170000076293944,18339.30078125,18398.849609375,0.004589120522186851
2023-05-16,13.289999961853027,18432.349609375,18286.5,-0.006106338807060685
2023-05-17,13.109999656677246,18300.44921875,18181.75,-0.005728269488420423
2023-05-18,12.800000190734863,18287.5,18129.94921875,-0.002849053652701161
2023-05-19,12.300000190734863,18186.150390625,18203.400390625,0.0040513721791914925
2023-05-22,12.56999969482422,18201.099609375,18314.400390625,0.006097761825706316
2023-05-23,12.609999656677246,18362.900390625,18348.0,0.001834600568861644
2023-05-24,13.109999656677246,18294.80078125,18285.400390625,-0.0034117947119577385
2023-05-25,12.520000457763672,18268.900390625,18321.150390625,0.001955111686716471
2023-05-26,11.899999618530272,18368.349609375,18499.349609375,0.009726420827874671
2023-05-29,12.300000190734863,18619.150390625,18598.650390625,0.005367798508963517
2023-05-30,12.010000228881836,18606.650390625,18633.849609375,0.0018925684396833287
2023-05-31,11.970000267028809,18594.19921875,18534.400390625,-0.0053370195013254795
2023-06-01,11.600000381469728,18579.400390625,18487.75,-0.0025169624936233204
2023-06-02,11.130000114440918,18550.849609375,18534.099609375,0.002507044360454902
2023-06-05,11.140000343322754,18612.0,18593.849609375,0.003223787573137793
2023-06-06,11.380000114440918,18600.80078125,18599.0,0.00027699431442118616
2023-06-07,11.4399995803833,18665.599609375,18726.400390625,0.006849851638528914
2023-06-08,11.260000228881836,18725.349609375,18634.55078125,-0.0049048192636628185
2023-06-09,11.119999885559082,18655.900390625,18563.400390625,-0.00381819725413457
2023-06-12,11.25,18595.05078125,18601.5,0.0020524046550352004
2023-06-13,11.109999656677246,18631.80078125,18716.150390625,0.0061635024393194016
2023-06-14,11.15999984741211,18744.599609375,18755.900390625,0.0021238341844009856
2023-06-15,11.079999923706056,18774.44921875,18688.099609375,-0.0036149041015322014
2023-06-16,10.84000015258789,18723.30078125,18826.0,0.0073790483520230765
2023-06-19,11.229999542236328,18873.30078125,18755.44921875,-0.0037475183921172883
2023-06-20,11.130000114440918,18752.349609375,18816.69921875,0.003265717567498605
2023-06-21,11.289999961853027,18849.400390625,18856.849609375,0.0021337637466720683
2023-06-22,11.550000190734863,18853.599609375,18771.25,-0.004539443817404343
2023-06-23,11.239999771118164,18741.849609375,18665.5,-0.005633615236065759
2023-06-26,11.399999618530272,18682.349609375,18691.19921875,0.0013768299134766515
2023-06-27,10.779999732971191,18748.55078125,18817.400390625,0.00675190341711196
2023-06-28,10.890000343322754,18908.150390625,18972.099609375,0.00822107281232487
2023-06-30,10.800000190734863,19076.849609375,19189.05078125,0.01143527476356887
2023-07-03,11.539999961853027,19246.5,19322.55078125,0.00695709243369369
2023-07-04,11.699999809265137,19406.599609375,19389.0,0.003438946519135566
2023-07-05,11.880000114440918,19405.94921875,19398.5,0.0004899685388621844
2023-07-06,11.84000015258789,19385.69921875,19497.30078125,0.00509321758125636
2023-07-07,11.529999732971191,19422.80078125,19331.80078125,-0.00848835445771845
2023-07-10,11.460000038146973,19400.349609375,19355.900390625,0.0012466303397029588
2023-07-11,11.010000228881836,19427.099609375,19439.400390625,0.004313930032438185
2023-07-12,10.9399995803833,19497.44921875,19384.30078125,-0.002834429471475497
2023-07-13,10.9399995803833,19495.19921875,19413.75,0.0015192303855748879
2023-07-14,10.68000030517578,19493.44921875,19564.5,0.007765114931427508
2023-07-17,11.31999969482422,19612.150390625,19711.44921875,0.007511013251041421
2023-07-18,11.710000038146973,19787.5,19749.25,0.001917706853032497
2023-07-19,11.600000381469728,19802.94921875,19833.150390625,0.004248282371482448
2023-07-20,11.789999961853027,19831.69921875,19979.150390625,0.007361412439498949
2023-07-21,11.489999771118164,19800.44921875,19745.0,-0.011719737128305097
2023-07-24,11.649999618530272,19748.44921875,19672.349609375,-0.0036794322929856182
2023-07-25,10.239999771118164,19729.349609375,19680.599609375,0.0004193703428323481
2023-07-26,10.460000038146973,19733.349609375,19778.30078125,0.004964339187534694
2023-07-27,10.510000228881836,19850.900390625,19659.900390625,-0.0059863783008722304
2023-07-28,10.140000343322754,19659.75,19646.05078125,-0.0007044597937843067
2023-07-31,10.40999984741211,19666.349609375,19753.80078125,0.005484562836559181
2023-08-01,10.279999732971191,19784.0,19733.55078125,-0.0010251191770254131
2023-08-02,11.279999732971191,19655.400390625,19526.55078125,-0.010489749274959825
2023-08-03,11.1899995803833,19463.75,19381.650390625,-0.007420685416911321
2023-08-04,10.56999969482422,19462.80078125,19517.0,0.006983389270114548
2023-08-07,11.100000381469728,19576.849609375,19597.30078125,0.004114401867602702
2023-08-08,11.329999923706056,19627.19921875,19570.849609375,-0.0013497354646058168
2023-08-09,11.140000343322754,19578.80078125,19632.55078125,0.003152707884763739
2023-08-10,11.399999618530272,19605.55078125,19543.099609375,-0.004556268458015711
2023-08-11,11.520000457763672,19554.25,19428.30078125,-0.005874136161590715
2023-08-14,12.0,19383.94921875,19434.55078125,0.00032169565781225984
2023-08-16,12.130000114440918,19369.0,19465.0,0.0015667570139761278
2023-08-17,12.239999771118164,19450.55078125,19365.25,-0.005124582584125403
2023-08-18,12.140000343322754,19301.75,19310.150390625,-0.0028452826260957353
2023-08-21,11.960000038146973,19320.650390625,19393.599609375,0.0043215209131937105
2023-08-22,11.75,19417.099609375,19396.44921875,0.00014693555773015454
2023-08-23,11.729999542236328,19439.19921875,19444.0,0.0024515199000461063
2023-08-24,11.699999809265137,19535.150390625,19386.69921875,-0.002946964680621278
2023-08-25,12.079999923706056,19297.400390625,19265.80078125,-0.006236153774081932
2023-08-28,12.399999618530272,19298.349609375,19306.05078125,0.002089194238900971
2023-08-29,12.229999542236328,19374.849609375,19342.650390625,0.0018957584743610756
2023-08-30,11.800000190734863,19433.44921875,19347.44921875,0.0002480956863764039
2023-08-31,12.0600004196167,19375.55078125,19253.80078125,-0.004840350603388277
2023-09-01,11.369999885559082,19258.150390625,19435.30078125,0.009426710188917609
2023-09-04,10.960000038146973,19525.05078125,19528.80078125,0.004810833701642592
2023-09-05,10.81999969482422,19564.650390625,19574.900390625,0.0023605960187407238
2023-09-06,10.68000030517578,19581.19921875,19611.05078125,0.0018467726478093027
2023-09-07,10.869999885559082,19598.650390625,19727.05078125,0.005915032360780392
2023-09-08,10.779999732971191,19774.80078125,19819.94921875,0.004709190366575022
2023-09-11,11.350000381469728,19890.0,19996.349609375,0.008900143420050854
2023-09-12,11.6899995803833,20110.150390625,19993.19921875,-0.0001575482868895195
2023-09-13,11.829999923706056,19989.5,20070.0,0.003841345269944396
2023-09-14,11.31999969482422,20127.94921875,20103.099609375,0.001649208239910216
2023-09-15,10.899999618530272,20156.44921875,20192.349609375,0.004439613877174287
2023-09-18,10.84000015258789,20155.94921875,20133.30078125,-0.002924316846098174
2023-09-20,11.130000114440918,19980.75,19901.400390625,-0.011518249945432046
2023-09-21,10.81999969482422,19840.55078125,19742.349609375,-0.007991939166498319
2023-09-22,10.65999984741211,19744.849609375,19674.25,-0.003449417659114995
2023-09-25,10.899999618530272,19678.19921875,19674.55078125,1.5288066889551644e-05
2023-09-26,11.1899995803833,19682.80078125,19664.69921875,-0.0005007261720755274
2023-09-27,11.59000015258789,19637.05078125,19716.44921875,0.002631619198663282
2023-09-28,12.81999969482422,19761.80078125,19523.55078125,-0.009783629666773708
2023-09-29,11.449999809265137,19581.19921875,19638.30078125,0.005877516917168757
2023-10-03,11.789999961853027,19622.400390625,19528.75,-0.005578424654468894
2023-10-04,11.65999984741211,19446.30078125,19436.099609375,-0.004744307271330683
2023-10-05,10.9399995803833,19521.849609375,19545.75,0.005641584105285702
2023-10-06,10.300000190734863,19621.19921875,19653.5,0.0055127073660514725
2023-10-09,11.399999618530272,19539.44921875,19512.349609375,-0.00718194675884698
2023-10-10,11.270000457763672,19565.599609375,19689.849609375,0.00909680297624016
2023-10-11,10.989999771118164,19767.0,19811.349609375,0.006170692128707245
2023-10-12,10.619999885559082,19822.69921875,19794.0,-0.0008757409120068171
2023-10-13,10.619999885559082,19654.55078125,19751.05078125,-0.0021698099802970328
2023-10-16,11.06999969482422,19737.25,19731.75,-0.0009772027556287366
2023-10-17,10.699999809265137,19843.19921875,19811.5,0.004041709427698992
2023-10-18,10.970000267028809,19820.44921875,19671.099609375,-0.007086812741337156
2023-10-19,10.899999618530272,19545.19921875,19624.69921875,-0.0023588102112444
2023-10-20,10.81999969482422,19542.150390625,19542.650390625,-0.004180896084593599
2023-10-23,10.90999984741211,19521.599609375,19281.75,-0.013350307425555652
2023-10-25,11.3100004196167,19286.44921875,19122.150390625,-0.008277236732921023
2023-10-26,11.729999542236328,19027.25,18857.25,-0.013853064912347501
2023-10-27,10.90999984741211,18928.75,19047.25,0.010075700327460302
2023-10-30,11.489999771118164,19053.400390625,19140.900390625,0.004916740769664862
2023-10-31,11.829999923706056,19232.94921875,19079.599609375,-0.0032026069828995363
2023-11-01,12.050000190734863,19064.05078125,18989.150390625,-0.004740624572936891
2023-11-02,11.079999923706056,19120.0,19133.25,0.007588523257266999
2023-11-03,10.880000114440918,19241.0,19230.599609375,0.005087980838331285
2023-11-06,11.109999656677246,19345.849609375,19411.75,0.00941990339899168
2023-11-07,11.1899995803833,19404.05078125,19406.69921875,-0.000260191958478706
2023-11-08,11.039999961853027,19449.599609375,19443.5,0.0018962926582819506
2023-11-09,10.979999542236328,19457.400390625,19395.30078125,-0.002478937369815082
2023-11-10,11.109999656677246,19351.849609375,19425.349609375,0.001549283945833313
2023-11-13,11.1899995803833,19486.75,19443.55078125,0.0009369804014345284
2023-11-15,11.140000343322754,19651.400390625,19675.44921875,0.011926753508604282
2023-11-16,11.649999618530272,19674.69921875,19765.19921875,0.004561522280999375
2023-11-17,11.829999923706056,19674.75,19731.80078125,-0.0016897597201204206
2023-11-20,12.149999618530272,19731.150390625,19694.0,-0.0019157289123818977
2023-11-21,12.229999542236328,19770.900390625,19783.400390625,0.0045394734754240496
2023-11-22,11.869999885559082,19784.0,19811.849609375,0.0014380348265852216
2023-11-23,11.31999969482422,19828.44921875,19802.0,-0.0004971574875239915
2023-11-24,11.329999923706056,19809.599609375,19794.69921875,-0.00036868908443588033
2023-11-28,12.18000030517578,19844.650390625,19889.69921875,0.004799264638990497
2023-11-29,12.710000038146973,19976.55078125,20096.599609375,0.010402389113554511
2023-11-30,12.6899995803833,20108.5,20133.150390625,0.0018187545137213768
2023-12-01,12.380000114440918,20194.099609375,20267.900390625,0.0066929416105065975
2023-12-04,12.989999771118164,20601.94921875,20686.80078125,0.020668169003769332
2023-12-05,13.460000038146973,20808.900390625,20855.099609375,0.008135565760247543
2023-12-06,13.739999771118164,20950.75,20937.69921875,0.003960643244200535
2023-12-07,12.670000076293944,20932.400390625,20901.150390625,-0.0017455990623970186
2023-12-08,12.470000267028809,20934.099609375,20969.400390625,0.003265370504707432
2023-12-11,12.760000228881836,20965.30078125,20997.099609375,0.001320935183362959
2023-12-12,12.710000038146973,21018.55078125,20906.400390625,-0.004319607014175553
2023-12-13,12.06999969482422,20929.75,20926.349609375,0.0009542158562574343
2023-12-14,12.31999969482422,21110.400390625,21182.69921875,0.012250087289956912
2023-12-15,13.130000114440918,21287.44921875,21456.650390625,0.012932779200891975
2023-12-18,13.899999618530272,21434.80078125,21418.650390625,-0.0017710126840955187
2023-12-19,13.869999885559082,21477.650390625,21453.099609375,0.0016083748565725031
2023-12-20,14.449999809265137,21543.5,21150.150390625,-0.01412146609423337
2023-12-21,13.760000228881836,21033.94921875,21255.05078125,0.004959794076523361
2023-12-22,13.710000038146973,21295.849609375,21349.400390625,0.004438926556610712
2023-12-26,14.68000030517578,21365.19921875,21441.349609375,0.004306875934107168
2023-12-27,15.5600004196167,21497.650390625,21654.75,0.0099527499207277
2023-12-28,15.140000343322754,21715.0,21778.69921875,0.005723881307796219
2023-12-29,14.5,21737.650390625,21731.400390625,-0.0021717930740454694
2024-01-02,14.579999923706056,21751.349609375,21665.80078125,-0.0030186554108726504
2024-01-03,14.100000381469728,21661.099609375,21517.349609375,-0.00685186637566948
2024-01-04,13.329999923706056,21605.80078125,21658.599609375,0.006564470186349425
2024-01-05,12.630000114440918,21705.75,21710.80078125,0.002410182228605562
2024-01-08,13.460000038146973,21747.599609375,21513.0,-0.00911070868564301
2024-01-09,13.260000228881836,21653.599609375,21544.849609375,0.0014804820050666745
2024-01-10,12.970000267028809,21529.30078125,21618.69921875,0.0034277152411805734
2024-01-11,12.770000457763672,21688.0,21647.19921875,0.0013183031833516878
2024-01-12,13.100000381469728,21773.55078125,21894.55078125,0.011426492637705898
2024-01-15,13.789999961853027,22053.150390625,22097.44921875,0.009267074694848665
2024-01-16,13.56999969482422,22080.5,22032.30078125,-0.0029482333845447517
2024-01-17,15.079999923706056,21647.25,21571.94921875,-0.020894393512082443
2024-01-18,14.06999969482422,21414.19921875,21462.25,-0.0050852715087356115
2024-01-19,13.880000114440918,21615.19921875,21622.400390625,0.00746195718645537
2024-01-23,14.850000381469728,21716.69921875,21238.80078125,-0.01774084294273448
2024-01-24,14.380000114440918,21185.25,21453.94921875,0.010129971071150878
2024-01-25,13.869999885559082,21454.599609375,21352.599609375,-0.004724053755400193
2024-01-29,15.68000030517578,21433.099609375,21737.599609375,0.018030591452244726
2024-01-30,16.100000381469727,21775.75,21522.099609375,-0.009913698102483215
2024-01-31,16.049999237060547,21487.25,21725.69921875,0.009460025419002926
2024-02-01,14.460000038146973,21780.650390625,21697.44921875,-0.0013003033741542103
2024-02-02,14.699999809265137,21812.75,21853.80078125,0.007205988175093214
2024-02-05,15.619999885559082,21921.05078125,21771.69921875,-0.0037568550808078083
2024-02-06,15.789999961853027,21825.19921875,21929.400390625,0.007243402101531293
2024-02-07,15.510000228881836,22045.05078125,21930.5,5.014315737827957e-05
2024-02-08,15.829999923706056,22009.650390625,21717.94921875,-0.009692017110872975
2024-02-09,15.449999809265137,21727.0,21782.5,0.0029722318898448563
2024-02-12,16.059999465942383,21800.80078125,21616.05078125,-0.0076414194307357075
2024-02-13,15.8100004196167,21664.30078125,21743.25,0.005884480011507653
2024-02-14,15.4399995803833,21578.150390625,21840.05078125,0.004451992284961959
2024-02-15,15.229999542236328,21906.55078125,21910.75,0.0032371361888359207
2024-02-16,15.220000267028809,22020.30078125,22040.69921875,0.005930843022260657
2024-02-20,16.06999969482422,22099.19921875,22196.94921875,0.007089158036650556
2024-02-21,15.93000030517578,22248.849609375,22055.05078125,-0.006392700010330099
2024-02-22,15.199999809265137,22081.55078125,22217.44921875,0.0073633218581414805
2024-02-23,14.970000267028809,22290.0,22212.69921875,-0.0002137959201901074
2024-02-26,15.600000381469728,22169.19921875,22122.05078125,-0.004080928508836235
2024-02-27,15.729999542236328,22090.19921875,22198.349609375,0.003448994348646428
2024-02-28,16.329999923706055,22214.099609375,21951.150390625,-0.011135927809948543
2024-02-29,15.56999969482422,21935.19921875,21982.80078125,0.0014418556686905948
2024-03-01,15.239999771118164,22048.30078125,22338.75,0.016192168700068565
2024-03-04,14.920000076293944,22403.5,22405.599609375,0.0029925402887358565
2024-03-05,14.380000114440918,22371.25,22356.30078125,-0.00220029050703785
2024-03-06,14.300000190734863,22327.5,22474.05078125,0.005266971542034149
2024-03-07,13.609999656677246,22505.30078125,22493.55078125,0.0008676673462120199
2024-03-11,14.0,22517.5,22332.650390625,-0.007153178801771132
2024-03-12,13.640000343322754,22334.44921875,22335.69921875,0.0001365188668460693
2024-03-13,14.43000030517578,22432.19921875,21997.69921875,-0.015132725270416536
2024-03-14,13.619999885559082,21982.55078125,22146.650390625,0.006771215952804832
2024-03-15,13.6899995803833,22064.849609375,22023.349609375,-0.005567468627318717
2024-03-18,13.899999618530272,21990.099609375,22055.69921875,0.0014688778023679294
2024-03-19,14.109999656677246,21946.44921875,21817.44921875,-0.010802196640288697
2024-03-20,13.470000267028809,21843.900390625,21839.099609375,0.0009923428906801757
2024-03-21,12.510000228881836,21989.900390625,22011.94921875,0.0079146856998078
2024-03-22,12.220000267028809,21932.19921875,22096.75,0.0038524885010076115
2024-03-26,12.81999969482422,21947.900390625,22004.69921875,-0.00416580634029895
2024-03-27,12.699999809265137,22053.94921875,22123.650390625,0.005405716783151604
2024-03-28,12.829999923706056,22163.599609375,22326.900390625,0.009187001078543977
2024-04-01,12.079999923706056,22455.0,22462.0,0.006050979178091831
2024-04-02,11.649999618530272,22458.80078125,22453.30078125,-0.0003872860275131451
2024-04-03,11.369999885559082,22385.69921875,22434.650390625,-0.0008306302403686683
2024-04-04,11.220000267028809,22592.099609375,22514.650390625,0.003565912488363576
2024-04-05,11.34000015258789,22486.400390625,22513.69921875,-4.224679746289706e-05
2024-04-08,11.609999656677246,22578.349609375,22666.30078125,0.006778164752814453
2024-04-09,11.359999656677246,22765.099609375,22642.75,-0.0010390218270411866
2024-04-10,11.109999656677246,22720.25,22753.80078125,0.0049044741142307835
2024-04-12,11.529999732971191,22677.400390625,22519.400390625,-0.010301592814249916
2024-04-15,12.470000267028809,22339.05078125,22272.5,-0.010963897188301042
2024-04-16,12.619999885559082,22125.30078125,22147.900390625,-0.005594325260972033
2024-04-18,13.039999961853027,22212.349609375,21995.849609375,-0.0068652458503182245
2024-04-19,13.460000038146973,21861.5,22147.0,0.0068717686886063944
2024-04-22,12.699999809265137,22336.900390625,22336.400390625,0.008551965982977361
2024-04-23,10.199999809265137,22447.05078125,22368.0,0.0014147135985376202
2024-04-24,10.279999732971191,22421.55078125,22402.400390625,0.0015379287654238016
2024-04-25,10.729999542236328,22316.900390625,22570.349609375,0.0074969296067168845
2024-04-26,10.93000030517578,22620.400390625,22419.94921875,-0.006663626980883297
2024-04-29,12.239999771118164,22475.55078125,22643.400390625,0.00996662256880243
2024-04-30,12.869999885559082,22679.650390625,22604.849609375,-0.00170251731563964
2024-05-02,13.449999809265137,22567.849609375,22648.19921875,0.0019177127972140884
2024-05-03,14.619999885559082,22766.349609375,22475.849609375,-0.007609859296553445
2024-05-06,16.600000381469727,22561.599609375,22442.69921875,-0.0014749338156797576
2024-05-07,17.010000228881836,22489.75,22302.5,-0.006246985595782073
2024-05-08,17.079999923706055,22231.19921875,22302.5,0.0
2024-05-09,18.200000762939453,22224.80078125,21957.5,-0.01546911781190452
2024-05-10,18.469999313354492,21990.94921875,22055.19921875,0.0044494691449390444
2024-05-13,20.600000381469727,22027.94921875,22104.05078125,0.0022149680905385605
2024-05-14,20.200000762939453,22112.900390625,22217.849609375,0.005148324587705533
2024-05-15,20.270000457763672,22255.599609375,22200.55078125,-0.0007786004689536163
2024-05-16,20.0,22319.19921875,22403.849609375,0.009157377676264788
2024-05-17,19.799999237060547,22415.25,22466.099609375,0.0027785403439750667
2024-05-21,21.809999465942383,22404.55078125,22529.05078125,0.002802051667603722
2024-05-22,21.469999313354492,22576.599609375,22597.80078125,0.0030516154749500313
2024-05-23,21.3799991607666,22614.099609375,22967.650390625,0.01636661960848307
2024-05-24,21.709999084472656,22930.75,22957.099609375,-0.0004593757337192361
2024-05-27,23.190000534057617,23038.94921875,22932.44921875,-0.0010737589261899938
2024-05-28,24.200000762939453,22977.150390625,22888.150390625,-0.0019317094176221072
2024-05-29,24.18000030517578,22762.75,22704.69921875,-0.008015115627261094
2024-05-30,24.18000030517578,22617.44921875,22488.650390625,-0.009515599658179275
2024-05-31,24.600000381469727,22568.099609375,22530.69921875,0.0018697799732139142
2024-06-03,20.940000534057617,23337.900390625,23263.900390625,0.03254231769535276
2024-06-04,26.75,23179.5,21884.5,-0.05929359941641077
2024-06-05,18.88999938964844,22128.349609375,22620.349609375,0.033624236760035675
2024-06-06,16.799999237060547,22798.599609375,22821.400390625,0.008888049244237806
2024-06-07,16.8799991607666,22821.849609375,23290.150390625,0.020539931466807104
2024-06-10,16.399999618530273,23319.150390625,23259.19921875,-0.0013289382574128705
2024-06-11,14.770000457763672,23283.75,23264.849609375,0.0002429314342191624
2024-06-12,14.390000343322754,23344.44921875,23322.94921875,0.002497312914139238
2024-06-13,13.489999771118164,23480.94921875,23398.900390625,0.0032564994745150067
2024-06-14,12.81999969482422,23464.94921875,23465.599609375,0.0028505279152657437
2024-06-18,12.970000267028809,23570.80078125,23557.900390625,0.003933450786960613
2024-06-19,13.710000038146973,23629.849609375,23516.0,-0.0017786131162043084
2024-06-20,13.350000381469728,23586.150390625,23567.0,0.0021687361796223215
2024-06-21,13.18000030517578,23661.150390625,23501.099609375,-0.00279629951309035
2024-06-24,14.0600004196167,23382.30078125,23537.849609375,0.00156375661610908
2024-06-25,14.3100004196167,23577.099609375,23721.30078125,0.007793879853915442
2024-06-26,14.050000190734863,23723.099609375,23868.80078125,0.006218040121837909
2024-06-27,14.149999618530272,23881.55078125,24044.5,0.007361040898544724
2024-06-28,13.800000190734863,24085.900390625,24010.599609375,-0.0014099020825968367
2024-07-01,13.829999923706056,23992.94921875,24141.94921875,0.005470484349075377
2024-07-02,13.640000343322754,24228.75,24123.849609375,-0.0007497161563467802
2024-07-03,13.210000038146973,24291.75,24286.5,0.006742306607722792
2024-07-04,12.859999656677246,24369.94921875,24302.150390625,0.0006444070008029268
2024-07-05,12.699999809265137,24213.349609375,24323.849609375,0.0008928929498506211
2024-07-08,13.600000381469728,24329.44921875,24320.55078125,-0.00013562113637344275
2024-07-09,14.279999732971191,24351.0,24433.19921875,0.004631820986013446
2024-07-10,14.43000030517578,24459.849609375,24324.44921875,-0.004450911197766749
2024-07-11,14.0,24396.55078125,24315.94921875,-0.0003494426502141934
2024-07-12,13.729999542236328,24387.94921875,24502.150390625,0.007657573644356042
2024-07-15,14.1899995803833,24587.599609375,24586.69921875,0.003450669707641296
2024-07-16,14.220000267028809,24615.900390625,24613.0,0.0010697158254551198
2024-07-18,14.510000228881836,24543.80078125,24800.849609375,0.007632129743428306
2024-07-19,14.829999923706056,24853.80078125,24530.900390625,-0.010884676251089243
2024-07-22,15.4399995803833,24445.75,24509.25,-0.0008825762723847497
2024-07-23,12.75,24568.900390625,24479.05078125,-0.0012321559717249908
2024-07-24,11.760000228881836,24444.94921875,24413.5,-0.002677831825905974
2024-07-25,12.619999885559082,24230.94921875,24406.099609375,-0.0003031269840456652
2024-07-26,12.25,24423.349609375,24834.849609375,0.01756732976027453
2024-07-29,12.949999809265137,24943.30078125,24836.099609375,5.03324972633834e-05
2024-07-30,12.880000114440918,24839.400390625,24857.30078125,0.0008536433743000504
2024-07-31,13.25,24886.69921875,24951.150390625,0.00377553501085659
2024-08-01,12.93000030517578,25030.94921875,25010.900390625,0.0023946791656728195
2024-08-02,14.31999969482422,24789.0,24717.69921875,-0.011722935491954689
2024-08-05,20.3700008392334,24302.849609375,24055.599609375,-0.02678645789462286
2024-08-06,18.739999771118164,24189.849609375,23992.55078125,-0.0026209626510589334
2024-08-07,16.170000076293945,24289.400390625,24297.5,0.012710162480444431
2024-08-08,16.600000381469727,24248.55078125,24117.0,-0.007428747813561065
2024-08-09,15.34000015258789,24386.849609375,24367.5,0.010386864037815746
2024-08-12,15.869999885559082,24320.05078125,24347.0,-0.0008412844977941925
2024-08-13,16.170000076293945,24342.349609375,24139.0,-0.008543146999630324
2024-08-14,15.4399995803833,24184.400390625,24143.75,0.00019677699987563635
2024-08-16,14.399999618530272,24334.849609375,24541.150390625,0.016459762490292462
2024-08-19,14.31999969482422,24636.349609375,24572.650390625,0.0012835584110202358
2024-08-20,13.81999969482422,24648.900390625,24698.849609375,0.005135759339910173
2024-08-21,13.329999923706056,24680.55078125,24770.19921875,0.0028887826964991703
2024-08-22,13.0,24863.400390625,24811.5,0.001667357653657442
2024-08-23,13.550000190734863,24845.400390625,24823.150390625,0.00046955607782672715
2024-08-26,13.800000190734863,24906.099609375,25010.599609375,0.007551387144671073
2024-08-27,13.630000114440918,25024.80078125,25017.75,0.0002858944102370753
2024-08-28,13.949999809265137,25030.80078125,25052.349609375,0.0013830024432652799
2024-08-29,13.789999961853027,25035.30078125,25151.94921875,0.00397565940632294
2024-08-30,13.390000343322754,25249.69921875,25235.900390625,0.003337760073577778
2024-09-02,14.0600004196167,25333.599609375,25278.69921875,0.001695950113232314
2024-09-03,13.84000015258789,25313.400390625,25279.849609375,4.550829989491412e-05
2024-09-04,14.380000114440918,25089.94921875,25198.69921875,-0.0032100820170585243
2024-09-05,14.210000038146973,25250.5,25145.099609375,-0.0021270784221717465
2024-09-06,15.220000267028809,25093.69921875,24852.150390625,-0.011650350298901935
2024-09-09,14.239999771118164,24823.400390625,24936.400390625,0.003390048695012693
2024-09-10,13.359999656677246,24999.400390625,25041.099609375,0.0041986500501236534
2024-09-11,13.630000114440918,25034.0,24918.44921875,-0.004897963449619458
2024-09-12,13.18000030517578,25059.650390625,25388.900390625,0.01887963282727112
2024-09-13,12.550000190734863,25430.44921875,25356.5,-0.0012761636040355961
2024-09-16,12.460000038146973,25406.650390625,25383.75,0.0010746751326089488
2024-09-17,12.59000015258789,25416.900390625,25418.55078125,0.0013709866056039743
2024-09-18,13.369999885559082,25402.400390625,25377.55078125,-0.0016129951842196455
2024-09-19,12.470000267028809,25487.05078125,25415.80078125,0.0015072376499098983
2024-09-20,12.789999961853027,25525.94921875,25790.94921875,0.014760441377741573
2024-09-23,13.789999961853027,25872.55078125,25939.05078125,0.005742385099666292
2024-09-24,13.390000343322754,25921.44921875,25940.400390625,5.2030021699067674e-05
2024-09-25,12.739999771118164,25899.44921875,26004.150390625,0.0024575565157058943
2024-09-26,12.0,26005.400390625,26216.05078125,0.008148714241454025
2024-09-27,11.960000038146973,26248.25,26178.94921875,-0.0014152231703233875
2024-09-30,12.789999961853027,26061.30078125,25810.849609375,-0.014060900852023384
2024-10-01,11.989999771118164,25788.44921875,25796.900390625,-0.0005404401234794243
2024-10-03,13.170000076293944,25452.849609375,25250.099609375,-0.021196375260987388
2024-10-04,14.130000114440918,25181.900390625,25014.599609375,-0.009326695880144675
2024-10-07,15.079999923706056,25084.099609375,24795.75,-0.008748875168602677
2024-10-08,14.59000015258789,24832.19921875,25013.150390625,0.00876764730346924
2024-10-09,14.119999885559082,25065.80078125,24981.94921875,-0.0012473907279866303
2024-10-10,13.5,25067.05078125,24998.44921875,0.0006604768849507447
2024-10-11,13.220000267028809,24985.30078125,24964.25,-0.0013680536120755926
2024-10-14,13.0,25023.44921875,25127.94921875,0.006557345754428789
2024-10-15,13.0,25186.30078125,25057.349609375,-0.0028096049048969007
2024-10-16,13.050000190734863,25008.55078125,24971.30078125,-0.0034340754096676696
2024-10-17,13.390000343322754,25027.400390625,24749.849609375,-0.008868227322834543
2024-10-18,13.039999961853027,24664.94921875,24854.05078125,0.004210173941240125
2024-10-21,13.760000228881836,24956.150390625,24781.099609375,-0.00293518237799828
2024-10-22,14.399999618530272,24798.650390625,24472.099609375,-0.012469180337869368
2024-10-23,14.619999885559082,24378.150390625,24435.5,-0.001495564743491773
2024-10-24,13.970000267028809,24412.69921875,24399.400390625,-0.0014773427748562273
2024-10-25,14.630000114440918,24418.05078125,24180.80078125,-0.008959220549493163
2024-10-28,14.289999961853027,24251.099609375,24339.150390625,0.0065485676346082045
2024-10-29,14.520000457763672,24328.849609375,24466.849609375,0.0052466588480091225
2024-10-30,15.510000228881836,24371.44921875,24340.849609375,-0.005149825253829232
2024-10-31,15.550000190734863,24349.849609375,24205.349609375,-0.005566773640794054
2024-11-01,15.899999618530272,24302.75,24304.349609375,0.004090004961616156
2024-11-04,16.690000534057617,24315.75,23995.349609375,-0.0127137736646451
2024-11-05,16.1200008392334,23916.5,24213.30078125,0.00908305881860727
2024-11-06,14.869999885559082,24308.75,24484.05078125,0.011181870759630508
2024-11-07,14.9399995803833,24489.599609375,24199.349609375,-0.011628025706147627
2024-11-08,14.470000267028809,24207.69921875,24148.19921875,-0.002113709312467793
2024-11-11,14.270000457763672,24087.25,24141.30078125,-0.00028567088740283353
2024-11-12,14.59000015258789,24225.80078125,23883.44921875,-0.010680930776533315
2024-11-13,15.4399995803833,23822.44921875,23559.05078125,-0.013582562322921432
2024-11-14,14.779999732971191,23542.150390625,23532.69921875,-0.0011185324376894457
2024-11-18,15.170000076293944,23605.30078125,23453.80078125,-0.0033527151631265184
2024-11-19,15.65999984741211,23529.55078125,23518.5,0.002758581406631766
2024-11-21,15.989999771118164,23488.44921875,23349.900390625,-0.007168807933116472
2024-11-22,16.100000381469727,23411.80078125,23907.25,0.023869464111237804
2024-11-25,15.300000190734863,24253.55078125,24221.900390625,0.013161295867362366
2024-11-26,15.3100004196167,24343.30078125,24194.5,-0.0011312238174179257
2024-11-27,14.630000114440918,24204.80078125,24274.900390625,0.003323085437806128
2024-11-28,15.210000038146973,24274.150390625,23914.150390625,-0.014861029054492936
2024-11-29,14.43000030517578,23927.150390625,24131.099609375,0.009072001940535257
2024-12-02,14.699999809265137,24140.849609375,24276.05078125,0.006006820004948565
2024-12-03,14.369999885559082,24367.5,24457.150390625,0.007460011144599932
2024-12-04,14.449999809265137,24488.75,24467.44921875,0.00042109681465385407
2024-12-05,14.529999732971191,24539.150390625,24708.400390625,0.009847825562885104
2024-12-06,14.140000343322754,24729.44921875,24677.80078125,-0.0012384293961259507
2024-12-09,14.109999656677246,24633.900390625,24619.0,-0.0023827399277279726
2024-12-10,13.779999732971191,24652.650390625,24610.05078125,-0.0003635086213900074
2024-12-11,13.270000457763672,24620.5,24641.80078125,0.0012901233029631864
2024-12-12,13.1899995803833,24604.44921875,24548.69921875,-0.003778196379659149
2024-12-13,13.050000190734863,24498.349609375,24768.30078125,0.008945547808588916
2024-12-16,14.020000457763672,24753.400390625,24668.25,-0.004039468921733236
2024-12-17,14.489999771118164,24584.80078125,24336.0,-0.013468730047733413
2024-12-18,14.369999885559082,24297.94921875,24198.849609375,-0.005635699812006956
2024-12-19,14.510000228881836,23877.150390625,23951.69921875,-0.010213311567061067
2024-12-20,15.06999969482422,23960.69921875,23587.5,-0.01520556915080562
2024-12-23,13.520000457763672,23738.19921875,23753.44921875,0.0070354729729729115
2024-12-24,13.18000030517578,23769.099609375,23727.650390625,-0.0010861087115143775
2024-12-26,14.039999961853027,23775.80078125,23750.19921875,0.0009503186263191132
2024-12-27,13.239999771118164,23801.400390625,23813.400390625,0.002661079652128029
2024-12-30,13.970000267028809,23796.900390625,23644.900390625,-0.007075847935867907
2024-12-31,14.449999809265137,23560.599609375,23644.80078125,-4.212721278373799e-06
2025-01-02,13.739999771118164,23783.0,24188.650390625,0.02300081165438561
2025-01-03,13.539999961853027,24196.400390625,24004.75,-0.007602755327609123
2025-01-06,15.649999618530272,24045.80078125,23616.05078125,-0.016192595996625703
2025-01-07,14.65999984741211,23679.900390625,23707.900390625,0.0038892874268343647
2025-01-08,14.470000267028809,23746.650390625,23688.94921875,-0.0007993610384197103
2025-01-09,14.65999984741211,23674.75,23526.5,-0.006857594959147506
2025-01-10,14.920000076293944,23551.900390625,23431.5,-0.004037999702463213
2025-01-13,16.0,23195.400390625,23085.94921875,-0.014747275302477436
2025-01-14,15.470000267028809,23165.900390625,23176.05078125,0.003902874499386977
2025-01-15,15.260000228881836,23250.44921875,23213.19921875,0.0016028803979861728
2025-01-16,15.470000267028809,23377.25,23311.80078125,0.004247650725383689
2025-01-17,15.75,23277.099609375,23203.19921875,-0.004658651792672774
2025-01-20,16.420000076293945,23290.400390625,23344.75,0.006100485537167577
2025-01-21,17.059999465942383,23421.650390625,23024.650390625,-0.013711845677293555
2025-01-22,16.770000457763672,23099.150390625,23155.349609375,0.0056764909144164655
2025-01-23,16.700000762939453,23128.30078125,23205.349609375,0.0021593282262408753
2025-01-24,16.75,23183.900390625,23092.19921875,-0.004876047658393667
2025-01-27,18.1299991607666,22940.150390625,22829.150390625,-0.011391241935562957
2025-01-28,18.200000762939453,22960.44921875,22957.25,0.005611229817278129
2025-01-29,18.63999938964844,23026.75,23163.099609375,0.008966649288351114
2025-01-30,17.389999389648438,23169.5,23249.5,0.003730087599762788
2025-01-31,16.25,23296.75,23508.400390625,0.011135740150325812
2025-02-03,14.350000381469728,23319.349609375,23361.05078125,-0.006267955578711404
2025-02-04,14.020000457763672,23509.900390625,23739.25,0.016189306820631133
2025-02-05,14.079999923706056,23801.75,23696.30078125,-0.001809207062143936
2025-02-06,14.18000030517578,23761.94921875,23603.349609375,-0.003922602634608197
2025-02-07,13.6899995803833,23649.5,23559.94921875,-0.0018387386257991967
2025-02-10,14.449999809265137,23543.80078125,23381.599609375,-0.007570033692307909
2025-02-11,14.869999885559082,23383.55078125,23071.80078125,-0.013249684936046169
2025-02-12,14.899999618530272,23050.80078125,23045.25,-0.0011507892904301098
2025-02-13,14.960000038146973,23055.75,23031.400390625,-0.0006009745771905495
2025-02-14,15.020000457763672,23096.44921875,22929.25,-0.004435266153706374
2025-02-17,15.720000267028809,22809.900390625,22959.5,0.0013192755977626813
2025-02-18,15.670000076293944,22963.650390625,22945.30078125,-0.0006184463402948426
2025-02-19,15.420000076293944,22847.25,22932.900390625,-0.0005404326900405598
2025-02-20,14.68000030517578,22821.099609375,22913.150390625,-0.0008612081186238907
2025-02-21,14.529999732971191,22857.19921875,22795.900390625,-0.005117148798882476
2025-02-24,14.4399995803833,22609.349609375,22553.349609375,-0.010640105330068539
2025-02-25,13.720000267028809,22516.44921875,22547.55078125,-0.00025711604818956513
2025-02-27,13.3100004196167,22568.94921875,22545.05078125,-0.00011087678764998277
2025-02-28,13.90999984741211,22433.400390625,22124.69921875,-0.018644959666695105
2025-03-03,13.760000228881836,22194.55078125,22119.30078125,-0.00024400049223838316
2025-03-04,13.829999923706056,21974.44921875,22082.650390625,-0.0016569416451024388
2025-03-05,13.670000076293944,22073.05078125,22337.30078125,0.011531695069225467
2025-03-06,13.729999542236328,22476.349609375,22544.69921875,0.009284847776867
2025-03-07,13.470000267028809,22508.650390625,22552.5,0.00034601398645017767
2025-03-10,13.989999771118164,22521.849609375,22460.30078125,-0.004088203913091726
2025-03-11,14.06999969482422,22345.94921875,22497.900390625,0.0016740474556060647
2025-03-12,13.6899995803833,22536.349609375,22470.5,-0.0012179087892316698
2025-03-13,13.279999732971191,22541.5,22397.19921875,-0.003262089461738671
2025-03-17,13.420000076293944,22353.150390625,22508.75,0.004980568336268254
2025-03-18,13.210000038146973,22662.25,22834.30078125,0.01446329899483545
2025-03-19,13.300000190734863,22874.94921875,22907.599609375,0.0032100316461272094
2025-03-20,12.600000381469728,23036.599609375,23190.650390625,0.012356195589090069
2025-03-21,12.579999923706056,23168.25,23350.400390625,0.0068885519512889015
2025-03-24,13.699999809265137,23515.400390625,23658.349609375,0.013188177230298859
2025-03-25,13.640000343322754,23751.5,23668.650390625,0.00043539728764163677
2025-03-26,13.470000267028809,23700.94921875,23486.849609375,-0.007681079328545448
2025-03-27,13.300000190734863,23433.94921875,23591.94921875,0.004474827877002596
2025-03-28,12.720000267028809,23600.400390625,23519.349609375,-0.0030773044101545244
2025-04-01,13.779999732971191,23341.099609375,23165.69921875,-0.015036571865236992
2025-04-02,13.720000267028809,23192.599609375,23332.349609375,0.0071938424586863725
2025-04-03,13.600000381469728,23150.30078125,23250.099609375,-0.0035251486188494496
2025-04-04,13.760000228881836,23190.400390625,22904.44921875,-0.014866619775066536
2025-04-07,22.790000915527344,21758.400390625,22161.599609375,-0.03243254628305536
2025-04-08,20.440000534057617,22446.75,22535.849609375,0.016887318902814252
2025-04-09,21.43000030517578,22460.30078125,22399.150390625,-0.006065856008070525
2025-04-11,20.11000061035156,22695.400390625,22828.55078125,0.019170387409190415
2025-04-15,16.1299991607666,23368.349609375,23328.55078125,0.02190239778210845
2025-04-16,15.869999885559082,23344.099609375,23437.19921875,0.004657316201027051
2025-04-17,15.470000267028809,23401.849609375,23851.650390625,0.017683476937954135
2025-04-21,15.520000457763672,23949.150390625,24125.55078125,0.011483498464016417
2025-04-22,15.229999542236328,24185.400390625,24167.25,0.0017284255654137493
2025-04-23,15.960000038146973,24357.599609375,24328.94921875,0.006690840652122221
2025-04-24,16.25,24277.900390625,24246.69921875,-0.0033807460922566923
2025-04-25,17.15999984741211,24289.0,24039.349609375,-0.00855166336268387
2025-04-28,16.940000534057617,24070.25,24328.5,0.012028211882747275
2025-04-29,17.3700008392334,24370.69921875,24335.94921875,0.0003061930965739812
2025-04-30,18.219999313354492,24342.05078125,24334.19921875,-7.191007773188485e-05
2025-05-02,18.260000228881836,24311.900390625,24346.69921875,0.0005136803511647248
2025-05-05,18.34000015258789,24419.5,24461.150390625,0.004700890697612925
2025-05-06,19.0,24500.75,24379.599609375,-0.0033338898599493128
2025-05-07,19.059999465942383,24233.30078125,24414.400390625,0.0014274549954715887
2025-05-08,21.010000228881836,24431.5,24273.80078125,-0.005758880297096702
2025-05-09,21.6299991607666,23935.75,24008.0,-0.0109501096942064
2025-05-12,18.38999938964844,24420.099609375,24924.69921875,0.038183073090219954
2025-05-13,18.200000762939453,24864.05078125,24578.349609375,-0.01389583907654357
2025-05-14,17.229999542236328,24613.80078125,24666.900390625,0.0036027960647213586
2025-05-15,16.889999389648438,24694.44921875,25062.099609375,0.01602143814146184
2025-05-16,16.549999237060547,25064.650390625,25019.80078125,-0.0016877607536591732
2025-05-19,17.360000610351562,25005.349609375,24945.44921875,-0.0029717088137536374
2025-05-20,17.389999389648438,24996.19921875,24683.900390625,-0.010484831354666824
2025-05-21,17.549999237060547,24744.25,24813.44921875,0.00524831270888626
2025-05-22,17.260000228881836,24733.94921875,24609.69921875,-0.008211272774042211
2025-05-23,17.280000686645508,24639.5,24853.150390625,0.009892488718005854
2025-05-26,18.020000457763672,24919.349609375,25001.150390625,0.005954979456279652
2025-05-27,18.540000915527344,24956.650390625,24826.19921875,-0.0069977248703164685
2025-05-28,18.020000457763672,24832.5,24752.44921875,-0.0029706520659956714
2025-05-29,16.420000076293945,24825.099609375,24833.599609375,0.003278479228775888
2025-05-30,16.079999923706055,24812.599609375,24750.69921875,-0.00333823496911434
2025-06-02,17.15999984741211,24669.69921875,24716.599609375,-0.0013777230725331435
2025-06-03,16.559999465942383,24786.30078125,24542.5,-0.007043833380258491
2025-06-04,15.75,24560.44921875,24620.19921875,0.003165904807986175
2025-06-05,15.079999923706056,24691.19921875,24750.900390625,0.005308696762106768
2025-06-06,14.630000114440918,24748.69921875,25003.05078125,0.01018752395450262
2025-06-09,14.6899995803833,25160.099609375,25103.19921875,0.004005448710087123
2025-06-10,14.020000457763672,25196.05078125,25104.25,4.18584595869298e-05
2025-06-11,13.670000076293944,25134.150390625,25141.400390625,0.0014798446727146697
2025-06-12,14.020000457763672,25164.44921875,24888.19921875,-0.010071084662786611
2025-06-13,15.079999923706056,24473.0,24718.599609375,-0.006814458847919758
2025-06-16,14.84000015258789,24732.349609375,24946.5,0.00921979376770854
2025-06-17,14.399999618530272,24977.849609375,24853.400390625,-0.0037319707924959866
2025-06-18,14.279999732971191,24788.349609375,24812.05078125,-0.0016637405234334324
2025-06-19,14.260000228881836,24803.25,24793.25,-0.0007577278241026608
2025-06-20,13.670000076293944,24787.650390625,25112.400390625,0.01287247095983779
2025-06-23,14.050000190734863,24939.75,24971.900390625,-0.0055948454872697395
2025-06-24,13.640000343322754,25179.900390625,25044.349609375,0.0029012296868362597
2025-06-25,12.960000038146973,25150.349609375,25244.75,0.008001820520425307
2025-06-26,12.59000015258789,25268.94921875,25549.0,0.012052010814129765
2025-06-27,12.390000343322754,25576.650390625,25637.80078125,0.003475704773181043
2025-06-30,12.789999961853027,25661.650390625,25517.05078125,-0.004709842354665206
2025-07-01,12.529999732971191,25551.349609375,25541.80078125,0.0009699396772837598
2025-07-02,12.449999809265137,25588.30078125,25453.400390625,-0.0034610085397696055
2025-07-03,12.390000343322754,25505.099609375,25405.30078125,-0.00188971251922454
2025-07-04,12.31999969482422,25428.849609375,25461.0,0.0021924250859925998
2025-07-07,12.5600004196167,25450.44921875,25461.30078125,1.1813410706551508e-05
2025-07-08,12.199999809265137,25427.849609375,25522.5,0.0024036171315751087
2025-07-09,11.9399995803833,25514.599609375,25476.099609375,-0.00181801902732881
2025-07-10,11.670000076293944,25511.650390625,25355.25,-0.004743646446198069
2025-07-11,11.81999969482422,25255.5,25149.849609375,-0.008100901810276007
2025-07-14,11.979999542236328,25149.5,25082.30078125,-0.002685854157148504
2025-07-15,11.479999542236328,25089.5,25195.80078125,0.004525103218794291
2025-07-16,11.239999771118164,25196.599609375,25212.05078125,0.0006449487413033861
2025-07-17,11.239999771118164,25230.75,25111.44921875,-0.003990217351728331
2025-07-18,11.390000343322754,25108.55078125,24968.400390625,-0.0056965580472427835
2025-07-21,11.199999809265137,24999.0,25090.69921875,0.004898144302865282
2025-07-22,10.75,25166.650390625,25060.900390625,-0.0011876443882732346
2025-07-23,10.520000457763672,25139.349609375,25219.900390625,0.006344544590244583
2025-07-24,10.720000267028809,25243.30078125,25062.099609375,-0.006256994627491075
2025-07-25,11.279999732971191,25010.349609375,24837.0,-0.008981674037030651
2025-07-28,12.0600004196167,24782.44921875,24680.900390625,-0.006284962329387578
2025-07-29,11.529999732971191,24609.650390625,24821.099609375,0.005680474234370125
2025-07-30,11.210000038146973,24890.400390625,24855.05078125,0.001367835124523431
2025-07-31,11.539999961853027,24642.25,24768.349609375,-0.0034882717656889994
2025-08-01,11.979999542236328,24734.900390625,24565.349609375,-0.008195943742782208
2025-08-04,11.970000267028809,24596.05078125,24722.75,0.006407415043054421
2025-08-05,11.710000038146973,24720.25,24649.55078125,-0.0029608040671041946
2025-08-06,11.960000038146973,24641.349609375,24574.19921875,-0.003056914228121266
2025-08-07,11.6899995803833,24464.19921875,24596.150390625,0.0008932609229541644
2025-08-08,12.029999732971191,24544.25,24363.30078125,-0.009466912735407229
2025-08-11,12.220000267028809,24371.5,24585.05078125,0.009101804471857822
2025-08-12,12.229999542236328,24563.349609375,24487.400390625,-0.003971941790719136
2025-08-13,12.140000343322754,24586.19921875,24619.349609375,0.005388453516712133
2025-08-14,12.359999656677246,24607.25,24631.30078125,0.00048543816407109475
2025-08-18,12.34000015258789,24938.19921875,24876.94921875,0.009973019276634965
2025-08-19,11.789999961853027,24891.349609375,24980.650390625,0.004168564680625764
2025-08-20,11.789999961853027,24965.80078125,25050.55078125,0.0027981813736617234
2025-08-21,11.369999885559082,25142.0,25083.75,0.0013252889742787488
2025-08-22,11.729999542236328,25064.150390625,24870.099609375,-0.008517482060098724
2025-08-25,11.760000228881836,24949.150390625,24967.75,0.003926417350905487
2025-08-26,12.1899995803833,24899.5,24712.05078125,-0.010241179872034878
2025-08-28,12.18000030517578,24695.80078125,24500.900390625,-0.008544430103923584
2025-08-29,11.75,24466.69921875,24426.849609375,-0.0030223697933294824
2025-09-01,11.289999961853027,24432.69921875,24625.05078125,0.008114070174605414
2025-09-02,11.399999618530272,24653.0,24579.599609375,-0.0018457290617897026
2025-09-03,10.93000030517578,24616.5,24715.05078125,0.0055107151470170646
2025-09-04,10.850000381469728,24980.75,24734.30078125,0.0007788776228048189
2025-09-05,10.779999732971191,24818.849609375,24741.0,0.00027084730671167456
2025-09-08,10.84000015258789,24802.599609375,24773.150390625,0.0012994782193525012
2025-09-09,10.6899995803833,24864.099609375,24868.599609375,0.003852930178235292
2025-09-10,10.539999961853027,24991.0,24973.099609375,0.0042020862308871365
2025-09-11,10.359999656677246,24945.5,25005.5,0.0012974116602184615
2025-09-12,10.119999885559082,25074.44921875,25114.0,0.004339045410009845
2025-09-15,10.399999618530272,25118.900390625,25069.19921875,-0.0017838966811339896
2025-09-16,10.270000457763672,25073.599609375,25239.099609375,0.006777256391098607
2025-09-17,10.25,25276.599609375,25330.25,0.003611475529465391
2025-09-18,9.890000343322754,25441.05078125,25423.599609375,0.0036853015416349333
2025-09-19,9.970000267028809,25410.19921875,25327.05078125,-0.0037976065391384095
2025-09-22,10.5600004196167,25238.099609375,25202.349609375,-0.004923635718664832
2025-09-23,10.630000114440918,25209.0,25169.5,-0.0013034343973540308
2025-09-24,10.520000457763672,25108.75,25056.900390625,-0.00447365300760838
2025-09-25,10.779999732971191,25034.5,24890.849609375,-0.006626948212322681
2025-09-26,11.43000030517578,24818.55078125,24654.69921875,-0.009487437927231501
2025-09-29,11.369999885559082,24728.55078125,24634.900390625,-0.0008030448049409777
2025-09-30,11.06999969482422,24691.94921875,24611.099609375,-0.0009661407544825362
2025-10-01,10.289999961853027,24620.55078125,24836.30078125,0.009150390492475902
2025-10-03,10.0600004196167,24759.55078125,24894.25,0.0023332467769816567
2025-10-06,10.1899995803833,24916.55078125,25077.650390625,0.007367178791287232
2025-10-07,10.050000190734863,25085.30078125,25108.30078125,0.0012222193924698033
2025-10-08,10.3100004196167,25079.75,25046.150390625,-0.0024752925801897474
2025-10-09,10.119999885559082,25074.30078125,25181.80078125,0.005416017571936882
2025-10-10,10.100000381469728,25167.650390625,25285.349609375,0.0041120501676790155
2025-10-13,11.010000228881836,25177.30078125,25227.349609375,-0.0022938183927065925
2025-10-14,11.15999984741211,25277.55078125,25145.5,-0.003244479132464395
2025-10-15,10.529999732971191,25181.94921875,25323.55078125,0.007080820872521931
2025-10-16,10.869999885559082,25394.900390625,25585.30078125,0.010336228211479837
2025-10-17,11.630000114440918,25546.849609375,25709.849609375,0.004867983737610659
2025-10-20,11.359999656677246,25824.599609375,25843.150390625,0.005184813729964155
2025-10-21,11.300000190734863,25901.19921875,25868.599609375,0.0009847568259027106
2025-10-23,11.729999542236328,26057.19921875,25891.400390625,0.0008814076368377499
2025-10-24,11.59000015258789,25935.099609375,25795.150390625,-0.0037174505259611745
2025-10-27,11.859999656677246,25843.19921875,25966.05078125,0.006625291500029773
2025-10-28,11.949999809265137,25939.94921875,25936.19921875,-0.001149638146805021
2025-10-29,11.970000267028809,25982.0,26053.900390625,0.0045381040946781415
2025-10-30,12.06999969482422,25984.400390625,25877.849609375,-0.0067571756478100875
2025-10-31,12.149999618530272,25863.80078125,25722.099609375,-0.006018660837397216
2025-11-03,12.670000076293944,25696.849609375,25763.349609375,0.0016036793506921665
2025-11-04,12.649999618530272,25744.75,25597.650390625,-0.006431586779760301
2025-11-06,12.40999984741211,25593.349609375,25509.69921875,-0.0034359080045569534
2025-11-07,12.5600004196167,25433.80078125,25492.30078125,-0.0006820322478444663
2025-11-10,12.300000190734863,25503.5,25574.349609375,0.0032185728871263475
2025-11-11,12.489999771118164,25617.0,25694.94921875,0.0047156471705849246
2025-11-12,12.109999656677246,25834.30078125,25875.80078125,0.0070384090258497345
2025-11-13,12.15999984741211,25906.099609375,25879.150390625,0.00012944949620363744
2025-11-14,11.9399995803833,25767.900390625,25910.05078125,0.001194026471448284
2025-11-17,11.789999961853027,25948.19921875,26013.44921875,0.0039906690408659795
2025-11-18,12.100000381469728,26021.80078125,25910.05078125,-0.003974806902018679
2025-11-19,11.970000267028809,25918.099609375,26052.650390625,0.005503640675154298
2025-11-20,12.140000343322754,26132.099609375,26192.150390625,0.005354541588221684
2025-11-21,13.630000114440918,26109.55078125,26068.150390625,-0.0047342428227803435
2025-11-24,13.239999771118164,26122.80078125,25959.5,-0.004167936312968079
2025-11-25,12.239999771118164,25998.5,25884.80078125,-0.002877529180069005
2025-11-26,11.970000267028809,25842.94921875,26205.30078125,0.012381783530362567
2025-11-27,11.789999961853027,26261.25,26215.55078125,0.0003911422381892571
2025-11-28,11.619999885559082,26237.44921875,26202.94921875,-0.0004806903583736144
2025-12-01,11.630000114440918,26325.80078125,26175.75,-0.0010380212747401751
2025-12-02,11.229999542236328,26087.94921875,26032.19921875,-0.005484113396941881
2025-12-03,11.210000038146973,26004.900390625,25986.0,-0.0017746951904364927
2025-12-04,10.81999969482422,25981.849609375,26033.75,0.0018375278996383138
2025-12-05,10.31999969482422,25999.80078125,26186.44921875,0.005865433091659877
2025-12-08,11.130000114440918,26159.80078125,25960.55078125,-0.00862653945989178
2025-12-09,10.949999809265137,25867.099609375,25839.650390625,-0.004657081109092687
2025-12-10,10.90999984741211,25864.05078125,25758.0,-0.0031598875909956137
2025-12-11,10.399999618530272,25771.400390625,25898.55078125,0.0054565875164998
2025-12-12,10.109999656677246,25971.19921875,26046.94921875,0.005729990019651465
2025-12-15,10.25,25930.05078125,26027.30078125,-0.0007543469807149705
2025-12-16,10.0600004196167,25951.5,25860.099609375,-0.006424068837574293
2025-12-17,9.84000015258789,25902.400390625,25818.55078125,-0.001606677033445636
2025-12-18,9.710000038146973,25764.69921875,25815.55078125,-0.00011619552256891819
2025-12-19,9.520000457763672,25911.5,25966.400390625,0.005843362036054733
2025-12-22,9.68000030517578,26055.849609375,26172.400390625,0.00793332910611566
2025-12-23,9.380000114440918,26205.19921875,26177.150390625,0.00018148889399149937
2025-12-24,9.1899995803833,26170.650390625,26142.099609375,-0.0013389838361685946
2025-12-26,9.149999618530272,26121.25,26042.30078125,-0.0038175521330050532
2025-12-29,9.720000267028809,26063.349609375,25942.099609375,-0.003847631310177624
2025-12-30,9.68000030517578,25940.900390625,25938.849609375,-0.00012527898855285713
2025-12-31,9.479999542236328,25971.05078125,26129.599609375,0.0073538342244390265
