date,vix,nifty,nifty_return,vix_percentile,vix_regime
2015-01-02,13.800000190734863,8395.4501953125,,,
2015-01-05,14.149999618530272,8378.400390625,-0.0020308386436523884,,
2015-01-06,17.420000076293945,8127.35009765625,-0.029963988501869876,,
2015-01-07,18.13999938964844,8102.10009765625,-0.0031067936900222026,,
2015-01-08,16.469999313354492,8234.599609375,0.016353724358093125,,
2015-01-09,15.960000038146973,8284.5,0.006059844193054609,,
2015-01-12,16.110000610351562,8323.0,0.004647232784114941,,
2015-01-13,16.479999542236328,8299.400390625,-0.002835469106692301,,
2015-01-14,17.25,8277.5498046875,-0.0026327909136885097,,
2015-01-15,16.15999984741211,8494.150390625,0.026167234392820093,,
2015-01-16,17.270000457763672,8513.7998046875,0.0023132877520259942,,
2015-01-19,17.649999618530273,8550.7001953125,0.004334185847861161,,
2015-01-20,17.270000457763672,8695.599609375,0.016945912118627948,,
2015-01-21,17.709999084472656,8729.5,0.0038985684884169647,,
2015-01-22,18.56999969482422,8761.400390625,0.0036543204794088346,,
2015-01-23,17.889999389648438,8835.599609375,0.008468876599840858,,
2015-01-27,18.09000015258789,8910.5,0.00847711461998868,,
2015-01-28,19.770000457763672,8914.2998046875,0.0004264412420740271,,
2015-01-29,19.43000030517578,8952.349609375,0.0042684008302582566,,
2015-01-30,20.170000076293945,8808.900390625,-0.01602363904552817,,
2015-02-02,20.40999984741211,8797.400390625,-0.0013054977908750764,,
2015-02-03,19.809999465942383,8756.5498046875,-0.004643483770618517,,
2015-02-04,20.049999237060547,8723.7001953125,-0.003751432939651078,,
2015-02-05,20.6200008392334,8711.7001953125,-0.0013755630903555804,,
2015-02-06,20.690000534057617,8661.0498046875,-0.005814064934449137,,
2015-02-09,22.020000457763672,8526.349609375,-0.01555240973670402,,
2015-02-10,21.190000534057617,8565.5498046875,0.0045975355349490155,,
2015-02-11,20.5,8627.400390625,0.007220854159723844,,
2015-02-12,20.15999984741211,8711.5498046875,0.009753739278629103,,
2015-02-13,20.100000381469727,8805.5,0.0107845558389561,,
2015-02-16,20.829999923706055,8809.349609375,0.00043718237181300523,,
2015-02-18,20.90999984741211,8869.099609375,0.006782566551384539,,
2015-02-19,20.399999618530273,8895.2998046875,0.0029540986646272582,,
2015-02-20,21.270000457763672,8833.599609375,-0.006936269340802492,,
2015-02-23,21.6299991607666,8754.9501953125,-0.008903438863023694,,
2015-02-24,21.549999237060547,8762.099609375,0.0008166139044774035,,
2015-02-25,20.780000686645508,8767.25,0.0005878032497472763,,
2015-02-26,20.579999923706055,8683.849609375,-0.00951271956713906,,
2015-02-27,19.56999969482422,8844.599609375,0.018511375395821705,,
2015-03-02,15.850000381469728,8956.75,0.01268009809128312,,
2015-03-03,15.489999771118164,8996.25,0.004410081781896391,,
2015-03-04,15.199999809265137,8922.650390625,-0.008181143184660233,,
2015-03-05,14.4399995803833,8937.75,0.0016922784950608172,,
2015-03-09,15.8100004196167,8756.75,-0.02025118178512486,,
2015-03-10,15.529999732971191,8712.0498046875,-0.005104655872612551,,
2015-03-11,15.130000114440918,8699.9501953125,-0.0013888361116221049,,
2015-03-12,14.75,8776.0,0.008741406902360804,,
2015-03-13,14.970000267028809,8647.75,-0.014613719234275346,,
2015-03-16,15.18000030517578,8633.150390625,-0.0016882552542568652,,
2015-03-17,15.130000114440918,8723.2998046875,0.010442238346779709,,
2015-03-18,15.510000228881836,8685.900390625,-0.004287301239194297,,
2015-03-19,15.199999809265137,8634.650390625,-0.00590036699653107,,
2015-03-20,14.260000228881836,8570.900390625,-0.0073830435647072035,,
2015-03-23,14.270000457763672,8550.900390625,-0.002333477124745964,,
2015-03-24,13.670000076293944,8542.9501953125,-0.000929749494125387,,
2015-03-25,13.140000343322754,8530.7998046875,-0.0014222710360253243,,
2015-03-26,15.15999984741211,8342.150390625,-0.022113918786236364,,
2015-03-27,14.5,8341.400390625,-8.990487642646094e-05,,
2015-03-30,14.260000228881836,8492.2998046875,0.018090417315550278,,
2015-03-31,14.489999771118164,8491.0,-0.0001530568535489385,,
2015-04-01,13.670000076293944,8586.25,0.011217759981156483,,
2015-04-06,14.56999969482422,8659.900390625,0.00857771327704171,,
2015-04-07,14.25,8660.2998046875,4.612224673294918e-05,,
2015-04-08,14.350000381469728,8714.400390625,0.006246964557533818,,
2015-04-09,14.420000076293944,8778.2998046875,0.007332623152276119,,
2015-04-10,14.260000228881836,8780.349609375,0.0002335081659441407,,
2015-04-13,14.489999771118164,8834.0,0.006110279546012176,,
2015-04-16,14.949999809265137,8706.7001953125,-0.014410211080767454,,
2015-04-17,15.039999961853027,8606.0,-0.01156582781691673,,
2015-04-20,16.299999237060547,8448.099609375,-0.01834770981001632,,
2015-04-21,17.030000686645508,8377.75,-0.008327270348106652,,
2015-04-22,17.209999084472656,8429.7001953125,0.006200972255378856,,
2015-04-23,18.5,8398.2998046875,-0.0037249712205020824,,
2015-04-24,19.11000061035156,8305.25,-0.011079600258562361,,
2015-04-27,18.739999771118164,8213.7998046875,-0.011011130948797465,,
2015-04-28,17.40999984741211,8285.599609375,0.008741362876475867,,
2015-04-29,17.239999771118164,8239.75,-0.005533650132347967,,
2015-04-30,17.229999542236328,8181.5,-0.007069389241178392,,
2015-05-04,17.309999465942383,8331.9501953125,0.01838907233545184,,
2015-05-05,17.360000610351562,8324.7998046875,-0.0008581893143123631,,
2015-05-06,19.670000076293945,8097.0,-0.02736399793773192,,
2015-05-07,19.649999618530273,8057.2998046875,-0.004903074634123761,,
2015-05-08,19.11000061035156,8191.5,0.01665572816769534,,
2015-05-11,18.6299991607666,8325.25,0.01632790087285607,,
2015-05-12,20.549999237060547,8126.9501953125,-0.02381908107113906,,
2015-05-13,20.690000534057617,8235.4501953125,0.013350641678914421,,
2015-05-14,20.700000762939453,8224.2001953125,-0.0013660455388829762,,
2015-05-15,19.81999969482422,8262.349609375,0.004638677701966021,,
2015-05-18,17.899999618530273,8373.650390625,0.013470838987944989,,
2015-05-19,18.270000457763672,8365.650390625,-0.0009553778372400901,,
2015-05-20,17.719999313354492,8423.25,0.006885251795789804,,
2015-05-21,17.40999984741211,8421.0,-0.00026711779894939003,,
2015-05-22,16.950000762939453,8458.9501953125,0.004506613859696085,,
2015-05-25,16.93000030517578,8370.25,-0.010485957862909845,,
2015-05-26,17.06999969482422,8339.349609375,-0.0036916926764433144,,
2015-05-27,17.280000686645508,8334.599609375,-0.0005695887835976965,,
2015-05-28,17.1299991607666,8319.0,-0.00187166871908917,,
2015-05-29,16.65999984741211,8433.650390625,0.013781751487558669,,
2015-06-01,16.90999984741211,8433.400390625,-2.964315431874809e-05,,
2015-06-02,16.81999969482422,8236.4501953125,-0.023353592405198742,,
2015-06-03,17.510000228881836,8135.10009765625,-0.012305070176218624,,
2015-06-04,18.1200008392334,8130.64990234375,-0.0005470363313393456,,
2015-06-05,18.09000015258789,8114.7001953125,-0.001961676769116849,,
2015-06-08,18.88999938964844,8044.14990234375,-0.008694134258897646,,
2015-06-09,18.010000228881836,8022.39990234375,-0.0027038282806817193,,
2015-06-10,17.079999923706055,8124.4501953125,0.012720668903445809,,
2015-06-11,17.809999465942383,7965.35009765625,-0.019582875620068996,,
2015-06-12,17.479999542236328,7982.89990234375,0.0022032684655837187,,
2015-06-15,17.520000457763672,8013.89990234375,0.003883300602441242,,
2015-06-16,17.170000076293945,8047.2998046875,0.004167746384501569,,
2015-06-17,16.729999542236328,8091.5498046875,0.005498738840850059,,
2015-06-18,16.020000457763672,8174.60009765625,0.010263830165222254,,
2015-06-19,15.09000015258789,8224.9501953125,0.006159334653041526,,
2015-06-22,15.489999771118164,8353.099609375,0.015580570218593381,,
2015-06-23,15.039999961853027,8381.5498046875,0.003405944696333929,,
2015-06-24,15.920000076293944,8360.849609375,-0.002469733616678238,,
2015-06-25,15.93000030517578,8398.0,0.00444337505883885,,
2015-06-26,15.760000228881836,8381.099609375,-0.0020124304149797823,,
2015-06-29,17.299999237060547,8318.400390625,-0.00748102536329065,,
2015-06-30,16.93000030517578,8368.5,0.006022745602803914,,
2015-07-01,15.850000381469728,8453.0498046875,0.01010334046573469,,
2015-07-02,15.5600004196167,8444.900390625,-0.0009640797405430224,,
2015-07-03,16.309999465942383,8484.900390625,0.004736586359787687,,
2015-07-06,16.020000457763672,8522.150390625,0.004390151714822377,,
2015-07-07,16.309999465942383,8510.7998046875,-0.0013318922357890006,,
2015-07-08,17.790000915527344,8363.0498046875,-0.01736029555278973,,
2015-07-09,17.440000534057617,8328.5498046875,-0.004125289314989233,,
2015-07-10,17.06999969482422,8360.5498046875,0.0038422055160178825,,
2015-07-13,16.270000457763672,8459.650390625,0.011853357524637564,,
2015-07-14,16.010000228881836,8454.099609375,-0.0006561478304294432,,
2015-07-15,15.56999969482422,8523.7998046875,0.008244543893853207,,
2015-07-16,14.779999732971191,8608.0498046875,0.009884089482447456,,
2015-07-17,14.800000190734863,8609.849609375,0.00020908390731189108,,
2015-07-20,14.960000038146973,8603.4501953125,-0.0007432666484129546,,
2015-07-21,15.100000381469728,8529.4501953125,-0.00860120048586066,,
2015-07-22,15.130000114440918,8633.5,0.012198887654526924,,
2015-07-23,15.520000457763672,8589.7998046875,-0.005061700968610694,,
2015-07-24,15.460000038146973,8521.5498046875,-0.00794547038951432,,
2015-07-27,16.3700008392334,8361.0,-0.01884044667546103,,
2015-07-28,15.920000076293944,8337.0,-0.002870470039468942,,
2015-07-29,15.880000114440918,8375.0498046875,0.004563968416396724,,
2015-07-30,15.329999923706056,8421.7998046875,0.005582056356707721,,
2015-07-31,14.56999969482422,8532.849609375,0.013185994355469077,,
2015-08-03,15.390000343322754,8543.0498046875,0.0011954031512864116,,
2015-08-04,14.829999923706056,8516.900390625,-0.00306089917070973,,
2015-08-05,14.670000076293944,8567.9501953125,0.005993941733038577,,
2015-08-06,14.729999542236328,8588.650390625,0.002416003226048735,,
2015-08-07,14.90999984741211,8564.599609375,-0.002800298085977815,,
2015-08-10,15.470000267028809,8525.599609375,-0.004553627931107251,,
2015-08-11,15.890000343322754,8462.349609375,-0.007418833032042493,,
2015-08-12,17.450000762939453,8349.4501953125,-0.013341379081930671,,
2015-08-13,17.020000457763672,8355.849609375,0.0007664473603414823,,
2015-08-14,16.020000457763672,8518.5498046875,0.01947141259339502,,
2015-08-17,16.459999084472656,8477.2998046875,-0.004842373519645449,,
2015-08-18,16.360000610351562,8466.5498046875,-0.0012680924643075908,,
2015-08-19,16.68000030517578,8495.150390625,0.0033780685872379923,,
2015-08-20,16.979999542236328,8372.75,-0.014408266481082843,,
2015-08-21,17.110000610351562,8299.9501953125,-0.008694849922367243,,
2015-08-24,28.1299991607666,7809.0,-0.05915098088055637,,
2015-08-25,26.850000381469727,7880.7001953125,0.009181738418811536,,
2015-08-26,25.520000457763672,7791.85009765625,-0.011274391291918318,,
2015-08-27,22.040000915527344,7948.9501953125,0.02016210472317792,,
2015-08-28,23.329999923706055,8001.9501953125,0.006667547122292117,,
2015-08-31,24.600000381469727,7971.2998046875,-0.003830365083121179,,
2015-09-01,28.719999313354492,7785.85009765625,-0.023264675971940818,,
2015-09-02,26.649999618530273,7717.0,-0.0088429775544967,,
2015-09-03,24.1200008392334,7823.0,0.013735907736166952,,
2015-09-04,26.420000076293945,7655.0498046875,-0.021468770971813878,,
2015-09-07,26.350000381469727,7558.7998046875,-0.01257339958011272,,
2015-09-08,24.56999969482422,7688.25,0.017125760525132927,,
2015-09-09,24.299999237060547,7818.60009765625,0.01695445617094271,,
2015-09-10,24.75,7788.10009765625,-0.0039009540862875447,,
2015-09-11,24.979999542236328,7789.2998046875,0.00015404360706794407,,
2015-09-14,24.31999969482422,7872.25,0.010649249276883932,,
2015-09-15,23.739999771118164,7829.10009765625,-0.005481266771729776,,
2015-09-16,22.0,7899.14990234375,0.008947363530129149,,
2015-09-18,18.290000915527344,7981.89990234375,0.010475810818002973,,
2015-09-21,18.18000030517578,7977.10009765625,-0.0006013361162410247,,
2015-09-22,20.350000381469727,7812.0,-0.02069675641963653,,
2015-09-23,20.690000534057617,7845.9501953125,0.004345903137800811,,
2015-09-24,20.8799991607666,7868.5,0.002874069312977845,,
2015-09-28,21.670000076293945,7795.7001953125,-0.009252056260723118,,
2015-09-29,21.56999969482422,7843.2998046875,0.006105879931557867,,
2015-09-30,19.6299991607666,7948.89990234375,0.013463733413981993,,
2015-10-01,19.239999771118164,7950.89990234375,0.00025160714370175974,,
2015-10-05,19.1299991607666,8119.2998046875,0.02117998017986733,,
2015-10-06,19.309999465942383,8152.89990234375,0.004138299910646515,,
2015-10-07,19.34000015258789,8177.39990234375,0.0030050657181448504,,
2015-10-08,19.559999465942383,8129.35009765625,-0.005875926976951273,,
2015-10-09,18.93000030517578,8189.7001953125,0.00742372968703231,,
2015-10-12,19.1200008392334,8143.60009765625,-0.005629033610123568,,
2015-10-13,18.020000457763672,8131.7001953125,-0.0014612581906097155,,
2015-10-14,17.719999313354492,8107.89990234375,-0.002926853228365389,,
2015-10-15,17.170000076293945,8179.5,0.008830905477206663,,
2015-10-16,16.270000457763672,8238.150390625,0.007170412693318751,,
2015-10-19,16.8799991607666,8275.0498046875,0.004479089639404021,,
2015-10-20,17.0,8261.650390625,-0.0016192547934769097,,
2015-10-21,16.6200008392334,8251.7001953125,-0.001204383487806604,,
2015-10-23,16.190000534057617,8295.4501953125,0.005301937657024025,,
2015-10-26,17.229999542236328,8260.5498046875,-0.004207172582956553,,
2015-10-27,16.540000915527344,8232.900390625,-0.0033471638954116756,,
2015-10-28,17.040000915527344,8171.2001953125,-0.007494344931314734,,
2015-10-29,17.579999923706055,8111.75,-0.00727557689096936,,
2015-10-30,17.8799991607666,8065.7998046875,-0.005664646384873739,,
2015-11-02,19.479999542236328,8050.7998046875,-0.0018597039801661053,,
2015-11-03,19.559999465942383,8060.7001953125,0.0012297400090901522,,
2015-11-04,19.36000061035156,8040.2001953125,-0.0025432033822472278,,
2015-11-05,19.290000915527344,7955.4501953125,-0.010540782311541208,,
2015-11-06,19.469999313354492,7954.2998046875,-0.00014460408861305396,,
2015-11-09,17.040000915527344,7915.2001953125,-0.004915531264230055,,
2015-11-10,16.829999923706055,7783.35009765625,-0.01665783484975325,,
2015-11-13,17.649999618530273,7762.25,-0.002710927478722036,,
2015-11-16,17.8799991607666,7806.60009765625,0.005713562131630656,,
2015-11-17,16.969999313354492,7837.5498046875,0.00396455648349936,,
2015-11-18,17.420000076293945,7731.7998046875,-0.01349273722468125,,
2015-11-19,15.84000015258789,7842.75,0.014349853606560714,,
2015-11-20,15.899999618530272,7856.5498046875,0.0017595619760288894,,
2015-11-23,17.079999923706055,7849.25,-0.0009291361817810317,,
2015-11-24,16.25,7831.60009765625,-0.002248610038379506,,
2015-11-26,16.690000534057617,7883.7998046875,0.006665267171503286,,
2015-11-27,16.729999542236328,7942.7001953125,0.0074710662477730505,,
2015-11-30,16.43000030517578,7935.25,-0.0009379927643368147,,
2015-12-01,15.640000343322754,7954.89990234375,0.0024762801857218797,,
2015-12-02,15.489999771118164,7931.35009765625,-0.00296041496142041,,
2015-12-03,16.059999465942383,7864.14990234375,-0.008472730932953976,,
2015-12-04,16.09000015258789,7781.89990234375,-0.010458854551524621,,
2015-12-07,15.869999885559082,7765.39990234375,-0.0021203048364873966,,
2015-12-08,15.970000267028809,7701.7001953125,-0.00820301695113268,,
2015-12-09,16.729999542236328,7612.5,-0.011581883616657795,,
2015-12-10,16.290000915527344,7683.2998046875,0.00930046695402309,,
2015-12-11,17.18000030517578,7610.4501953125,-0.00948155235730297,,
2015-12-14,17.799999237060547,7650.0498046875,0.005203320218742258,,
2015-12-15,17.34000015258789,7700.89990234375,0.006647028314128445,,
2015-12-16,16.729999542236328,7750.89990234375,0.006492747683265243,,
2015-12-17,14.220000267028809,7844.35009765625,0.012056689737954374,,
2015-12-18,14.489999771118164,7761.9501953125,-0.010504363180879661,,
2015-12-21,14.229999542236328,7834.4501953125,0.009340436124388285,,
2015-12-22,14.479999542236328,7786.10009765625,-0.006171472975241898,,
2015-12-23,13.649999618530272,7865.9501953125,0.01025546764808305,,
2015-12-24,13.75,7861.0498046875,-0.0006229877514251081,,
2015-12-28,14.399999618530272,7925.14990234375,0.008154139618607559,,
2015-12-29,14.239999771118164,7928.9501953125,0.0004795231655652099,,
2015-12-30,14.350000381469728,7896.25,-0.004124151937772491,,
2015-12-31,13.869999885559082,7946.35009765625,0.006344796283837217,,
2016-01-04,16.84000015258789,7791.2998046875,-0.01951213966956744,,
2016-01-05,16.700000762939453,7784.64990234375,-0.0008535035886758635,,
2016-01-06,16.549999237060547,7741.0,-0.005607176031205752,,
2016-01-07,18.959999084472656,7568.2998046875,-0.022309804329221028,,
2016-01-08,17.799999237060547,7601.35009765625,0.004366937597831466,,
2016-01-11,18.690000534057617,7563.85009765625,-0.00493333414699082,,
2016-01-12,18.709999084472656,7510.2998046875,-0.007079766557687717,,
2016-01-13,18.350000381469727,7562.39990234375,0.006937152844914696,0.7063492063492064,normal
2016-01-14,18.61000061035156,7536.7998046875,-0.003385181686611949,0.7154150197628458,normal
2016-01-15,19.420000076293945,7437.7998046875,-0.013135548583687595,0.7795275590551181,high
2016-01-18,20.229999542236328,7351.0,-0.01167009155487031,0.8431372549019608,high
2016-01-19,18.43000030517578,7435.10009765625,0.011440633608522655,0.69921875,normal
2016-01-20,20.969999313354492,7309.2998046875,-0.01691978471256972,0.9027237354085603,high
2016-01-21,20.809999465942383,7276.7998046875,-0.004446390334017725,0.8875968992248062,high
2016-01-22,18.81999969482422,7422.4501953125,0.020015720445019758,0.722007722007722,normal
2016-01-25,18.270000457763672,7436.14990234375,0.0018457122204607046,0.6807692307692308,normal
2016-01-27,19.059999465942383,7437.75,0.00021517824106065397,0.735632183908046,normal
2016-01-28,17.899999618530273,7424.64990234375,-0.001761298464757477,0.6450381679389313,normal
2016-01-29,17.239999771118164,7563.5498046875,0.018707939656508632,0.5247148288973384,normal
2016-02-01,17.889999389648438,7555.9501953125,-0.0010047675458274563,0.6401515151515151,normal
2016-02-02,18.040000915527344,7455.5498046875,-0.013287592960483763,0.6566037735849056,normal
2016-02-03,18.59000015258789,7361.7998046875,-0.01257452534768888,0.7030075187969925,normal
2016-02-04,18.209999084472656,7404.0,0.005732320415128722,0.6741573033707865,normal
2016-02-05,18.11000061035156,7489.10009765625,0.011493800331746407,0.6604477611940298,normal
2016-02-08,20.260000228881836,7387.25,-0.013599777854234385,0.8438661710037175,high
2016-02-09,21.729999542236328,7298.2001953125,-0.012054527014450533,0.9296296296296296,high
2016-02-10,22.469999313354492,7215.7001953125,-0.011304156886925099,0.940959409594096,high
2016-02-11,25.969999313354492,6976.35009765625,-0.03317073758299127,0.9779411764705882,extreme
2016-02-12,24.670000076293945,6980.9501953125,0.0006593845767279838,0.9633699633699634,extreme
2016-02-15,22.3799991607666,7162.9501953125,0.02607094949942601,0.9306569343065694,high
2016-02-16,23.040000915527344,7048.25,-0.016012982386442,0.9345454545454546,high
2016-02-17,21.829999923706055,7108.4501953125,0.008541154940942874,0.9130434782608695,high
2016-02-18,21.489999771118164,7191.75,0.011718419964794835,0.8916967509025271,high
2016-02-19,20.920000076293945,7210.75,0.0026419160844022294,0.8776978417266187,high
2016-02-22,21.020000457763672,7234.5498046875,0.0033006004489823937,0.8817204301075269,high
2016-02-23,23.84000015258789,7109.5498046875,-0.017278200216274464,0.9428571428571428,high
2016-02-24,22.959999084472656,7018.7001953125,-0.012778531956425754,0.9288256227758007,high
2016-02-25,22.75,6970.60009765625,-0.006853134671341854,0.925531914893617,high
2016-02-26,21.8700008392334,7029.75,0.008485625558068977,0.9045936395759717,high
2016-02-29,20.15999984741211,6987.0498046875,-0.006074212498666354,0.7922535211267606,high
2016-03-01,18.670000076293945,7222.2998046875,0.03366943224623564,0.6736842105263158,normal
2016-03-02,18.989999771118164,7368.85009765625,0.020291361052837242,0.6993006993006993,normal
2016-03-03,18.040000915527344,7475.60009765625,0.014486656477644022,0.6097560975609756,normal
2016-03-04,17.8799991607666,7485.35009765625,0.0013042431206367056,0.5833333333333334,normal
2016-03-08,18.469999313354492,7485.2998046875,-6.71885323921817e-06,0.6539792387543253,normal
2016-03-09,17.510000228881836,7531.7998046875,0.006212176026787919,0.5344827586206896,normal
2016-03-10,17.899999618530273,7486.14990234375,-0.006060955352974129,0.5979381443298969,normal
2016-03-11,17.100000381469727,7510.2001953125,0.0032126384433233124,0.4417808219178082,normal
2016-03-14,17.100000381469727,7538.75,0.0038014705260878134,0.44368600682593856,normal
2016-03-15,17.600000381469727,7460.60009765625,-0.010366427105786724,0.54421768707483,normal
2016-03-16,17.110000610351562,7498.75,0.005113516586384925,0.44745762711864406,normal
2016-03-17,16.84000015258789,7512.5498046875,0.0018402806717785491,0.38175675675675674,normal
2016-03-18,16.3799991607666,7604.35009765625,0.012219591930221929,0.31986531986531985,normal
2016-03-21,16.329999923706055,7704.25,0.013137204502793765,0.31208053691275167,normal
2016-03-22,16.43000030517578,7714.89990234375,0.001382341219943628,0.3277591973244147,normal
2016-03-23,16.350000381469727,7716.5,0.00020740355370829633,0.31333333333333335,normal
2016-03-28,17.489999771118164,7615.10009765625,-0.013140659929210097,0.5382059800664452,normal
2016-03-29,17.639999389648438,7597.0,-0.0023768693023248355,0.5562913907284768,normal
2016-03-30,16.809999465942383,7735.2001953125,0.01819141704784788,0.37623762376237624,normal
2016-03-31,16.579999923706055,7738.39990234375,0.00041365536126503066,0.34539473684210525,normal
2016-04-01,17.280000686645508,7713.0498046875,-0.0032758836421172832,0.5016393442622951,normal
2016-04-04,17.450000762939453,7758.7998046875,0.005931505845093277,0.5359477124183006,normal
2016-04-05,17.829999923706055,7603.2001953125,-0.02005459778469787,0.5928338762214984,normal
2016-04-06,17.350000381469727,7614.35009765625,0.0014664749128432408,0.5097402597402597,normal
2016-04-07,16.93000030517578,7546.4501953125,-0.00891736017820488,0.40129449838187703,normal
2016-04-08,16.43000030517578,7555.2001953125,0.0011594855559287076,0.3225806451612903,normal
2016-04-11,16.010000228881836,7671.39990234375,0.015380096361092388,0.2508038585209003,normal
2016-04-12,16.020000457763672,7708.9501953125,0.004894842329530746,0.26282051282051283,normal
2016-04-13,16.040000915527344,7850.4501953125,0.018355287868643932,0.26517571884984026,normal
2016-04-18,16.950000762939453,7914.7001953125,0.008184244011682829,0.4140127388535032,normal
2016-04-20,17.079999923706055,7914.75,6.292681500319475e-06,0.4507936507936508,normal
2016-04-21,16.510000228881836,7912.0498046875,-0.0003411598992387743,0.33860759493670883,normal
2016-04-22,16.3799991607666,7899.2998046875,-0.0016114660947212922,0.3186119873817035,normal
2016-04-25,16.56999969482422,7855.0498046875,-0.005601762319964343,0.3490566037735849,normal
2016-04-26,16.579999923706055,7962.64990234375,0.013698206928241197,0.3542319749216301,normal
2016-04-27,16.350000381469727,7979.89990234375,0.0021663642394880167,0.30625,normal
2016-04-28,16.600000381469727,7847.25,-0.016623003291656557,0.3582554517133956,normal
2016-04-29,16.540000915527344,7849.7998046875,0.00032492971263820003,0.3447204968944099,normal
2016-05-02,17.09000015258789,7805.89990234375,-0.005592486870497626,0.46439628482972134,normal
2016-05-03,17.459999084472656,7747.0,-0.0075455620851691,0.558641975308642,normal
2016-05-04,17.450000762939453,7706.5498046875,-0.0052214012278947175,0.556923076923077,normal
2016-05-05,17.170000076293945,7735.5,0.003756570196288278,0.48466257668711654,normal
2016-05-06,16.950000762939453,7733.4501953125,-0.00026498670900398924,0.42201834862385323,normal
2016-05-09,16.610000610351562,7866.0498046875,0.01714624210748439,0.3567073170731707,normal
2016-05-10,16.420000076293945,7887.7998046875,0.002765047328716186,0.3130699088145897,normal
2016-05-11,16.959999084472656,7848.85009765625,-0.00493796850778383,0.42727272727272725,normal
2016-05-12,16.329999923706055,7900.39990234375,0.006567816182767139,0.2930513595166163,normal
2016-05-13,17.0,7814.89990234375,-0.010822236982540034,0.4397590361445783,normal
2016-05-16,17.030000686645508,7860.75,0.005867010227795566,0.44744744744744747,normal
2016-05-17,16.3700008392334,7890.75,0.003816429729987636,0.30538922155688625,normal
2016-05-18,16.450000762939453,7870.14990234375,-0.002610664088489645,0.3253731343283582,normal
2016-05-19,17.059999465942383,7783.39990234375,-0.011022661712474568,0.4583333333333333,normal
2016-05-20,16.43000030517578,7749.7001953125,-0.0043296897826234915,0.32344213649851633,normal
2016-05-23,16.15999984741211,7731.0498046875,-0.0024065951139995434,0.2603550295857988,normal
2016-05-24,16.219999313354492,7748.85009765625,0.002302441895789764,0.26548672566371684,normal
2016-05-25,15.520000457763672,7934.89990234375,0.024009988881288802,0.17352941176470588,low
2016-05-26,15.329999923706056,8069.64990234375,0.016981940750153468,0.1495601173020528,low
2016-05-27,15.260000228881836,8156.64990234375,0.010781136858828422,0.14619883040935672,low
2016-05-30,15.979999542236328,8178.5,0.0026788078338353394,0.23323615160349853,low
2016-05-31,16.049999237060547,8160.10009765625,-0.0022497893677019265,0.2558139534883721,normal
2016-06-01,15.84000015258789,8179.9501953125,0.0024325801667495206,0.2,low
2016-06-02,15.09000015258789,8218.9501953125,0.00476775519028827,0.12138728323699421,low
2016-06-03,15.0,8220.7998046875,0.00022504204686080165,0.11239193083573487,low
2016-06-06,15.359999656677246,8201.0498046875,-0.002402442641741276,0.15804597701149425,low
2016-06-07,14.869999885559082,8266.4501953125,0.007974636440766236,0.10028653295128939,low
2016-06-08,15.140000343322754,8273.0498046875,0.0007983607496653278,0.14,low
2016-06-09,15.670000076293944,8203.599609375,-0.0083947512649023,0.2022792022792023,low
2016-06-10,15.970000267028809,8170.0498046875,-0.004089644337244347,0.2471590909090909,low
2016-06-13,16.579999923706055,8110.60009765625,-0.007276541569812833,0.38526912181303113,normal
2016-06-14,17.190000534057617,8108.85009765625,-0.00021576701833758705,0.5282485875706214,normal
2016-06-15,17.059999465942383,8206.599609375,0.012054669964487674,0.48450704225352115,normal
2016-06-16,17.700000762939453,8140.75,-0.008023982222768011,0.6264044943820225,normal
2016-06-17,17.350000381469727,8170.2001953125,0.003617626792678852,0.5686274509803921,normal
2016-06-20,17.520000457763672,8238.5,0.008359624373303065,0.611731843575419,normal
2016-06-21,17.260000228881836,8219.900390625,-0.002257645126540031,0.5431754874651811,normal
2016-06-22,18.18000030517578,8203.7001953125,-0.0019708505629796313,0.7027777777777777,normal
2016-06-23,18.020000457763672,8270.4501953125,0.008136572328440339,0.6786703601108033,normal
2016-06-24,18.6299991607666,8088.60009765625,-0.021987932139331257,0.7375690607734806,normal
2016-06-27,18.530000686645508,8094.7001953125,0.0007541598771854119,0.7245179063360881,normal
2016-06-28,17.729999542236328,8127.85009765625,0.004095260052119798,0.6318681318681318,normal
2016-06-29,16.15999984741211,8204.0,0.009369009200318468,0.27945205479452057,normal
2016-06-30,16.290000915527344,8287.75,0.010208434909800168,0.2978142076502732,normal
2016-07-01,15.739999771118164,8328.349609375,0.00489874928358125,0.19618528610354224,low
2016-07-04,15.579999923706056,8370.7001953125,0.005085111447510116,0.19021739130434784,low
2016-07-05,15.359999656677246,8335.9501953125,-0.0041513850919495665,0.15718157181571815,low
2016-07-07,15.3100004196167,8337.900390625,0.00023394997172565546,0.14864864864864866,low
2016-07-08,15.079999923706056,8323.2001953125,-0.0017630571995113087,0.11590296495956873,low
2016-07-11,14.850000381469728,8467.900390625,0.017385163388715874,0.09408602150537634,low
2016-07-12,14.779999732971191,8521.0498046875,0.006276575256050743,0.08847184986595175,low
2016-07-13,15.329999923706056,8519.5,-0.00018187954806314632,0.16310160427807488,low
2016-07-14,15.609999656677246,8565.0,0.005340689007570898,0.20533333333333334,low
2016-07-15,15.640000343322754,8541.400390625,-0.0027553542761237226,0.21010638297872342,low
2016-07-18,15.989999771118164,8508.7001953125,-0.003828434895569499,0.2625994694960212,normal
2016-07-19,15.800000190734863,8528.5498046875,0.0023328603569714446,0.21957671957671956,low
2016-07-20,15.989999771118164,8565.849609375,0.004373522526303297,0.26649076517150394,normal
2016-07-21,15.710000038146973,8510.099609375,-0.006508402848794281,0.2131578947368421,low
2016-07-22,15.5,8541.2001953125,0.003654550165692383,0.1837270341207349,low
2016-07-25,15.720000267028809,8635.650390625,0.011058187743255843,0.21727748691099477,low
2016-07-26,15.619999885559082,8590.650390625,-0.005210956669673972,0.206266318537859,low
2016-07-27,15.43000030517578,8615.7998046875,0.0029275331807177007,0.16927083333333334,low
2016-07-28,15.149999618530272,8666.2998046875,0.005861324676151858,0.13766233766233765,low
2016-07-29,14.920000076293944,8638.5,-0.003207805558776422,0.10103626943005181,low
2016-08-01,15.18000030517578,8636.5498046875,-0.00022575624385023918,0.14728682170542637,low
2016-08-02,15.6899995803833,8622.900390625,-0.001580424402241265,0.22422680412371135,low
2016-08-03,16.239999771118164,8544.849609375,-0.009051569392458547,0.3264781491002571,normal
2016-08-04,15.140000343322754,8551.099609375,0.0007314347572768831,0.13846153846153847,low
2016-08-05,14.350000381469728,8683.150390625,0.015442549763450941,0.04859335038363171,low
2016-08-08,14.59000015258789,8711.349609375,0.0032475792173825013,0.07653061224489796,low
2016-08-09,14.539999961853027,8678.25,-0.003799596028080332,0.07124681933842239,low
2016-08-10,14.920000076293944,8575.2998046875,-0.011863013316336768,0.10913705583756345,low
2016-08-11,14.210000038146973,8592.150390625,0.00196501420606765,0.02278481012658228,low
2016-08-16,14.18000030517578,8642.5498046875,0.0058657509204553815,0.022727272727272728,low
2016-08-17,14.779999732971191,8624.0498046875,-0.0021405719860551065,0.0982367758186398,low
2016-08-18,14.550000190734863,8673.25,0.0057049989769026865,0.07788944723618091,low
2016-08-19,14.539999961853027,8666.900390625,-0.0007320911278931863,0.07769423558897243,low
2016-08-22,14.239999771118164,8629.150390625,-0.0043556517669032235,0.035,low
2016-08-23,13.899999618530272,8632.599609375,0.0003997170745508871,0.0199501246882793,low
2016-08-24,13.489999771118164,8650.2998046875,0.0020503899304304962,0.004975124378109453,low
2016-08-25,13.289999961853027,8592.2001953125,-0.006716485056797228,0.004962779156327543,low
2016-08-26,13.56999969482422,8572.5498046875,-0.0022870033493540554,0.009900990099009901,low
2016-08-29,13.170000076293944,8607.4501953125,0.004071179686342186,0.0049382716049382715,low
2016-08-30,13.020000457763672,8744.349609375,0.015904758198549196,0.0024630541871921183,low
2016-08-31,13.239999771118164,8786.2001953125,0.00478601471887985,0.009828009828009828,low
2016-09-01,13.34000015258789,8774.650390625,-0.0013145392127147382,0.014705882352941176,low
2016-09-02,12.9399995803833,8809.650390625,0.0039887629069979,0.0024449877750611247,low
2016-09-06,12.75,8943.0,0.015136765190694401,0.0024390243902439024,low
2016-09-07,13.149999618530272,8917.9501953125,-0.002801051625573092,0.012165450121654502,low
2016-09-08,13.119999885559082,8952.5,0.0038741867728371293,0.009708737864077669,low
2016-09-09,13.229999542236328,8866.7001953125,-0.009583893290980194,0.01937046004842615,low
2016-09-12,15.239999771118164,8715.599609375,-0.017041355026008564,0.2028985507246377,low
2016-09-14,14.760000228881836,8726.599609375,0.0012621047883116798,0.12771084337349398,low
2016-09-15,14.68000030517578,8742.5498046875,0.001827767518446155,0.12259615384615384,low
2016-09-16,14.579999923706056,8779.849609375,0.004266467508998506,0.11750599520383694,low
2016-09-19,14.9399995803833,8808.400390625,0.003251853109136782,0.15789473684210525,low
2016-09-20,14.779999732971191,8775.900390625,-0.0036896597064991488,0.14081145584725538,low
2016-09-21,14.8100004196167,8777.150390625,0.0001424355273373923,0.14523809523809525,low
2016-09-22,13.34000015258789,8867.4501953125,0.010288054854791007,0.028503562945368172,low
2016-09-23,13.25,8831.5498046875,-0.00404855847332275,0.023696682464454975,low
2016-09-26,14.56999969482422,8723.0498046875,-0.012285499419638857,0.12056737588652482,low
2016-09-27,14.25,8706.400390625,-0.0019086689214536934,0.07311320754716981,low
2016-09-28,13.850000381469728,8745.150390625,0.004450748674702076,0.04941176470588235,low
2016-09-29,18.450000762939453,8591.25,-0.0175983698107679,0.7582159624413145,high
2016-09-30,17.18000030517578,8611.150390625,0.002316355667103087,0.5831381733021077,normal
2016-10-03,15.619999885559082,8738.099609375,0.014742422671912614,0.2803738317757009,normal
2016-10-04,14.989999771118164,8769.150390625,0.0035534936242527237,0.1794871794871795,low
2016-10-05,14.93000030517578,8743.9501953125,-0.0028737328235858284,0.1697674418604651,low
2016-10-06,14.84000015258789,8709.5498046875,-0.003934193340149772,0.15777262180974477,low
2016-10-07,14.489999771118164,8697.599609375,-0.0013720795655899343,0.1087962962962963,low
2016-10-10,14.289999961853027,8708.7998046875,0.0012877340663539627,0.08545034642032333,low
2016-10-13,15.43000030517578,8573.349609375,-0.015553256286772621,0.2534562211981567,normal
2016-10-14,14.890000343322754,8583.400390625,0.0011723284023095193,0.167816091954023,low
2016-10-17,15.65999984741211,8520.400390625,-0.007339748483457642,0.2981651376146789,normal
2016-10-18,14.539999961853027,8677.900390625,0.01848504680288232,0.11899313501144165,low
2016-10-19,14.609999656677246,8659.099609375,-0.002166512682066579,0.13470319634703196,low
2016-10-20,14.170000076293944,8699.400390625,0.004654153788272275,0.05694760820045558,low
2016-10-21,13.829999923706056,8693.0498046875,-0.0007300027188475999,0.04772727272727273,low
2016-10-24,14.329999923706056,8708.9501953125,0.0018290923188344355,0.09070294784580499,low
2016-10-25,14.479999542236328,8691.2998046875,-0.0020266955521803798,0.1085972850678733,low
2016-10-26,14.449999809265137,8615.25,-0.008750107164233856,0.10609480812641084,low
2016-10-27,14.09000015258789,8615.25,0.0,0.05630630630630631,low
2016-10-28,14.649999618530272,8638.0,0.0026406662604103737,0.14831460674157304,low
2016-11-01,15.739999771118164,8626.25,-0.0013602685806899384,0.3251121076233184,normal
2016-11-02,16.799999237060547,8514.0,-0.013012606868569754,0.5100671140939598,normal
2016-11-03,16.469999313354492,8484.9501953125,-0.003412004309079175,0.4642857142857143,normal
2016-11-04,16.850000381469727,8433.75,-0.00603423639902867,0.5233853006681515,normal
2016-11-07,16.510000228881836,8497.0498046875,0.007505534867348507,0.4688888888888889,normal
2016-11-08,16.770000457763672,8543.5498046875,0.005472487636161372,0.5099778270509978,normal
2016-11-09,16.6200008392334,8432.0,-0.013056610804363489,0.4911504424778761,normal
2016-11-10,15.460000038146973,8525.75,0.011118358633776193,0.2693156732891832,normal
2016-11-11,17.360000610351562,8296.2998046875,-0.026912611243878892,0.6475770925110133,normal
2016-11-15,20.149999618530273,8108.4501953125,-0.022642577269069153,0.865934065934066,high
2016-11-16,19.5,8111.60009765625,0.0003884715658204474,0.8399122807017544,high
2016-11-17,18.709999084472656,8079.9501953125,-0.003901807530291679,0.7943107221006565,high
2016-11-18,17.809999465942383,8074.10009765625,-0.000724026450019899,0.7074235807860262,normal
2016-11-21,19.100000381469727,7929.10009765625,-0.017958657713704862,0.8104575163398693,high
2016-11-22,18.469999313354492,8002.2998046875,0.009231779915716665,0.7695652173913043,high
2016-11-23,18.040000915527344,8033.2998046875,0.0038738863522509437,0.735357917570499,normal
2016-11-24,17.15999984741211,7965.5,-0.008439844937436325,0.5865800865800865,normal
2016-11-25,17.610000610351562,8114.2998046875,0.018680535394827613,0.6760259179265659,normal
2016-11-28,18.059999465942383,8126.89990234375,0.001552826240037497,0.7370689655172413,normal
2016-11-29,17.709999084472656,8142.14990234375,0.0018764842908427504,0.6860215053763441,normal
2016-11-30,16.850000381469727,8224.5,0.01011404833415619,0.5150214592274678,normal
2016-12-01,16.690000534057617,8192.900390625,-0.00384213136056899,0.4860813704496788,normal
2016-12-02,17.93000030517578,8086.7998046875,-0.012950308300941793,0.7243589743589743,normal
2016-12-05,17.290000915527344,8128.75,0.00518749027126697,0.6204690831556503,normal
2016-12-06,17.110000610351562,8143.14990234375,0.0017714780678148578,0.5787234042553191,normal
2016-12-07,16.850000381469727,8102.0498046875,-0.005047198952388254,0.5138004246284501,normal
2016-12-08,15.529999732971191,8246.849609375,0.017871996368588716,0.2796610169491525,normal
2016-12-09,15.06999969482422,8261.75,0.0018067979083868924,0.20084566596194503,low
2016-12-12,16.190000534057617,8170.7998046875,-0.011008587201561393,0.3881856540084388,normal
2016-12-13,15.920000076293944,8221.7998046875,0.006241739024219095,0.3410526315789474,normal
2016-12-14,16.59000015258789,8182.4501953125,-0.004786009184091999,0.47058823529411764,normal
2016-12-15,15.65999984741211,8153.60009765625,-0.003525850688682164,0.29979035639413,normal
2016-12-16,15.25,8139.4501953125,-0.001735417750965862,0.23430962343096234,low
2016-12-19,14.84000015258789,8104.35009765625,-0.004312342580149231,0.16701461377870563,low
2016-12-20,14.539999961853027,8082.39990234375,-0.0027084460873485483,0.12291666666666666,low
2016-12-21,14.710000038146973,8061.2998046875,-0.0026106228238139684,0.14553014553014554,low
2016-12-22,15.550000190734863,7979.10009765625,-0.010196830414798908,0.2863070539419087,normal
2016-12-23,15.130000114440918,7985.75,0.0008334150796909245,0.2194616977225673,low
2016-12-26,16.600000381469727,7908.25,-0.009704786651222541,0.48140495867768596,normal
2016-12-27,15.079999923706056,8032.85009765625,0.01575571051196545,0.20618556701030927,low
2016-12-28,15.539999961853027,8034.85009765625,0.00024897763255693484,0.2880658436213992,normal
2016-12-29,15.279999732971191,8103.60009765625,0.008556475748073389,0.24435318275154005,low
2016-12-30,15.470000267028809,8185.7998046875,0.01014360358861044,0.27049180327868855,normal
2017-01-02,15.829999923706056,8179.5,-0.0007696016073948098,0.3333333333333333,normal
2017-01-03,15.960000038146973,8192.25,0.0015587749862460143,0.36122448979591837,normal
2017-01-04,15.890000343322754,8190.5,-0.00021361652781592966,0.34826883910386963,normal
2017-01-05,15.050000190734863,8273.7998046875,0.01017029542610337,0.1991869918699187,low
2017-01-06,14.90999984741211,8243.7998046875,-0.0036259035398709116,0.17647058823529413,low
2017-01-09,15.479999542236328,8236.0498046875,-0.0009401004613908137,0.2732793522267207,normal
2017-01-10,15.199999809265137,8288.599609375,0.0063804622280927425,0.2383838383838384,low
2017-01-11,14.8100004196167,8380.650390625,0.01110570972035907,0.16129032258064516,low
2017-01-12,14.609999656677246,8407.2001953125,0.003167988574872327,0.13480885311871227,low
2017-01-13,14.380000114440918,8400.349609375,-0.0008148474852923693,0.09036144578313253,low
2017-01-16,15.06999969482422,8412.7998046875,0.0014821044232022906,0.20841683366733466,low
2017-01-17,15.390000343322754,8398.0,-0.0017592008642893786,0.268,normal
2017-01-18,15.18000030517578,8417.0,0.002262443438914019,0.23952095808383234,low
2017-01-19,15.020000457763672,8435.099609375,0.0021503634757038537,0.199203187250996,low
2017-01-20,15.789999961853027,8349.349609375,-0.010165855054597661,0.341948310139165,normal
2017-01-23,15.90999984741211,8391.5,0.005048344194100052,0.36706349206349204,normal
2017-01-24,15.289999961853027,8475.7998046875,0.010045856484240057,0.25544554455445545,normal
2017-01-25,15.170000076293944,8602.75,0.014977960574563243,0.23517786561264822,low
2017-01-27,16.010000228881836,8641.25,0.00447531312661642,0.39644970414201186,normal
2017-01-30,16.670000076293945,8632.75,-0.0009836539852451365,0.5137795275590551,normal
2017-01-31,16.829999923706055,8561.2998046875,-0.008276643631809133,0.5402750491159135,normal
2017-02-01,13.970000267028809,8716.400390625,0.01811647640847469,0.049019607843137254,low
2017-02-02,13.520000457763672,8734.25,0.002047818890261066,0.029354207436399216,low
2017-02-03,13.130000114440918,8740.9501953125,0.0007671174184962215,0.009765625,low
2017-02-06,13.399999618530272,8801.0498046875,0.006875638006406781,0.029239766081871343,low
2017-02-07,13.510000228881836,8768.2998046875,-0.0037211469911869743,0.033073929961089495,low
2017-02-08,13.350000381469728,8769.0498046875,8.55353964515082e-05,0.02912621359223301,low
2017-02-09,13.239999771118164,8778.400390625,0.0010663168924529565,0.02131782945736434,low
2017-02-10,13.18000030517578,8793.5498046875,0.0017257602055471555,0.017408123791102514,low
2017-02-13,13.6899995803833,8805.0498046875,0.001307776751758416,0.05019305019305019,low
2017-02-14,13.800000190734863,8792.2998046875,-0.0014480326951941125,0.055876685934489405,low
2017-02-15,14.210000038146973,8724.7001953125,-0.007688501401983627,0.07692307692307693,low
2017-02-16,13.729999542236328,8778.0,0.006109070053333943,0.05182341650671785,low
2017-02-17,13.43000030517578,8821.7001953125,0.004978377228582742,0.03639846743295019,low
2017-02-20,13.609999656677246,8879.2001953125,0.0065180179247708026,0.045889101338432124,low
2017-02-21,13.529999732971191,8907.849609375,0.003226575978951818,0.04389312977099236,low
2017-02-22,13.699999809265137,8926.900390625,0.0021386509747480797,0.05714285714285714,low
2017-02-23,13.399999618530272,8939.5,0.0014114204061503877,0.03612167300380228,low
2017-02-27,13.68000030517578,8896.7001953125,-0.004787717958219084,0.056925996204933584,low
2017-02-28,13.789999961853027,8879.599609375,-0.0019221268068030373,0.06628787878787878,low
2017-03-01,13.579999923706056,8945.7998046875,0.007455313102474381,0.04914933837429111,low
2017-03-02,13.359999656677246,8899.75,-0.0051476453411544165,0.033962264150943396,low
2017-03-03,13.350000381469728,8897.5498046875,-0.0002472199008398679,0.03389830508474576,low
2017-03-06,13.640000343322754,8963.4501953125,0.00740657732427441,0.05639097744360902,low
2017-03-07,13.880000114440918,8946.900390625,-0.0018463654426456033,0.08442776735459662,low
2017-03-08,14.079999923706056,8924.2998046875,-0.0025260799775062015,0.0898876404494382,low
2017-03-09,14.390000343322754,8927.0,0.0003025666294942386,0.13271028037383178,low
2017-03-10,13.960000038146973,8934.5498046875,0.0008457269729471584,0.08768656716417911,low
2017-03-14,12.399999618530272,9087.0,0.017062996865551794,0.00186219739292365,low
2017-03-15,12.420000076293944,9084.7998046875,-0.0002421255983823256,0.0037174721189591076,low
2017-03-16,11.90999984741211,9153.7001953125,0.0075841396735512046,0.0018552875695732839,low
2017-03-17,11.850000381469728,9160.0498046875,0.0006936658662091144,0.001851851851851852,low
2017-03-20,12.020000457763672,9126.849609375,-0.0036244557639315556,0.005545286506469501,low
2017-03-21,11.9399995803833,9121.5,-0.0005861397529225432,0.005535055350553505,low
2017-03-22,12.270000457763672,9030.4501953125,-0.009981889457600146,0.009208103130755065,low
2017-03-23,11.84000015258789,9086.2998046875,0.006184587497530369,0.001838235294117647,low
2017-03-24,11.979999542236328,9108.0,0.002388232369495924,0.009174311926605505,low
2017-03-27,12.4399995803833,9045.2001953125,-0.006895015885759803,0.018315018315018316,low
2017-03-28,12.119999885559082,9100.7998046875,0.006146863328001739,0.012797074954296161,low
2017-03-29,12.09000015258789,9143.7998046875,0.004724859454424246,0.012773722627737226,low
2017-03-30,12.149999618530272,9173.75,0.003275464899958447,0.01639344262295082,low
2017-03-31,12.420000076293944,9173.75,0.0,0.023636363636363636,low
2017-04-03,11.489999771118164,9237.849609375,0.006987285393105225,0.0018148820326678765,low
2017-04-05,11.550000190734863,9265.150390625,0.002955317785461098,0.0036231884057971015,low
2017-04-06,11.289999961853027,9261.9501953125,-0.00034540133484917135,0.0018083182640144665,low
2017-04-07,11.6899995803833,9198.2998046875,-0.006872244968150865,0.007220216606498195,low
2017-04-10,11.619999885559082,9181.4501953125,-0.0018318178068531532,0.007207207207207207,low
2017-04-11,11.399999618530272,9237.0,0.006050221207523521,0.0035971223021582736,low
2017-04-12,11.630000114440918,9203.4501953125,-0.003632110499891761,0.010771992818671455,low
2017-04-13,11.579999923706056,9150.7998046875,-0.005720723153564311,0.008960573476702509,low
2017-04-17,11.890000343322754,9139.2998046875,-0.0012567207506942735,0.01967799642218247,low
2017-04-18,12.380000114440918,9105.150390625,-0.003736545992832463,0.03571428571428571,low
2017-04-19,12.220000267028809,9103.5,-0.00018125901870869043,0.0338680926916221,low
2017-04-20,11.5600004196167,9136.400390625,0.003614037526775471,0.008896797153024912,low
2017-04-21,11.420000076293944,9119.400390625,-0.0018606890321317682,0.0053285968028419185,low
2017-04-24,11.630000114440918,9217.9501953125,0.010806610135114969,0.01773049645390071,low
2017-04-25,11.15999984741211,9306.599609375,0.00961704198701141,0.0017699115044247787,low
2017-04-26,11.739999771118164,9351.849609375,0.004862141050359314,0.022968197879858657,low
2017-04-27,11.06999969482422,9342.150390625,-0.001037144431864756,0.001763668430335097,low
2017-04-28,10.859999656677246,9304.0498046875,-0.004078352878555069,0.0017605633802816902,low
2017-05-02,11.449999809265137,9313.7998046875,0.0010479307618374012,0.012302284710017574,low
2017-05-03,11.529999732971191,9311.9501953125,-0.00019858805361794296,0.015789473684210527,low
2017-05-04,11.329999923706056,9359.900390625,0.005149318274558334,0.008756567425569177,low
2017-05-05,11.989999771118164,9285.2998046875,-0.007970232889681239,0.043706293706293704,low
2017-05-08,11.670000076293944,9314.0498046875,0.0030962920535411165,0.029668411867364748,low
2017-05-09,11.109999656677246,9316.849609375,0.0003006001413146109,0.005226480836236934,low
2017-05-10,10.949999809265137,9407.2998046875,0.009708238203339103,0.0034782608695652175,low
2017-05-11,10.84000015258789,9422.400390625,0.0016051987553300506,0.001736111111111111,low
2017-05-12,10.630000114440918,9400.900390625,-0.002281796475279485,0.0017331022530329288,low
2017-05-15,10.68000030517578,9445.400390625,0.004733589140501593,0.0034602076124567475,low
2017-05-16,10.5600004196167,9512.25,0.007077477566896029,0.0017271157167530224,low
2017-05-17,10.640000343322754,9525.75,0.0014192225814082526,0.005172413793103448,low
2017-05-18,11.789999961853027,9429.4501953125,-0.010109419697924005,0.04647160068846816,low
2017-05-19,11.300000190734863,9427.900390625,-0.00016435790585866972,0.020618556701030927,low
2017-05-22,11.199999809265137,9438.25,0.001097763971423804,0.018867924528301886,low
2017-05-23,12.199999809265137,9386.150390625,-0.00552004973114717,0.0702054794520548,low
2017-05-24,11.829999923706056,9360.5498046875,-0.0027274851639997877,0.05128205128205128,low
2017-05-25,10.449999809265137,9509.75,0.015939255537936958,0.0017064846416382253,low
2017-05-26,10.859999656677246,9595.099609375,0.008974958266515953,0.013628620102214651,low
2017-05-29,11.789999961853027,9604.900390625,0.00102143611312,0.05442176870748299,low
2017-05-30,11.770000457763672,9624.5498046875,0.0020457696866569286,0.05263157894736842,low
2017-05-31,11.760000228881836,9621.25,-0.0003428528870922376,0.05254237288135593,low
2017-06-01,11.3100004196167,9616.099609375,-0.0005353140834091219,0.02707275803722504,low
2017-06-02,10.8100004196167,9653.5,0.00388935141525959,0.010135135135135136,low
2017-06-05,11.020000457763672,9675.099609375,0.002237489964779682,0.01854974704890388,low
2017-06-06,11.130000114440918,9637.150390625,-0.003922359487981697,0.02356902356902357,low
2017-06-07,10.890000343322754,9663.900390625,0.002775716774745085,0.01680672268907563,low
2017-06-08,11.06999969482422,9647.25,-0.0017229472523487832,0.02348993288590604,low
2017-06-09,10.859999656677246,9668.25,0.0021767861307626646,0.01675041876046901,low
2017-06-12,11.420000076293944,9616.400390625,-0.005362874292141773,0.043478260869565216,low
2017-06-13,11.34000015258789,9606.900390625,-0.0009878956380873216,0.04006677796327212,low
2017-06-14,11.18000030517578,9618.150390625,0.0011710332721861505,0.03166666666666667,low
2017-06-15,11.329999923706056,9578.0498046875,-0.0041692616884621,0.04159733777038269,low
2017-06-16,10.920000076293944,9588.0498046875,0.001044053873587636,0.019933554817275746,low
2017-06-19,10.630000114440918,9657.5498046875,0.007248606485755094,0.006633499170812604,low
2017-06-20,10.65999984741211,9653.5,-0.0004193408027297618,0.009933774834437087,low
2017-06-21,10.920000076293944,9633.599609375,-0.0020614689620345183,0.024793388429752067,low
2017-06-22,11.210000038146973,9630.0,-0.00037365154469337636,0.041254125412541254,low
2017-06-23,11.5600004196167,9574.9501953125,-0.005716490621754944,0.06589785831960461,low
2017-06-27,12.510000228881836,9511.400390625,-0.006637089842891464,0.11842105263157894,low
2017-06-28,11.989999771118164,9491.25,-0.0021185514012070916,0.09852216748768473,low
2017-06-29,11.380000114440918,9504.099609375,0.0013538374160411148,0.05245901639344262,low
2017-06-30,11.729999542236328,9520.900390625,0.0017677404426008625,0.07855973813420622,low
2017-07-03,11.199999809265137,9615.0,0.009883477981521338,0.04084967320261438,low
2017-07-04,11.279999732971191,9613.2998046875,-0.00017682738559543498,0.04404567699836868,low
2017-07-05,11.149999618530272,9637.599609375,0.0025277277502206985,0.035830618892508145,low
2017-07-06,10.979999542236328,9674.5498046875,0.003833962481337938,0.027642276422764227,low
2017-07-07,10.869999885559082,9665.7998046875,-0.0009044348498532528,0.021103896103896104,low
2017-07-10,10.90999984741211,9771.0498046875,0.010888907501369838,0.024311183144246355,low
2017-07-11,10.890000343322754,9786.0498046875,0.001535147225716127,0.024271844660194174,low
2017-07-12,11.050000190734863,9816.099609375,0.0030706776776372458,0.035541195476575124,low
2017-07-13,11.25,9891.7001953125,0.007701693029408263,0.0532258064516129,low
2017-07-14,11.170000076293944,9886.349609375,-0.0005409167111671831,0.04669887278582931,low
2017-07-17,11.460000038146973,9915.9501953125,0.0029940865038224906,0.07556270096463022,low
2017-07-18,11.489999771118164,9827.150390625,-0.008955249163058343,0.07865168539325842,low
2017-07-19,11.260000228881836,9899.599609375,0.007372352703497453,0.05608974358974359,low
2017-07-20,11.31999969482422,9873.2998046875,-0.002656653372384299,0.064,low
2017-07-21,11.09000015258789,9915.25,0.004248852576378193,0.039936102236421724,low
2017-07-24,11.3100004196167,9966.400390625,0.005158759549683589,0.06539074960127592,low
2017-07-25,10.90999984741211,9964.5498046875,-0.00018568247962835738,0.027070063694267517,low
2017-07-26,11.170000076293944,10020.650390625,0.0056300171143817135,0.05087440381558029,low
2017-07-27,11.220000267028809,10020.5498046875,-1.0037865166290239e-05,0.05873015873015873,low
2017-07-28,11.140000343322754,10014.5,-0.0006037397952625145,0.04595879556259905,low
2017-07-31,11.899999618530272,10077.099609375,0.006250897136651945,0.12341772151898735,low
2017-08-01,11.90999984741211,10114.650390625,0.0037263481265050746,0.1263823064770932,low
2017-08-02,11.9399995803833,10081.5,-0.0032774628232060676,0.12933753943217666,low
2017-08-03,11.640000343322754,10013.650390625,-0.006730110536626532,0.10393700787401575,low
2017-08-04,11.390000343322754,10066.400390625,0.0052678092346210015,0.08018867924528301,low
2017-08-07,11.899999618530272,10057.400390625,-0.000894063384204502,0.1271585557299843,low
2017-08-08,12.770000457763672,9978.5498046875,-0.007840056363968673,0.1614420062695925,low
2017-08-09,13.449999809265137,9908.0498046875,-0.007065154895241621,0.19561815336463223,low
2017-08-10,13.800000190734863,9820.25,-0.008861461782919355,0.2265625,low
2017-08-11,15.199999809265137,9710.7998046875,-0.011145357329243155,0.40093603744149764,normal
2017-08-14,14.380000114440918,9794.150390625,0.008583287433983067,0.27414330218068533,normal
2017-08-16,14.239999771118164,9897.2998046875,0.010531736796816515,0.25505443234836706,normal
2017-08-17,14.34000015258789,9904.150390625,0.0006921671640436333,0.2686335403726708,normal
2017-08-18,14.56999969482422,9837.400390625,-0.006739598791147605,0.3085271317829457,normal
2017-08-21,14.81999969482422,9754.349609375,-0.008442350412935062,0.33746130030959753,normal
2017-08-22,14.109999656677246,9765.5498046875,0.0011482257414410224,0.23956723338485317,low
2017-08-23,13.18000030517578,9852.5,0.008903768559017866,0.1728395061728395,low
2017-08-24,12.56999969482422,9857.0498046875,0.00046179189926420783,0.15716486902927582,low
2017-08-28,12.640000343322754,9912.7998046875,0.005655850493267112,0.15846153846153846,low
2017-08-29,13.539999961853027,9796.0498046875,-0.011777701789638884,0.20430107526881722,low
2017-08-30,12.890000343322754,9884.400390625,0.009019001301445284,0.16257668711656442,low
2017-08-31,11.949999809265137,9917.900390625,0.0033891787742403867,0.13169984686064318,low
2017-09-01,11.68000030517578,9974.400390625,0.00569677026131532,0.10550458715596331,low
2017-09-04,13.170000076293944,9912.849609375,-0.006170875324781666,0.17709923664122137,low
2017-09-05,12.890000343322754,9952.2001953125,0.003969654285916446,0.16615853658536586,low
2017-09-06,13.119999885559082,9916.2001953125,-0.0036172905783141696,0.1719939117199391,low
2017-09-07,13.010000228881836,9929.900390625,0.0013815972895521167,0.16869300911854104,low
2017-09-08,12.960000038146973,9934.7998046875,0.0004934001218306339,0.16843702579666162,low
2017-09-11,12.359999656677246,10006.0498046875,0.007171760015373785,0.1484848484848485,low
2017-09-12,11.760000228881836,10093.0498046875,0.008694739852208588,0.11195158850226929,low
2017-09-13,11.760000228881836,10079.2998046875,-0.0013623236054590704,0.11329305135951662,low
2017-09-14,11.470000267028809,10086.599609375,0.0007242372812548137,0.08597285067873303,low
2017-09-15,11.68000030517578,10085.400390625,-0.00011889227256378643,0.10692771084337349,low
2017-09-18,11.4399995803833,10153.099609375,0.006712596042585561,0.08270676691729323,low
2017-09-19,11.470000267028809,10147.5498046875,-0.0005466118624873895,0.08858858858858859,low
2017-09-20,11.630000114440918,10141.150390625,-0.0006306363787978997,0.10494752623688156,low
2017-09-21,11.630000114440918,10121.900390625,-0.0018982067377479872,0.1062874251497006,low
2017-09-22,12.8100004196167,9964.400390625,-0.01556031910231781,0.17488789237668162,low
2017-09-25,13.34000015258789,9872.599609375,-0.009212875602266135,0.208955223880597,low
2017-09-26,12.93000030517578,9871.5,-0.00011137992205778602,0.17883755588673622,low
2017-09-27,13.859999656677246,9735.75,-0.013751709466646389,0.25595238095238093,normal
2017-09-28,13.170000076293944,9768.9501953125,0.003410132276660871,0.1961367013372957,low
2017-09-29,12.489999771118164,9788.599609375,0.002011415113154058,0.1661721068249258,low
2017-10-03,12.460000038146973,9859.5,0.007243159742390093,0.16592592592592592,low
2017-10-04,11.800000190734863,9914.900390625,0.005618985813175215,0.1257396449704142,low
2017-10-05,11.710000038146973,9888.7001953125,-0.0026425071639926134,0.1137370753323486,low
2017-10-06,11.119999885559082,9979.7001953125,0.009202422785872022,0.04129793510324484,low
2017-10-09,11.390000343322754,9988.75,0.0009068212982741297,0.0780559646539028,low
2017-10-10,11.109999656677246,10016.9501953125,0.0028231956263296,0.041176470588235294,low
2017-10-11,11.729999542236328,9984.7998046875,-0.0032095987299651796,0.12041116005873716,low
2017-10-12,11.039999961853027,10096.400390625,0.011177047924897598,0.03372434017595308,low
2017-10-13,11.260000228881836,10167.4501953125,0.007037142143597297,0.06442166910688141,low
2017-10-16,11.3100004196167,10230.849609375,0.006235527378509298,0.07309941520467836,low
2017-10-17,11.609999656677246,10234.4501953125,0.00035193420634405115,0.10656934306569343,low
2017-10-18,11.539999961853027,10210.849609375,-0.0023059945074831445,0.10058309037900874,low
2017-10-19,12.399999618530272,10146.5498046875,-0.006297204164917303,0.17467248908296942,low
2017-10-23,12.329999923706056,10184.849609375,0.00377466285828576,0.17005813953488372,low
2017-10-24,11.59000015258789,10207.7001953125,0.0022435859942857572,0.10740203193033382,low
2017-10-25,11.760000228881836,10295.349609375,0.008586597606260904,0.13478260869565217,low
2017-10-26,11.619999885559082,10343.7998046875,0.004706027201677676,0.11143270622286541,low
2017-10-27,11.479999542236328,10323.0498046875,-0.002006032637116295,0.0953757225433526,low
2017-10-30,12.109999656677246,10363.650390625,0.00393300300838062,0.1673881673881674,low
2017-10-31,12.4399995803833,10335.2998046875,-0.002735579151063039,0.1873198847262248,low
2017-11-01,12.140000343322754,10440.5,0.010178727013297362,0.1697841726618705,low
2017-11-02,12.010000228881836,10423.7998046875,-0.0015995589591015769,0.16379310344827586,low
2017-11-03,11.90999984741211,10452.5,0.0027533333189682097,0.15494978479196556,low
2017-11-06,13.020000457763672,10451.7998046875,-6.698831021290097e-05,0.2134670487106017,low
2017-11-07,13.239999771118164,10350.150390625,-0.009725541625559164,0.23319027181688126,low
2017-11-08,13.609999656677246,10303.150390625,-0.004540996818999998,0.26285714285714284,normal
2017-11-09,13.270000457763672,10308.9501953125,0.0005629156585715833,0.23537803138373753,low
2017-11-10,13.479999542236328,10321.75,0.0012416205767800115,0.25213675213675213,normal
2017-11-13,14.050000190734863,10224.9501953125,-0.009378235734008311,0.2958748221906117,normal
2017-11-14,14.170000076293944,10186.599609375,-0.0037506868204679744,0.3039772727272727,normal
2017-11-15,14.270000457763672,10118.0498046875,-0.00672940994209803,0.324822695035461,normal
2017-11-16,13.460000038146973,10214.75,0.009557197007243445,0.2507082152974504,normal
2017-11-17,13.710000038146973,10283.599609375,0.006740214824151325,0.2758132956152758,normal
2017-11-20,13.43000030517578,10298.75,0.0014732575363192169,0.24858757062146894,low
2017-11-21,13.720000267028809,10326.900390625,0.0027333793542905216,0.2778561354019746,normal
2017-11-22,14.039999961853027,10342.2998046875,0.00149119420929833,0.29859154929577464,normal
2017-11-23,13.869999885559082,10348.75,0.0006236712756650942,0.29254571026722925,normal
2017-11-24,13.510000228881836,10389.7001953125,0.003957018510689636,0.2556179775280899,normal
2017-11-27,13.029999732971191,10399.5498046875,0.000948016707878141,0.21037868162692847,low
2017-11-28,13.149999618530272,10370.25,-0.0028174108723719726,0.2184873949579832,low
2017-11-29,13.0600004196167,10361.2998046875,-0.0008630645657047298,0.2111888111888112,low
2017-11-30,13.550000190734863,10226.5498046875,-0.013005125084696312,0.2639664804469274,normal
2017-12-01,14.800000190734863,10121.7998046875,-0.010242946252702612,0.398884239888424,normal
2017-12-04,14.859999656677246,10127.75,0.0005878594150563465,0.40947075208913647,normal
2017-12-05,15.010000228881836,10118.25,-0.0009380168349337747,0.4283727399165508,normal
2017-12-06,15.09000015258789,10044.099609375,-0.007328380957675518,0.44305555555555554,normal
2017-12-07,14.270000457763672,10166.7001953125,0.012206229598028528,0.3342579750346741,normal
2017-12-08,13.670000076293944,10265.650390625,0.009732773998600175,0.2742382271468144,normal
2017-12-11,14.149999618530272,10322.25,0.0055134947345070184,0.3112033195020747,normal
2017-12-12,15.260000228881836,10240.150390625,-0.007953654423696332,0.47375690607734805,normal
2017-12-13,15.949999809265137,10192.9501953125,-0.004609326378225087,0.5613793103448276,normal
2017-12-14,16.40999984741211,10252.099609375,0.005802972930222028,0.6212121212121212,normal
2017-12-15,14.9399995803833,10333.25,0.007915489872025061,0.42090784044016505,normal
2017-12-18,13.119999885559082,10388.75,0.005371011056540809,0.21153846153846154,low
2017-12-19,12.1899995803833,10463.2001953125,0.007166424768379365,0.1673525377229081,low
2017-12-20,12.1899995803833,10444.2001953125,-0.001815888030940238,0.1684931506849315,low
2017-12-21,12.09000015258789,10440.2998046875,-0.00037345038892977467,0.16142270861833105,low
2017-12-22,11.59000015258789,10493.0,0.0050477664720738336,0.10382513661202186,low
2017-12-26,12.050000190734863,10531.5,0.003669112741827796,0.16098226466575716,low
2017-12-27,12.489999771118164,10490.75,-0.003869344347908643,0.19209809264305178,low
2017-12-28,12.300000190734863,10477.900390625,-0.0012248513571480046,0.17687074829931973,low
2017-12-29,12.670000076293944,10530.7001953125,0.005039158869532878,0.1983695652173913,low
2018-01-02,13.6899995803833,10442.2001953125,-0.008403999578242116,0.28493894165535955,normal
2018-01-03,13.619999885559082,10443.2001953125,9.576525840304662e-05,0.2750677506775068,normal
2018-01-04,13.420000076293944,10504.7998046875,0.0058985376343401175,0.2530446549391069,normal
2018-01-05,13.109999656677246,10558.849609375,0.005145248428569005,0.21621621621621623,low
2018-01-08,13.739999771118164,10623.599609375,0.006132296831134809,0.2941970310391363,normal
2018-01-09,13.850000381469728,10637.0,0.0012613794869653638,0.3045822102425876,normal
2018-01-10,14.039999961853027,10632.2001953125,-0.0004512366915013777,0.3162853297442799,normal
2018-01-11,14.010000228881836,10651.2001953125,0.0017870242895141608,0.31451612903225806,normal
2018-01-12,13.729999542236328,10681.25,0.00282125996474325,0.29261744966442954,normal
2018-01-15,14.3100004196167,10741.5498046875,0.005645388385020489,0.35254691689008044,normal
2018-01-16,14.09000015258789,10700.4501953125,-0.003826227138756466,0.32262382864792505,normal
2018-01-17,13.859999656677246,10788.5498046875,0.008233261943837888,0.30614973262032086,normal
2018-01-18,13.960000038146973,10817.0,0.002637073177355065,0.3137516688918558,normal
2018-01-19,13.979999542236328,10894.7001953125,0.007183155709762357,0.316,normal
2018-01-22,15.390000343322754,10966.2001953125,0.006562824007838586,0.5033288948069241,normal
2018-01-23,16.229999542236328,11083.7001953125,0.010714741469905364,0.6090425531914894,normal
2018-01-24,18.040000915527344,11086.0,0.00020749430668232094,0.8366533864541833,high
2018-01-25,17.510000228881836,11069.650390625,-0.001474797886974577,0.7891246684350133,high
2018-01-29,17.889999389648438,11130.400390625,0.005487978197707966,0.8225165562913908,high
2018-01-30,16.420000076293945,11049.650390625,-0.0072549052294663685,0.6335978835978836,normal
2018-01-31,15.93000030517578,11027.7001953125,-0.001986505865481769,0.570673712021136,normal
2018-02-01,14.109999656677246,11016.900390625,-0.000979334267002474,0.3245382585751979,normal
2018-02-02,15.25,10760.599609375,-0.023264327729431322,0.48353096179183136,normal
2018-02-05,16.049999237060547,10666.5498046875,-0.00874020111347329,0.5947368421052631,normal
2018-02-06,20.020000457763672,10498.25,-0.015778279553294694,0.9159001314060446,high
2018-02-07,19.469999313354492,10476.7001953125,-0.0020527044686019513,0.9002624671916011,high
2018-02-08,17.770000457763672,10576.849609375,0.009559251691416026,0.8060288335517694,high
2018-02-09,19.229999542236328,10454.9501953125,-0.011525115565078292,0.8887434554973822,high
2018-02-12,17.8799991607666,10539.75,0.008110971654893273,0.8169934640522876,high
2018-02-14,17.18000030517578,10500.900390625,-0.0036860086221209842,0.7402088772845953,normal
2018-02-15,16.31999969482422,10545.5,0.004247217640005241,0.6153846153846154,normal
2018-02-16,16.3799991607666,10452.2998046875,-0.00883791146104973,0.6276041666666666,normal
2018-02-19,16.670000076293945,10378.400390625,-0.0070701582851038225,0.6657997399219766,normal
2018-02-20,16.8700008392334,10360.400390625,-0.001734371321447492,0.6909090909090909,normal
2018-02-21,15.920000076293944,10397.4501953125,0.003576097765586983,0.5616083009079118,normal
2018-02-22,14.829999923706056,10382.7001953125,-0.0014186170381128571,0.4119170984455959,normal
2018-02-23,14.199999809265137,10491.0498046875,0.010435590678416817,0.3260025873221216,normal
2018-02-26,13.699999809265137,10582.599609375,0.008726467454819975,0.2777777777777778,normal
2018-02-27,13.920000076293944,10554.2998046875,-0.0026741826897078713,0.3032258064516129,normal
2018-02-28,13.8100004196167,10492.849609375,-0.005822290104475547,0.2912371134020619,normal
2018-03-01,14.06999969482422,10458.349609375,-0.0032879533476946055,0.3153153153153153,normal
2018-03-05,15.399999618530272,10358.849609375,-0.009513929416818057,0.4974293059125964,normal
2018-03-06,16.25,10249.25,-0.010580287725753812,0.6071887034659821,normal
2018-03-07,15.699999809265137,10154.2001953125,-0.00927383024977435,0.5358974358974359,normal
2018-03-08,14.59000015258789,10242.650390625,0.008710700361544088,0.3892445582586428,normal
2018-03-09,14.529999732971191,10226.849609375,-0.001542645765246653,0.37468030690537085,normal
2018-03-12,14.489999771118164,10421.400390625,0.019023530088059015,0.37292464878671777,normal
2018-03-13,14.460000038146973,10426.849609375,0.0005228873803659884,0.3647959183673469,normal
2018-03-14,14.359999656677246,10410.900390625,-0.001529629691374823,0.3554140127388535,normal
2018-03-15,14.329999923706056,10360.150390625,-0.004874698450260895,0.34987277353689566,normal
2018-03-16,15.220000267028809,10195.150390625,-0.01592640973139836,0.47903430749682335,normal
2018-03-19,15.81999969482422,10094.25,-0.009896900659531527,0.550761421319797,normal
2018-03-20,15.609999656677246,10124.349609375,0.002981856935879268,0.5285171102661597,normal
2018-03-21,15.109999656677246,10155.25,0.003052086486265315,0.4569620253164557,normal
2018-03-22,15.25,10114.75,-0.003988084980675044,0.4829329962073325,normal
2018-03-23,15.550000190734863,9998.0498046875,-0.011537625281148767,0.523989898989899,normal
2018-03-26,15.199999809265137,10130.650390625,0.013262645068574441,0.4766708701134931,normal
2018-03-27,15.550000190734863,10184.150390625,0.005281003483202706,0.5251889168765743,normal
2018-03-28,15.760000228881836,10113.7001953125,-0.006917631084606968,0.549685534591195,normal
2018-04-02,15.350000381469728,10211.7998046875,0.009699675438319622,0.49246231155778897,normal
2018-04-03,15.1899995803833,10245.0,0.0032511600254110373,0.46925972396486826,normal
2018-04-04,16.34000015258789,10128.400390625,-0.011381123413860439,0.6290726817042607,normal
2018-04-05,14.800000190734863,10325.150390625,0.019425574859986305,0.4067584480600751,normal
2018-04-06,14.75,10331.599609375,0.0006246125727966678,0.3975,normal
2018-04-09,14.869999885559082,10379.349609375,0.004621743176794313,0.4207240948813982,normal
2018-04-10,14.5,10402.25,0.002206341580816895,0.37032418952618457,normal
2018-04-11,14.720000267028809,10417.150390625,0.0014324199692374862,0.39476961394769616,normal
2018-04-12,14.5600004196167,10458.650390625,0.003983815001590951,0.3781094527363184,normal
2018-04-13,14.140000343322754,10480.599609375,0.002098666456015641,0.31180124223602484,normal
2018-04-16,14.260000228881836,10528.349609375,0.004556037037927396,0.3349875930521092,normal
2018-04-17,14.039999961853027,10548.7001953125,0.001932932196645476,0.3023543990086741,normal
2018-04-18,14.109999656677246,10526.2001953125,-0.002132964212026689,0.3118811881188119,normal
2018-04-19,13.75,10565.2998046875,0.0037145036812440413,0.27441285537700866,normal
2018-04-20,12.9399995803833,10564.0498046875,-0.00011831183431687542,0.19012345679012346,low
2018-04-23,13.149999618530272,10584.7001953125,0.0019547797489403163,0.20838471023427868,low
2018-04-24,11.899999618530272,10614.349609375,0.0028011576629851653,0.13177339901477833,low
2018-04-25,12.399999618530272,10570.5498046875,-0.00412647089076601,0.16851168511685116,low
2018-04-26,12.039999961853027,10617.7998046875,0.0044699661676110836,0.14619164619164618,low
2018-04-27,12.020000457763672,10692.2998046875,0.007016519558704637,0.1460122699386503,low
2018-04-30,12.359999656677246,10739.349609375,0.004400344691688707,0.16666666666666666,low
2018-05-02,12.84000015258789,10718.0498046875,-0.0019833421447520427,0.189718482252142,low
2018-05-03,12.989999771118164,10679.650390625,-0.003582686660562606,0.1980440097799511,low
2018-05-04,13.25,10618.25,-0.0057492884485150775,0.22832722832722832,low
2018-05-07,13.760000228881836,10715.5,0.00915875968262192,0.2841463414634146,normal
2018-05-08,14.0600004196167,10717.7998046875,0.00021462411343375898,0.31425091352009743,normal
2018-05-09,14.270000457763672,10741.7001953125,0.0022299717349214543,0.3515815085158151,normal
2018-05-10,14.43000030517578,10716.5498046875,-0.0023413789407356056,0.36938031591737547,normal
2018-05-11,13.979999542236328,10806.5,0.00839357787271755,0.3070388349514563,normal
2018-05-14,14.25,10806.599609375,9.217542682682378e-06,0.343030303030303,normal
2018-05-15,13.170000076293944,10801.849609375,-0.0004395462191344457,0.2179176755447942,low
2018-05-16,13.4399995803833,10741.099609375,-0.005624036826737067,0.24425634824667472,low
2018-05-17,13.40999984741211,10682.7001953125,-0.005437005165795927,0.24033816425120774,low
2018-05-18,14.149999618530272,10596.400390625,-0.008078463600931896,0.3293124246079614,normal
2018-05-21,14.40999984741211,10516.7001953125,-0.007521440524559053,0.372289156626506,normal
2018-05-22,13.600000381469728,10536.7001953125,0.0019017372016476575,0.259927797833935,normal
2018-05-23,14.15999984741211,10430.349609375,-0.010093348388598211,0.33052884615384615,normal
2018-05-24,13.149999618530272,10513.849609375,0.008005484296034426,0.21248499399759904,low
2018-05-25,12.649999618530272,10605.150390625,0.00868385840031305,0.18105515587529977,low
2018-05-28,13.0600004196167,10688.650390625,0.007873532851907061,0.20239520958083831,low
2018-05-29,13.06999969482422,10633.2998046875,-0.005178444790938985,0.20334928229665072,low
2018-05-30,13.40999984741211,10614.349609375,-0.0017821556488181178,0.24372759856630824,low
2018-05-31,13.220000267028809,10736.150390625,0.011475105468772284,0.22315035799522673,low
2018-06-01,13.56999969482422,10696.2001953125,-0.0037210912532843476,0.2634088200238379,normal
2018-06-04,13.880000114440918,10628.5,-0.006329368754912523,0.30714285714285716,normal
2018-06-05,13.31999969482422,10593.150390625,-0.003325926459519235,0.23305588585017836,low
2018-06-06,12.550000190734863,10684.650390625,0.0086376570355291,0.17695961995249407,low
2018-06-07,12.779999732971191,10768.349609375,0.007833594520176401,0.18505338078291814,low
2018-06-08,12.699999809265137,10767.650390625,-6.493276828523076e-05,0.18246445497630331,low
2018-06-11,13.18000030517578,10786.9501953125,0.0017923877528847054,0.22485207100591717,low
2018-06-12,12.729999542236328,10842.849609375,0.005182133323169635,0.18321513002364065,low
2018-06-13,12.640000343322754,10856.7001953125,0.0012773935299743577,0.179456906729634,low
2018-06-14,12.100000381469728,10808.0498046875,-0.0044811397339686865,0.14622641509433962,low
2018-06-15,12.06999969482422,10817.7001953125,0.000892889170515776,0.143698468786808,low
2018-06-18,12.380000114440918,10799.849609375,-0.00165012762557748,0.16470588235294117,low
2018-06-19,12.920000076293944,10710.4501953125,-0.008277838793689818,0.19623971797884843,low
2018-06-20,12.170000076293944,10772.0498046875,0.005751355755517995,0.15258215962441316,low
2018-06-21,12.449999809265137,10741.099609375,-0.0028731945983977436,0.1746776084407972,low
2018-06-22,12.020000457763672,10821.849609375,0.007517852262492797,0.1405152224824356,low
2018-06-25,12.579999923706056,10762.4501953125,-0.005488841206131911,0.18362573099415205,low
2018-06-26,12.800000190734863,10769.150390625,0.0006225529680423669,0.19509345794392524,low
2018-06-27,13.510000228881836,10671.400390625,-0.009076853461448153,0.2707117852975496,normal
2018-06-28,13.949999809265137,10589.099609375,-0.007712275637441368,0.32400932400932403,normal
2018-06-29,12.9399995803833,10714.2998046875,0.011823497741172861,0.2048894062863795,low
2018-07-02,13.369999885559082,10657.2998046875,-0.005319993003655044,0.25465116279069766,normal
2018-07-03,13.0,10699.900390625,0.003997315147197256,0.20789779326364694,low
2018-07-04,12.65999984741211,10769.900390625,0.006542116977213297,0.18677494199535963,low
2018-07-05,12.579999923706056,10749.75,-0.0018709913642785958,0.18308227114716108,low
2018-07-06,12.4399995803833,10772.650390625,0.0021303184376380013,0.1736111111111111,low
2018-07-09,12.390000343322754,10852.900390625,0.007449420253147654,0.1653179190751445,low
2018-07-10,12.399999618530272,10947.25,0.008693492612951825,0.1697459584295612,low
2018-07-11,12.779999732971191,10948.2998046875,9.589665783638068e-05,0.19838523644752018,low
2018-07-12,12.510000228881836,11023.2001953125,0.006841280560560881,0.18202764976958524,low
2018-07-13,12.300000190734863,11018.900390625,-0.0003900686380828855,0.15880322209436135,low
2018-07-16,12.949999809265137,10936.849609375,-0.0074463674542162295,0.21264367816091953,low
2018-07-17,12.829999923706056,11008.0498046875,0.006510119262449043,0.20321469575200918,low
2018-07-18,13.68000030517578,10980.4501953125,-0.002507220612614547,0.30160550458715596,normal
2018-07-19,13.59000015258789,10957.099609375,-0.0021265599790679657,0.2898052691867125,normal
2018-07-20,13.539999961853027,11010.2001953125,0.00484622644956767,0.28489702517162474,normal
2018-07-23,13.010000228881836,11084.75,0.006770976309698584,0.21828571428571428,low
2018-07-24,12.470000267028809,11134.2998046875,0.00447008770495505,0.1780821917808219,low
2018-07-25,12.210000038146973,11132.0,-0.0002065513528324292,0.15393386545039908,low
2018-07-26,12.029999732971191,11167.2998046875,0.0031710209025781477,0.1378132118451025,low
2018-07-27,12.3100004196167,11278.349609375,0.009944194803553685,0.16040955631399317,low
2018-07-30,12.59000015258789,11319.5498046875,0.0036530340643325943,0.19090909090909092,low
2018-07-31,12.479999542236328,11356.5,0.0032642813495284972,0.18161180476730987,low
2018-08-01,12.529999732971191,11346.2001953125,-0.0009069523785937283,0.1870748299319728,low
2018-08-02,12.5600004196167,11244.7001953125,-0.008945726168478219,0.18912797281993204,low
2018-08-03,12.079999923706056,11360.7998046875,0.010324829240302646,0.1414027149321267,low
2018-08-06,12.5600004196167,11387.099609375,0.0023149606664707445,0.19096045197740114,low
2018-08-07,12.579999923706056,11389.4501953125,0.00020642534254866618,0.19525959367945825,low
2018-08-08,12.539999961853027,11450.0,0.005316306199962151,0.1882750845546787,low
2018-08-09,12.68000030517578,11470.7001953125,0.001807877319869089,0.20382882882882883,low
2018-08-10,12.850000381469728,11429.5,-0.003591776841080363,0.21597300337457817,low
2018-08-13,13.399999618530272,11355.75,-0.006452600726191027,0.2786516853932584,normal
2018-08-14,13.279999732971191,11435.099609375,0.006987615029830696,0.265993265993266,normal
2018-08-16,13.649999618530272,11385.0498046875,-0.004376857779749166,0.3116591928251121,normal
2018-08-17,13.15999984741211,11470.75,0.0075274326228431665,0.24860022396416573,low
2018-08-20,13.029999732971191,11551.75,0.007061438877143944,0.23378076062639822,low
2018-08-21,12.899999618530272,11570.900390625,0.00165779129785526,0.21787709497206703,low
2018-08-23,12.760000228881836,11582.75,0.0010240870610727093,0.20647321428571427,low
2018-08-24,12.40999984741211,11557.099609375,-0.0022145337355118366,0.1705685618729097,low
2018-08-27,12.239999771118164,11691.9501953125,0.011668203138797129,0.15478841870824053,low
2018-08-28,12.43000030517578,11738.5,0.003981355027167455,0.1746384872080089,low
2018-08-29,12.4399995803833,11691.900390625,-0.003969809547642367,0.17888888888888888,low
2018-08-30,12.40999984741211,11676.7998046875,-0.0012915424723947133,0.17203107658157601,low
2018-08-31,12.600000381469728,11680.5,0.00031688436681198695,0.2006651884700665,low
2018-09-03,13.390000343322754,11582.349609375,-0.00840292715423141,0.28460686600221485,normal
2018-09-04,13.779999732971191,11520.2998046875,-0.00535727264157837,0.3396017699115044,normal
2018-09-05,13.649999618530272,11476.9501953125,-0.0037628889968090995,0.32044198895027626,normal
2018-09-06,13.720000267028809,11536.900390625,0.005223530144531363,0.3333333333333333,normal
2018-09-07,13.890000343322754,11589.099609375,0.0045245444601755835,0.3572216097023153,normal
2018-09-10,15.199999809265137,11438.099609375,-0.013029485041085365,0.538546255506608,normal
2018-09-11,15.329999923706056,11287.5,-0.013166488710376734,0.5533553355335533,normal
2018-09-12,14.25,11369.900390625,0.0073001453488372725,0.4010989010989011,normal
2018-09-14,13.84000015258789,11515.2001953125,0.012779338401883056,0.3468715697036224,normal
2018-09-17,14.5,11377.75,-0.011936413868727347,0.4418859649122807,normal
2018-09-18,14.420000076293944,11278.900390625,-0.008687975159851424,0.42716319824753557,normal
2018-09-19,14.010000228881836,11234.349609375,-0.003949922395540484,0.3665207877461707,normal
2018-09-21,15.539999961853027,11143.099609375,-0.00812241056873042,0.5825136612021858,normal
2018-09-24,17.43000030517578,10967.400390625,-0.015767535507102526,0.8089519650655022,high
2018-09-25,16.68000030517578,11067.4501953125,0.009122472156029238,0.7186477644492911,normal
2018-09-26,17.09000015258789,11053.7998046875,-0.0012333817079910325,0.7679738562091504,high
2018-09-27,16.920000076293945,10977.5498046875,-0.006898080420062014,0.7410228509249184,normal
2018-09-28,17.0,10930.4501953125,-0.004290539347394984,0.7532608695652174,high
2018-10-01,16.84000015258789,11008.2998046875,0.007122269255513958,0.7328990228013029,normal
2018-10-03,18.1200008392334,10858.25,-0.01363060666494631,0.868763557483731,high
2018-10-04,18.920000076293945,10599.25,-0.023852830796859514,0.8970747562296858,high
2018-10-05,19.729999542236328,10316.4501953125,-0.026681114672028716,0.9264069264069265,high
2018-10-08,20.149999618530273,10348.0498046875,0.003063031253653259,0.9340540540540541,high
2018-10-09,19.760000228881836,10301.0498046875,-0.004541918611438267,0.9254859611231101,high
2018-10-10,17.90999984741211,10460.099609375,0.015440154906845027,0.8500539374325782,high
2018-10-11,20.549999237060547,10234.650390625,-0.021553257346415555,0.9450431034482759,high
2018-10-12,18.6299991607666,10472.5,0.02323964183406524,0.8848223896663079,high
2018-10-15,18.88999938964844,10512.5,0.003819527333492445,0.8924731182795699,high
2018-10-16,17.3700008392334,10584.75,0.006872770511296089,0.7969924812030075,high
2018-10-17,17.979999542236328,10453.0498046875,-0.012442447418455793,0.8487124463519313,high
2018-10-19,19.790000915527344,10303.5498046875,-0.014302046081609565,0.9260450160771704,high
2018-10-22,21.36000061035156,10245.25,-0.0056582251546914986,0.9625267665952891,extreme
2018-10-23,19.040000915527344,10146.7998046875,-0.009609350217173795,0.895187165775401,high
2018-10-24,18.8799991607666,10224.75,0.007682244334463961,0.8878205128205128,high
2018-10-25,18.959999084472656,10124.900390625,-0.009765481735494741,0.8932764140875133,high
2018-10-26,19.229999542236328,10030.0,-0.0093729702973544,0.9029850746268657,high
2018-10-29,19.829999923706055,10250.849609375,0.022018904224825553,0.9275825346112886,high
2018-10-30,20.5,10198.400390625,-0.005116572845048073,0.9425531914893617,high
2018-10-31,19.799999237060547,10386.599609375,0.01845379780568379,0.9234856535600425,high
2018-11-01,19.190000534057617,10380.4501953125,-0.0005920526730374132,0.8980891719745223,high
2018-11-02,18.229999542236328,10553.0,0.01662257430466929,0.8579003181336161,high
2018-11-05,19.479999542236328,10524.0,-0.0027480337344830685,0.9110169491525424,high
2018-11-06,18.510000228881836,10530.0,0.0005701254275940482,0.8666666666666667,high
2018-11-07,17.719999313354492,10598.400390625,0.006495763592117676,0.8150105708245243,high
2018-11-09,17.770000457763672,10585.2001953125,-0.0012454893970770264,0.8173178458289335,high
2018-11-12,19.3700008392334,10482.2001953125,-0.009730567027500525,0.9050632911392406,high
2018-11-13,18.700000762939453,10582.5,0.009568583199961456,0.8756585879873551,high
2018-11-14,18.829999923706055,10576.2998046875,-0.0005858913595558901,0.88,high
2018-11-15,18.450000762939453,10616.7001953125,0.0038198983927342223,0.8601472134595163,high
2018-11-16,18.350000381469727,10682.2001953125,0.006169525256907837,0.8571428571428571,high
2018-11-19,19.260000228881836,10763.400390625,0.0076014485618920435,0.9003147953830011,high
2018-11-20,19.329999923706055,10656.2001953125,-0.009959695953136949,0.9025157232704403,high
2018-11-21,19.559999465942383,10600.0498046875,-0.00526926949530282,0.9151832460732985,high
2018-11-22,19.15999984741211,10526.75,-0.006915043423200262,0.893305439330544,high
2018-11-26,20.399999618530273,10628.599609375,0.009675313783931383,0.9404388714733543,high
2018-11-27,18.31999969482422,10685.599609375,0.0053628890065369195,0.8507306889352818,high
2018-11-28,17.959999084472656,10728.849609375,0.004047503329813518,0.8269030239833159,high
2018-11-29,18.700000762939453,10858.7001953125,0.012102936537020215,0.8708333333333333,high
2018-11-30,19.15999984741211,10876.75,0.001662243580064171,0.8928199791883454,high
2018-12-03,18.219999313354492,10883.75,0.000643574597191332,0.8440748440748441,high
2018-12-04,18.11000061035156,10869.5,-0.0013092913747559942,0.8369678089304258,high
2018-12-05,18.38999938964844,10782.900390625,-0.007967211865771207,0.8516597510373444,high
2018-12-06,19.309999465942383,10601.150390625,-0.01685539079615528,0.900518134715026,high
2018-12-07,18.59000015258789,10693.7001953125,0.008730166187373989,0.8612836438923396,high
2018-12-10,20.440000534057617,10488.4501953125,-0.019193543511718203,0.9420889348500517,high
2018-12-11,17.950000762939453,10549.150390625,0.005787336945131116,0.8192148760330579,high
2018-12-12,15.8100004196167,10737.599609375,0.01786392380162427,0.5779153766769866,normal
2018-12-13,15.550000190734863,10791.5498046875,0.005024418610784842,0.5536082474226804,normal
2018-12-14,15.15999984741211,10805.4501953125,0.001288081033454791,0.4984552008238929,normal
2018-12-17,14.539999961853027,10888.349609375,0.007672000015183311,0.4228395061728395,normal
2018-12-18,14.579999923706056,10908.7001953125,0.0018690239262686426,0.4306269270298047,normal
2018-12-19,14.65999984741211,10967.2998046875,0.005371823253533137,0.43634496919917864,normal
2018-12-20,14.329999923706056,10951.7001953125,-0.001422374664029169,0.38974358974358975,normal
2018-12-21,15.989999771118164,10754.0,-0.018052009440243655,0.6075819672131147,normal
2018-12-24,15.75,10663.5,-0.008415473312255894,0.5742067553735927,normal
2018-12-26,15.920000076293944,10729.849609375,0.006222123071693231,0.5971370143149284,normal
2018-12-27,16.06999969482422,10779.7998046875,0.004655255863871277,0.6200204290091931,normal
2018-12-28,15.270000457763672,10859.900390625,0.007430619064249022,0.5173469387755102,normal
2018-12-31,16.0,10862.5498046875,0.00024396301689710853,0.6085626911314985,normal
2019-01-02,16.389999389648438,10792.5,-0.006448744166611009,0.6527494908350305,normal
2019-01-03,16.790000915527344,10672.25,-0.011141996757007222,0.6937945066124109,normal
2019-01-04,16.15999984741211,10727.349609375,0.0051628859308019415,0.625,normal
2019-01-07,16.299999237060547,10771.7998046875,0.004143632577580325,0.6375634517766497,normal
2019-01-08,15.699999809265137,10802.150390625,0.0028175965472634346,0.565922920892495,normal
2019-01-09,15.270000457763672,10855.150390625,0.004906430486840696,0.5146909827760892,normal
2019-01-10,15.350000381469728,10821.599609375,-0.0030907707440862575,0.5232793522267206,normal
2019-01-11,15.350000381469728,10794.9501953125,-0.0024626132017869784,0.5237613751263903,normal
2019-01-14,16.15999984741211,10737.599609375,-0.005312723532749919,0.6262626262626263,normal
2019-01-15,15.579999923706056,10886.7998046875,0.013895116296032572,0.5549949545913219,normal
2019-01-16,16.079999923706055,10890.2998046875,0.0003214902508350548,0.6199596774193549,normal
2019-01-17,16.239999771118164,10905.2001953125,0.001368225934293088,0.6324269889224572,normal
2019-01-18,16.6200008392334,10906.9501953125,0.0001604738994844812,0.6830985915492958,normal
2019-01-21,18.149999618530273,10961.849609375,0.0050334340103701525,0.8412060301507538,high
2019-01-22,17.989999771118164,10922.75,-0.0035668806605010372,0.8253012048192772,high
2019-01-23,18.09000015258789,10831.5,-0.008354123274816327,0.835506519558676,high
2019-01-24,17.43000030517578,10849.7998046875,0.001689498655541799,0.7755511022044088,high
2019-01-25,17.690000534057617,10780.5498046875,-0.006382606245884936,0.7937937937937938,high
2019-01-28,18.899999618530273,10661.5498046875,-0.011038398055380982,0.881,high
2019-01-29,18.43000030517578,10652.2001953125,-0.0008769465552643796,0.8541458541458542,high
2019-01-30,17.850000381469727,10651.7998046875,-3.758759858607519e-05,0.8073852295409182,high
2019-01-31,17.1200008392334,10830.9501953125,0.016818790618479573,0.7377866400797607,normal
2019-02-01,15.720000267028809,10893.650390625,0.005788983808607595,0.5627490039840638,normal
2019-02-04,15.720000267028809,10912.25,0.0017073807867935553,0.56318407960199,normal
2019-02-05,15.779999732971191,10934.349609375,0.0020252110586724825,0.5685884691848907,normal
2019-02-06,15.630000114440918,11062.4501953125,0.011715428033110209,0.551142005958292,normal
2019-02-07,15.4399995803833,11069.400390625,0.0006282690714798367,0.5228174603174603,normal
2019-02-08,15.56999969482422,10943.599609375,-0.011364733121095205,0.5450941526263627,normal
2019-02-11,15.84000015258789,10888.7998046875,-0.005007475295473629,0.5782178217821782,normal
2019-02-12,15.75,10831.400390625,-0.005271417887377283,0.5667655786350149,normal
2019-02-14,15.770000457763672,10746.0498046875,-0.007879921603800577,0.5691699604743083,normal
2019-02-15,16.459999084472656,10724.400390625,-0.002014639281967212,0.6614017769002961,normal
2019-02-18,18.0,10640.9501953125,-0.00778133902809619,0.8254437869822485,high
2019-02-19,18.469999313354492,10604.349609375,-0.0034395975233135756,0.8600985221674877,high
2019-02-20,17.059999465942383,10735.4501953125,0.012362906803977669,0.7263779527559056,normal
2019-02-21,16.049999237060547,10789.849609375,0.005067269008080633,0.6116027531956736,normal
2019-02-22,15.449999809265137,10791.650390625,0.00016689586186968697,0.518664047151277,normal
2019-02-25,15.359999656677246,10880.099609375,0.008196078963680797,0.5112855740922473,normal
2019-02-26,17.110000610351562,10835.2998046875,-0.004117591409631749,0.7392156862745098,normal
2019-02-27,18.899999618530273,10806.650390625,-0.002644081343287419,0.8834476003917727,high
2019-02-28,18.280000686645508,10792.5,-0.0013094150466157473,0.8483365949119374,high
2019-03-01,16.270000457763672,10863.5,0.006578642575862936,0.6304985337243402,normal
2019-03-05,15.65999984741211,10987.4501953125,0.011409784628572783,0.55078125,normal
2019-03-06,15.609999656677246,11053.0,0.005965879573721855,0.5434146341463415,normal
2019-03-07,15.289999961853027,11058.2001953125,0.00047047817900125466,0.4980506822612086,normal
2019-03-08,14.9399995803833,11035.400390625,-0.0020618006804727917,0.4488802336903603,normal
2019-03-11,14.899999618530272,11168.0498046875,0.012020353532001593,0.44163424124513617,normal
2019-03-12,15.100000381469728,11301.2001953125,0.011922438828049886,0.467444120505345,normal
2019-03-13,15.279999732971191,11341.7001953125,0.0035836901656514097,0.4980582524271845,normal
2019-03-14,15.149999618530272,11343.25,0.00013664659273393553,0.475266731328807,normal
2019-03-15,15.869999885559082,11426.849609375,0.007369987382364052,0.5813953488372093,normal
2019-03-18,16.899999618530273,11462.2001953125,0.0030936423551506387,0.7066795740561471,normal
2019-03-19,16.489999771118164,11532.400390625,0.006124495656707252,0.6644100580270793,normal
2019-03-20,16.030000686645508,11521.0498046875,-0.0009842344657688962,0.6086956521739131,normal
2019-03-22,16.270000457763672,11456.900390625,-0.005568018119008533,0.6332046332046332,normal
2019-03-25,16.670000076293945,11354.25,-0.008959700017030503,0.6837029893924783,normal
2019-03-26,16.489999771118164,11483.25,0.011361384503600025,0.6647398843930635,normal
2019-03-27,17.049999237060547,11445.0498046875,-0.0033266013813597617,0.726660250240616,normal
2019-03-28,16.649999618530273,11570.0,0.010917400749215211,0.6798076923076923,normal
2019-04-01,18.010000228881836,11669.150390625,0.008569610252809001,0.8280499519692603,high
2019-04-02,18.079999923706055,11713.2001953125,0.0037748939051200914,0.8349328214971209,high
2019-04-03,18.780000686645508,11643.9501953125,-0.005912133221091298,0.8791946308724832,high
2019-04-04,18.649999618530273,11598.0,-0.003946272059030087,0.8716475095785441,high
2019-04-05,18.38999938964844,11665.9501953125,0.005858785593421345,0.8545454545454545,high
2019-04-08,20.149999618530273,11604.5,-0.005267483083991831,0.9369024856596558,high
2019-04-09,20.280000686645508,11671.9501953125,0.005812417192683883,0.941738299904489,high
2019-04-10,21.1299991607666,11584.2998046875,-0.007509489773200095,0.9637404580152672,extreme
2019-04-11,20.959999084472656,11596.7001953125,0.0010704480058416621,0.9609151572926596,extreme
2019-04-12,21.0,11643.4501953125,0.0040313191867198395,0.9619047619047619,extreme
2019-04-15,21.38999938964844,11690.349609375,0.0040279653604204935,0.966698382492864,extreme
2019-04-16,21.690000534057617,11787.150390625,0.008280400884877803,0.9714828897338403,extreme
2019-04-18,22.739999771118164,11752.7998046875,-0.0029142400664389223,0.9791073124406457,extreme
2019-04-22,24.049999237060547,11594.4501953125,-0.013473352052831178,0.9848197343453511,extreme
2019-04-23,24.649999618530273,11575.9501953125,-0.0015955909670886115,0.9895734597156398,extreme
2019-04-24,23.709999084472656,11726.150390625,0.012975193636658888,0.9810606060606061,extreme
2019-04-25,23.229999542236328,11641.7998046875,-0.007193374050953438,0.97918637653737,extreme
2019-04-26,21.719999313354492,11754.650390625,0.009693568677590747,0.9669187145557656,extreme
2019-04-30,21.829999923706055,11748.150390625,-0.0005529726349993158,0.9688385269121813,extreme
2019-05-02,22.979999542236328,11724.75,-0.001991836148409698,0.9773584905660377,extreme
2019-05-03,24.030000686645508,11712.25,-0.0010661208128105448,0.9830348727615457,extreme
2019-05-06,26.43000030517578,11598.25,-0.00973339879186319,0.9962335216572504,extreme
2019-05-07,26.479999542236328,11497.900390625,-0.008652133673183404,0.9962370649106302,extreme
2019-05-08,26.3700008392334,11359.4501953125,-0.012041345863927244,0.993421052631579,extreme
2019-05-09,25.489999771118164,11301.7998046875,-0.005075103956069027,0.9896713615023475,extreme
2019-05-10,26.34000015258789,11278.900390625,-0.0020261741013145596,0.9915572232645403,extreme
2019-05-13,27.3799991607666,11148.2001953125,-0.011588026384304118,0.9981255857544518,extreme
2019-05-14,27.1299991607666,11222.0498046875,0.006624352638199937,0.9971910112359551,extreme
2019-05-15,28.65999984741211,11157.0,-0.005796606308085428,0.9990645463049579,extreme
2019-05-16,28.3700008392334,11257.099609375,0.008971910851931497,0.9981308411214953,extreme
2019-05-17,28.079999923706055,11407.150390625,0.013329435330307948,0.996265172735761,extreme
2019-05-20,23.68000030517578,11828.25,0.036915407876193296,0.9701492537313433,extreme
2019-05-21,25.649999618530273,11709.099609375,-0.010073374389702572,0.9850885368126747,extreme
2019-05-22,27.6299991607666,11737.900390625,0.0024596922232125173,0.9953445065176909,extreme
2019-05-23,19.40999984741211,11657.0498046875,-0.006887993870017373,0.8865116279069768,high
2019-05-24,16.469999313354492,11844.099609375,0.016046067214389392,0.6394052044609665,normal
2019-05-27,16.190000534057617,11924.75,0.006809330661248669,0.6007428040854225,normal
2019-05-28,15.920000076293944,11928.75,0.0003354368016101894,0.5667903525046383,normal
2019-05-29,16.40999984741211,11861.099609375,-0.005671205333752538,0.629286376274328,normal
2019-05-30,15.609999656677246,11945.900390625,0.007149487319284775,0.5222222222222223,normal
2019-05-31,16.06999969482422,11922.7998046875,-0.0019337668306382838,0.5911193339500462,normal
2019-06-03,15.970000267028809,12088.5498046875,0.013901936014629301,0.5730129390018485,normal
2019-06-04,15.630000114440918,12021.650390625,-0.005534114111566901,0.5244690674053555,normal
2019-06-06,15.529999732971191,11843.75,-0.014798333410505293,0.507380073800738,normal
2019-06-07,14.859999656677246,11870.650390625,0.0022712730870713127,0.41566820276497696,normal
2019-06-10,14.979999542236328,11922.7001953125,0.004384747505377318,0.4300184162062615,normal
2019-06-11,14.489999771118164,11965.599609375,0.0035981290613484873,0.3716651333946642,normal
2019-06-12,14.119999885559082,11906.2001953125,-0.004964181988503125,0.31985294117647056,normal
2019-06-13,13.65999984741211,11914.0498046875,0.0006592875347493088,0.26721763085399447,normal
2019-06-14,13.899999618530272,11823.2998046875,-0.007617057296864349,0.30091743119266057,normal
2019-06-17,14.649999618530272,11672.150390625,-0.012784029548381648,0.39413382218148485,normal
2019-06-18,14.600000381469728,11691.5,0.0016577587443133979,0.391025641025641,normal
2019-06-19,14.729999542236328,11691.4501953125,-4.259905700743083e-06,0.40073193046660566,normal
2019-06-20,14.0,11831.75,0.012000205478679637,0.3071297989031079,normal
2019-06-21,14.609999656677246,11724.099609375,-0.009098433505187353,0.39360730593607307,normal
2019-06-24,15.220000267028809,11699.650390625,-0.002085381356743965,0.4708029197080292,normal
2019-06-25,15.010000228881836,11796.4501953125,0.008273734808782462,0.4375569735642662,normal
2019-06-26,14.75,11847.5498046875,0.004331778503613437,0.4034608378870674,normal
2019-06-27,14.649999618530272,11841.5498046875,-0.0005064338279993086,0.39490445859872614,normal
2019-06-28,14.949999809265137,11788.849609375,-0.004450447465215945,0.43272727272727274,normal
2019-07-01,14.600000381469728,11865.599609375,0.006510389269786421,0.3896457765667575,normal
2019-07-02,14.25,11910.2998046875,0.003767209141051886,0.33756805807622503,normal
2019-07-03,13.699999809265137,11916.75,0.0005415644793391738,0.2728921124206709,normal
2019-07-04,13.529999732971191,11946.75,0.0025174649128327786,0.25,normal
2019-07-05,13.06999969482422,11811.150390625,-0.011350334557515662,0.2,low
2019-07-08,13.850000381469728,11558.599609375,-0.02138240331360608,0.29204339963833637,normal
2019-07-09,13.6899995803833,11555.900390625,-0.00023352472109261502,0.2719060523938573,normal
2019-07-10,13.640000343322754,11498.900390625,-0.004932545113165099,0.26173285198555957,normal
2019-07-11,12.470000267028809,11582.900390625,0.007305046321514741,0.1496844003606853,low
2019-07-12,12.0,11552.5,-0.0026245922523520093,0.10540540540540541,low
2019-07-15,12.020000457763672,11588.349609375,0.0031031905972733753,0.10981098109810981,low
2019-07-16,11.5600004196167,11662.599609375,0.006407297199588324,0.06654676258992806,low
2019-07-17,11.800000190734863,11687.5,0.0021350634900458854,0.09164420485175202,low
2019-07-18,11.75,11596.900390625,-0.007751838235294128,0.0843806104129264,low
2019-07-19,12.520000457763672,11419.25,-0.01531878214359883,0.15874439461883408,low
2019-07-22,13.010000228881836,11346.2001953125,-0.006397075524881224,0.19802867383512546,low
2019-07-23,13.43000030517578,11331.0498046875,-0.0013352832106081625,0.24619516562220234,low
2019-07-24,12.760000228881836,11271.2998046875,-0.005273121293252303,0.1779964221824687,low
2019-07-25,12.640000343322754,11252.150390625,-0.0016989534831232112,0.17068811438784628,low
2019-07-26,12.130000114440918,11284.2998046875,0.0028571795564771296,0.12142857142857143,low
2019-07-29,13.0600004196167,11189.2001953125,-0.008427603929443195,0.20606601248884923,low
2019-07-30,13.609999656677246,11085.400390625,-0.009276785013729971,0.26827094474153296,normal
2019-07-31,13.59000015258789,11118.0,0.00294076968140633,0.2653606411398041,normal
2019-08-01,14.5600004196167,10980.0,-0.012412304371289817,0.3932384341637011,normal
2019-08-02,15.1899995803833,10997.349609375,0.0015801101434427256,0.47733333333333333,normal
2019-08-05,16.59000015258789,10862.599609375,-0.012252952282714391,0.6669626998223801,normal
2019-08-06,16.1200008392334,10948.25,0.007884888857643269,0.6095829636202307,normal
2019-08-07,16.739999771118164,10855.5,-0.00847167355513434,0.6852836879432624,normal
2019-08-08,16.09000015258789,11032.4501953125,0.016300510829763803,0.6076173604960142,normal
2019-08-09,15.850000381469728,11109.650390625,0.006997556657477588,0.5690265486725664,normal
2019-08-13,17.780000686645508,10925.849609375,-0.01654424529912324,0.78868258178603,high
2019-08-14,16.360000610351562,11029.400390625,0.009477595331455646,0.6369257950530035,normal
2019-08-16,16.649999618530273,11047.7998046875,0.0016682152620135504,0.6734333627537511,normal
2019-08-19,16.75,11053.900390625,0.0005521991749806165,0.6860670194003528,normal
2019-08-20,16.6299991607666,11017.0,-0.0033382235519596737,0.6713656387665198,normal
2019-08-21,17.020000457763672,10918.7001953125,-0.008922556475220111,0.7139084507042254,normal
2019-08-22,17.850000381469727,10741.349609375,-0.016242829527789215,0.7959542656112577,high
2019-08-23,17.350000381469727,10829.349609375,0.008192639025843995,0.7557117750439367,high
2019-08-26,16.65999984741211,11057.849609375,0.021100066785376237,0.6725197541703248,normal
2019-08-27,16.010000228881836,11105.349609375,0.004295591066795668,0.5903508771929824,normal
2019-08-28,16.84000015258789,11046.099609375,-0.005335266523260329,0.694127957931639,normal
2019-08-29,16.43000030517578,10948.2998046875,-0.0088537862364102,0.6453590192644484,normal
2019-08-30,16.280000686645508,11023.25,0.006845829640179435,0.6202974628171478,normal
2019-09-03,18.059999465942383,10797.900390625,-0.02044311880570615,0.8199300699300699,high
2019-09-04,17.239999771118164,10844.650390625,0.004329545403159107,0.7449781659388647,normal
2019-09-05,17.270000457763672,10847.900390625,0.000299686931614751,0.7486910994764397,normal
2019-09-06,16.270000457763672,10946.2001953125,0.009061643373168504,0.6181342632955537,normal
2019-09-09,15.850000381469728,11003.0498046875,0.005193547382711383,0.5609756097560976,normal
2019-09-11,15.369999885559082,11035.7001953125,0.0029673946046386845,0.49521322889469105,normal
2019-09-12,14.899999618530272,10982.7998046875,-0.00479356902496042,0.42695652173913046,normal
2019-09-13,14.119999885559082,11075.900390625,0.008476944640087414,0.32406602953953084,normal
2019-09-16,14.949999809265137,11003.5,-0.006536749886833726,0.4366319444444444,normal
2019-09-17,16.020000457763672,10817.599609375,-0.01689465993774708,0.5923677363399826,normal
2019-09-18,15.350000381469728,10840.650390625,0.002130859163064436,0.4930675909878683,normal
2019-09-19,15.550000190734863,10704.7998046875,-0.012531589991591652,0.522077922077922,normal
2019-09-20,15.399999618530272,11274.2001953125,0.05319112930777714,0.5,normal
2019-09-23,16.790000915527344,11600.2001953125,0.028915576657539077,0.6879861711322386,normal
2019-09-24,16.729999542236328,11588.2001953125,-0.0010344649056013289,0.6839378238341969,normal
2019-09-25,16.170000076293945,11440.2001953125,-0.012771612287114875,0.6082830025884383,normal
2019-09-26,16.34000015258789,11571.2001953125,0.01145084856589107,0.6301724137931034,normal
2019-09-27,16.110000610351562,11512.400390625,-0.005081564893442914,0.6020671834625323,normal
2019-09-30,15.869999885559082,11474.4501953125,-0.003296462425282254,0.5628227194492255,normal
2019-10-01,16.760000228881836,11359.900390625,-0.009983032105041145,0.6870163370593293,normal
2019-10-03,17.700000762939453,11314.0,-0.004040562773145462,0.7852233676975945,high
2019-10-04,17.579999923706055,11174.75,-0.012307760296977222,0.7785407725321889,high
2019-10-07,17.829999923706055,11126.400390625,-0.0043266837625002275,0.7984562607204116,high
2019-10-09,17.15999984741211,11313.2998046875,0.01679783285706482,0.7352185089974294,normal
2019-10-10,17.229999542236328,11234.5498046875,-0.006960833829169011,0.7440068493150684,normal
2019-10-11,17.139999389648438,11305.0498046875,0.006275284833450412,0.7331052181351583,normal
2019-10-14,17.43000030517578,11341.150390625,0.003193315072573366,0.7666666666666667,high
2019-10-15,16.850000381469727,11428.2998046875,0.007684353972992053,0.6959863364645602,normal
2019-10-16,16.360000610351562,11464.0,0.003123841334461419,0.6296928327645052,normal
2019-10-17,15.880000114440918,11586.349609375,0.010672506051552677,0.5592497868712702,normal
2019-10-18,15.93000030517578,11661.849609375,0.006516288783389612,0.5698466780238501,normal
2019-10-22,16.809999465942383,11588.349609375,-0.006302602285396697,0.6876595744680851,normal
2019-10-23,16.540000915527344,11604.099609375,0.001359123648397631,0.6539115646258503,normal
2019-10-24,16.239999771118164,11582.599609375,-0.0018527934715960592,0.6091758708581139,normal
2019-10-25,15.31999969482422,11583.900390625,0.00011230477560042473,0.4770797962648557,normal
2019-10-29,16.420000076293945,11786.849609375,0.017519938181983052,0.638676844783715,normal
2019-10-30,16.65999984741211,11844.099609375,0.004857107869982835,0.6703389830508475,normal
2019-10-31,16.280000686645508,11877.4501953125,0.0028157974888274317,0.615580016934801,normal
2019-11-01,15.729999542236328,11890.599609375,0.0011070906504571099,0.5346869712351946,normal
2019-11-04,15.93000030517578,11941.2998046875,0.004263888868356602,0.5680473372781065,normal
2019-11-05,15.920000076293944,11917.2001953125,-0.002018173043904281,0.5650337837837838,normal
2019-11-06,15.779999732971191,11966.0498046875,0.004099084396871566,0.5409282700421941,normal
2019-11-07,15.210000038146973,12012.0498046875,0.003844209304726398,0.4612141652613828,normal
2019-11-08,15.859999656677246,11908.150390625,-0.008649599006986697,0.552653748946925,normal
2019-11-11,16.25,11913.4501953125,0.0004450569159482054,0.6119528619528619,normal
2019-11-13,16.459999084472656,11840.4501953125,-0.006127528029514329,0.6476030277544155,normal
2019-11-14,15.649999618530272,11872.099609375,0.002672990768123773,0.5226890756302521,normal
2019-11-15,15.029999732971191,11895.4501953125,0.001966845520657623,0.42989084802686817,normal
2019-11-18,15.760000228881836,11884.5,-0.0009205364347466549,0.5385906040268457,normal
2019-11-19,15.40999984741211,11940.099609375,0.004678329704657314,0.4878457669740151,normal
2019-11-20,15.15999984741211,11999.099609375,0.004941332311304558,0.4489112227805695,normal
2019-11-21,14.979999542236328,11968.400390625,-0.002558460196964596,0.42426778242677826,normal
2019-11-22,14.869999885559082,11914.400390625,-0.004511881140131235,0.4096989966555184,normal
2019-11-25,15.0,12073.75,0.013374538722098483,0.4269005847953216,normal
2019-11-26,14.84000015258789,12037.7001953125,-0.0029858001604721185,0.4048414023372287,normal
2019-11-27,14.619999885559082,12100.7001953125,0.005233557820665036,0.3811509591326105,normal
2019-11-28,13.989999771118164,12151.150390625,0.004169196368656758,0.2975,normal
2019-11-29,13.899999618530272,12056.0498046875,-0.007826467690735917,0.29142381348875934,normal
2019-12-02,14.199999809265137,12048.2001953125,-0.0006510929783939412,0.32029950083194675,normal
2019-12-03,14.5600004196167,11994.2001953125,-0.004481997238144242,0.371571072319202,normal
2019-12-04,13.31999969482422,12043.2001953125,0.004085307832292884,0.21843853820598005,low
2019-12-05,14.3100004196167,12018.400390625,-0.00205923710353606,0.3394190871369295,normal
2019-12-06,13.640000343322754,11921.5,-0.008062669529681155,0.25456053067993367,normal
2019-12-09,14.600000381469728,11937.5,0.001342112989137334,0.38193869096934546,normal
2019-12-10,14.289999961853027,11856.7998046875,-0.006760225785340301,0.33857615894039733,normal
2019-12-11,13.380000114440918,11910.150390625,0.0044995771891509495,0.22415219189412738,low
2019-12-12,13.350000381469728,11971.7998046875,0.005176207859728388,0.22231404958677686,low
2019-12-13,13.300000190734863,12086.7001953125,0.009597587037832866,0.21635012386457472,low
2019-12-16,13.420000076293944,12053.9501953125,-0.0027095898360001147,0.23184818481848185,low
2019-12-17,12.520000457763672,12165.0,0.009212731336046609,0.14756801319043694,low
2019-12-18,12.34000015258789,12221.650390625,0.004656834412248179,0.1243822075782537,low
2019-12-19,12.119999885559082,12259.7001953125,0.003113311498149862,0.11193415637860082,low
2019-12-20,12.329999923706056,12271.7998046875,0.000986941701855537,0.125,low
2019-12-23,11.960000038146973,12262.75,-0.0007374472230261553,0.0961380443714051,low
2019-12-24,11.630000114440918,12214.5498046875,-0.003930618769240168,0.06978653530377668,low
2019-12-26,11.119999885559082,12126.5498046875,-0.007204522590446127,0.02543068088597211,low
2019-12-27,10.529999732971191,12245.7998046875,0.009833794601157297,0.001639344262295082,low
2019-12-30,11.010000228881836,12255.849609375,0.0008206736062803532,0.018837018837018837,low
2019-12-31,11.670000076293944,12168.4501953125,-0.007131240742024536,0.07446808510638298,low
2020-01-02,11.489999771118164,12282.2001953125,0.009347944740228264,0.058871627146361405,low
2020-01-03,12.699999809265137,12226.650390625,-0.004522789386603554,0.1707516339869281,low
2020-01-06,14.779999732971191,11993.0498046875,-0.019105853072941215,0.4089795918367347,normal
2020-01-07,14.609999656677246,12052.9501953125,0.004994592001242859,0.3931484502446982,normal
2020-01-08,15.640000343322754,12025.349609375,-0.0022899444111396106,0.5354523227383863,normal
2020-01-09,14.0,12215.900390625,0.015845758122611686,0.30781758957654726,normal
2020-01-10,14.079999923706056,12256.7998046875,0.0033480474426501594,0.31570382424735555,normal
2020-01-13,14.279999732971191,12329.5498046875,0.0059354808073293075,0.3463414634146341,normal
2020-01-14,13.90999984741211,12362.2998046875,0.0026562202609821117,0.29975629569455725,normal
2020-01-15,14.119999885559082,12343.2998046875,-0.0015369308543056182,0.3222402597402597,normal
2020-01-16,14.18000030517578,12355.5,0.000988406301843714,0.32927818329278186,normal
2020-01-17,14.130000114440918,12352.349609375,-0.000254978804985595,0.3225283630470016,normal
2020-01-20,15.40999984741211,12224.5498046875,-0.010346193941151438,0.5044534412955466,normal
2020-01-21,15.859999656677246,12169.849609375,-0.004474618385662321,0.5687702265372169,normal
2020-01-22,16.360000610351562,12106.900390625,-0.005172555189302153,0.645109135004042,normal
2020-01-23,15.859999656677246,12180.349609375,0.0060667236352978104,0.568659127625202,normal
2020-01-24,15.5600004196167,12248.25,0.005574584704263197,0.5254237288135594,normal
2020-01-27,17.18000030517578,12119.0,-0.010552527912150667,0.7540322580645161,high
2020-01-28,17.299999237060547,12055.7998046875,-0.005214967844912932,0.7679290894439967,high
2020-01-29,16.5,12129.5,0.006113256399948197,0.6658615136876006,normal
2020-01-30,16.799999237060547,12035.7998046875,-0.0077249841553650445,0.7015285599356396,normal
2020-01-31,17.3700008392334,11962.099609375,-0.006123414854723341,0.77491961414791,high
2020-02-03,15.779999732971191,11707.900390625,-0.021250384719316173,0.5542168674698795,normal
2020-02-04,14.380000114440918,11979.650390625,0.02321082268667074,0.35714285714285715,normal
2020-02-05,14.170000076293944,12089.150390625,0.009140500467834434,0.32558139534883723,normal
2020-02-06,13.779999732971191,12137.9501953125,0.004036661230167438,0.2796474358974359,normal
2020-02-07,13.75,12098.349609375,-0.0032625431230384194,0.277822257806245,normal
2020-02-10,14.210000038146973,12031.5,-0.005525514763038308,0.332,normal
2020-02-11,13.880000114440918,12107.900390625,0.006350030388978967,0.293365307753797,normal
2020-02-12,13.619999885559082,12201.2001953125,0.0077056964194832656,0.2563897763578275,normal
2020-02-13,13.369999885559082,12174.650390625,-0.0021759994314084485,0.22745411013567438,low
2020-02-14,13.619999885559082,12113.4501953125,-0.005026854435148831,0.25757575757575757,normal
2020-02-17,14.420000076293944,12045.7998046875,-0.00558473346026378,0.36573705179282867,normal
2020-02-18,14.510000228881836,11992.5,-0.004424762618648104,0.3781847133757962,normal
2020-02-19,14.020000457763672,12125.900390625,0.011123651500938081,0.30867143993635643,normal
2020-02-20,13.699999809265137,12080.849609375,-0.003715252459506435,0.2718600953895072,normal
2020-02-24,17.0,11829.400390625,-0.02081386879900149,0.7283558379666402,normal
2020-02-25,16.899999618530273,11797.900390625,-0.002662856861702312,0.7166666666666667,normal
2020-02-26,18.260000228881836,11678.5,-0.010120477938589723,0.8485329103885805,high
2020-02-27,17.770000457763672,11633.2998046875,-0.003870376787472707,0.8066561014263075,high
2020-02-28,23.239999771118164,11201.75,-0.03709607866493836,0.9714964370546318,extreme
2020-03-02,25.200000762939453,11132.75,-0.006159751824491688,0.9841772151898734,extreme
2020-03-03,24.540000915527344,11303.2998046875,0.015319647408546855,0.9786561264822135,extreme
2020-03-04,24.229999542236328,11251.0,-0.004626950146523701,0.976303317535545,extreme
2020-03-05,23.25,11269.0,0.0015998577904186018,0.9692186266771902,extreme
2020-03-06,25.63999938964844,10989.4501953125,-0.024806975302821943,0.9858044164037855,extreme
2020-03-09,30.799999237060547,10451.4501953125,-0.048956043335951605,1.0,extreme
2020-03-11,31.559999465942383,10458.400390625,0.0006649981756232659,1.0,extreme
2020-03-12,41.15999984741211,9590.150390625,-0.08301938801064712,1.0,extreme
2020-03-13,51.470001220703125,9955.2001953125,0.03806507612689369,1.0,extreme
2020-03-16,58.880001068115234,9197.400390625,-0.07612100106679087,1.0,extreme
2020-03-17,62.93000030517578,8967.0498046875,-0.02504518409052825,1.0,extreme
2020-03-18,63.959999084472656,8468.7998046875,-0.05556454027271507,1.0,extreme
2020-03-19,72.19999694824219,8263.4501953125,-0.024247781753128472,1.0,extreme
2020-03-20,67.0999984741211,8745.4501953125,0.058329146858465686,0.9992169146436961,extreme
2020-03-23,71.98999786376953,7610.25,-0.12980466070471242,0.9992175273865415,extreme
2020-03-24,83.61000061035156,7801.0498046875,0.02507142402516349,1.0,extreme
2020-03-25,77.62999725341797,8317.849609375,0.06624746894667499,0.99921875,extreme
2020-03-26,71.52999877929688,8641.4501953125,0.038904356430389475,0.9968774395003903,extreme
2020-03-27,70.38999938964844,8660.25,0.0021755381634551707,0.9960998439937597,extreme
2020-03-30,71.88999938964844,8281.099609375,-0.04378053643081892,0.9968823070927514,extreme
2020-03-31,64.41000366210938,8597.75,0.03823772271336057,0.9937694704049844,extreme
2020-04-01,60.04999923706055,8253.7998046875,-0.04000467509668226,0.9914396887159533,extreme
2020-04-03,55.29999923706055,8083.7998046875,-0.020596574186770744,0.9898911353032659,extreme
2020-04-07,51.79999923706055,8792.2001953125,0.08763210467115035,0.9891219891219891,extreme
2020-04-08,52.2400016784668,8748.75,-0.004941902407507137,0.9891304347826086,extreme
2020-04-09,49.75,9111.900390625,0.04150883161880259,0.9868114817688131,extreme
2020-04-13,51.459999084472656,8993.849609375,-0.01295567073707915,0.9868217054263566,extreme
2020-04-15,49.7400016784668,8925.2998046875,-0.007621853562688519,0.9852827265685515,extreme
2020-04-16,46.099998474121094,8992.7998046875,0.007562771164790316,0.9845201238390093,extreme
2020-04-17,42.59000015258789,9266.75,0.03046328187687486,0.9837587006960556,extreme
2020-04-20,43.459999084472656,9261.849609375,-0.0005288143766692954,0.9837712519319938,extreme
2020-04-21,45.20000076293945,8981.4501953125,-0.030274667144095657,0.9837837837837838,extreme
2020-04-22,42.81999969482422,9187.2998046875,0.02291941778872575,0.9822530864197531,extreme
2020-04-23,39.22999954223633,9313.900390625,0.01377995587701486,0.9799537393986122,extreme
2020-04-24,39.119998931884766,9154.400390625,-0.017124941572334906,0.9791987673343605,extreme
2020-04-27,38.040000915527344,9282.2998046875,0.013971358975458648,0.9784449576597383,extreme
2020-04-28,35.349998474121094,9380.900390625,0.010622430648890235,0.9776923076923076,extreme
2020-04-29,33.84000015258789,9553.349609375,0.018383013524196468,0.9769408147578785,extreme
2020-04-30,33.9900016784668,9859.900390625,0.03208830345213909,0.9769585253456221,extreme
2020-05-04,43.66999816894531,9293.5,-0.05744483901313502,0.9831158864159631,extreme
2020-05-05,43.61000061035156,9205.599609375,-0.009458265521601117,0.9823619631901841,extreme
2020-05-06,41.25,9270.900390625,0.007093593467121684,0.9793103448275862,extreme
2020-05-07,39.93000030517578,9199.0498046875,-0.007750119504051356,0.9777947932618682,extreme
2020-05-08,38.40999984741211,9251.5,0.0057016970693835045,0.9755164498852333,extreme
2020-05-11,38.040000915527344,9239.2001953125,-0.0013294930214019507,0.9747706422018348,extreme
2020-05-12,38.209999084472656,9196.5498046875,-0.004616242718351149,0.9747899159663865,extreme
2020-05-13,38.84000015258789,9383.5498046875,0.02033371253039773,0.9755725190839695,extreme
2020-05-14,38.18000030517578,9142.75,-0.025661909373274727,0.973302822273074,extreme
2020-05-15,38.02000045776367,9136.849609375,-0.0006453627874545287,0.9710365853658537,extreme
2020-05-18,40.91999816894531,8823.25,-0.034322509703259896,0.9779131759329779,extreme
2020-05-19,39.45000076293945,8879.099609375,0.00632982284022332,0.9764079147640792,extreme
2020-05-20,35.810001373291016,9066.5498046875,0.021111396826158035,0.9688212927756654,extreme
2020-05-21,32.9900016784668,9106.25,0.004378754451001221,0.96580547112462,extreme
2020-05-22,32.380001068115234,9039.25,-0.0073575840768702605,0.9650721336370539,extreme
2020-05-26,31.469999313354492,9029.0498046875,-0.0011284338094974533,0.9635811836115327,extreme
2020-05-27,31.270000457763672,9314.9501953125,0.03166450477176164,0.9628506444275967,extreme
2020-05-28,30.020000457763672,9490.099609375,0.018803043536468778,0.9613636363636363,extreme
2020-05-29,30.219999313354492,9580.2998046875,0.009504662651105722,0.9613928841786525,extreme
2020-06-01,30.739999771118164,9826.150390625,0.025662097319460564,0.9614220877458396,extreme
2020-06-02,30.1200008392334,9979.099609375,0.015565527970742954,0.9599395313681028,extreme
2020-06-03,30.040000915527344,10061.5498046875,0.008262288035990828,0.959214501510574,extreme
2020-06-04,29.690000534057617,10029.099609375,-0.003225168681009971,0.9577358490566038,extreme
2020-06-05,28.68000030517578,10142.150390625,0.011272276241460544,0.9562594268476622,extreme
2020-06-08,29.649999618530273,10167.4501953125,0.002494520758722585,0.9570459683496609,extreme
2020-06-09,30.209999084472656,10046.650390625,-0.011881032349997822,0.9600903614457831,extreme
2020-06-10,29.440000534057617,10116.150390625,0.006917728526201428,0.9556057185854026,extreme
2020-06-11,29.65999984741211,9902.0,-0.021169158460066062,0.956390977443609,extreme
2020-06-12,30.81999969482422,9972.900390625,0.00716020911179549,0.9624342599549212,extreme
2020-06-15,32.58000183105469,9813.7001953125,-0.015963279394844432,0.9654654654654654,extreme
2020-06-16,32.970001220703125,9914.0,0.010220386061458031,0.9654913728432108,extreme
2020-06-17,33.349998474121094,9881.150390625,-0.0033134566648174157,0.9662668665667167,extreme
2020-06-18,31.459999084472656,10091.650390625,0.021303187551898528,0.9610486891385768,extreme
2020-06-19,29.969999313354492,10244.400390625,0.015136275444292302,0.9535928143712575,extreme
2020-06-22,30.459999084472656,10311.2001953125,0.006520616350433883,0.9573672400897532,extreme
2020-06-23,29.34000015258789,10471.0,0.015497691991291696,0.9491778774289985,high
2020-06-24,29.579999923706055,10305.2998046875,-0.015824677233549855,0.9499626587005228,high
2020-06-25,29.729999542236328,10288.900390625,-0.001591357298992957,0.9522388059701492,extreme
2020-06-26,28.739999771118164,10383.0,0.00914574014738645,0.947054436987323,high
2020-06-29,28.90999984741211,10312.400390625,-0.006799538608783573,0.9470938897168405,high
2020-06-30,29.1200008392334,10302.099609375,-0.0009988732845714887,0.9471332836932241,high
2020-07-01,28.1200008392334,10430.0498046875,0.012419817334717198,0.9412202380952381,high
2020-07-02,26.510000228881836,10551.7001953125,0.011663452514898642,0.9360594795539033,high
2020-07-03,25.770000457763672,10607.349609375,0.005273976044848361,0.9301634472511144,high
2020-07-06,25.200000762939453,10763.650390625,0.014735139974255018,0.9265033407572383,high
2020-07-07,25.100000381469727,10799.650390625,0.003344590235981215,0.9250741839762612,high
2020-07-08,26.100000381469727,10705.75,-0.00869476207364206,0.9310600444773907,high
2020-07-09,24.90999984741211,10813.4501953125,0.010060032721901813,0.922962962962963,high
2020-07-10,24.940000534057617,10768.0498046875,-0.004198511095439339,0.923019985196151,high
2020-07-13,25.25,10802.7001953125,0.003217889149241815,0.9260355029585798,high
2020-07-14,26.63999938964844,10607.349609375,-0.01808349601540049,0.9364375461936437,high
2020-07-15,26.290000915527344,10618.2001953125,0.0010229309240368245,0.930576070901034,high
2020-07-16,25.36000061035156,10739.9501953125,0.011466161662100571,0.9247232472324723,high
2020-07-17,24.15999984741211,10901.7001953125,0.01506059125586967,0.9122418879056047,high
2020-07-20,24.709999084472656,11022.2001953125,0.011053321760931656,0.918201915991157,high
2020-07-21,24.43000030517578,11162.25,0.012706156865764484,0.9138438880706922,high
2020-07-22,24.88999938964844,11132.599609375,-0.0026563094918139463,0.9190581309786607,high
2020-07-23,24.63999938964844,11215.4501953125,0.007442159858846331,0.9154411764705882,high
2020-07-24,24.540000915527344,11194.150390625,-0.0018991484351116306,0.9132990448199853,high
2020-07-27,25.020000457763672,11131.7998046875,-0.005569925698846956,0.92143906020558,high
2020-07-28,23.63999938964844,11300.5498046875,0.0151592736988444,0.9024211298606016,high
2020-07-29,24.11000061035156,11202.849609375,-0.008645614328603224,0.906891495601173,high
2020-07-30,24.729999542236328,11102.150390625,-0.008988714680747911,0.9172161172161172,high
2020-07-31,24.190000534057617,11073.4501953125,-0.002585102372305803,0.9077598828696926,high
2020-08-03,25.190000534057617,10891.599609375,-0.016422215545293994,0.922457937088515,high
2020-08-04,23.81999969482422,11095.25,0.018697932161379383,0.902046783625731,high
2020-08-05,23.56999969482422,11101.650390625,0.0005768586219327965,0.8984660336011687,high
2020-08-06,23.149999618530273,11200.150390625,0.008872554668374333,0.8948905109489051,high
2020-08-07,22.579999923706055,11214.0498046875,0.0012410024488720417,0.8905908096280087,high
2020-08-10,22.510000228881836,11270.150390625,0.005002705259437024,0.8899416909620991,high
2020-08-11,21.36000061035156,11322.5,0.004644978776729314,0.876911871813547,high
2020-08-12,20.850000381469727,11308.400390625,-0.0012452735151247118,0.8682678311499272,high
2020-08-13,20.56999969482422,11300.4501953125,-0.0007030344733010008,0.8610909090909091,high
2020-08-14,21.670000076293945,11178.400390625,-0.010800437378868932,0.8815406976744186,high
2020-08-17,21.309999465942383,11247.099609375,0.0061457110453491115,0.8750907770515614,high
2020-08-18,20.43000030517578,11385.349609375,0.012292057935075373,0.8555878084179971,high
2020-08-19,19.959999084472656,11408.400390625,0.002024600213507588,0.8433647570703409,high
2020-08-20,20.6200008392334,11312.2001953125,-0.008432399987605033,0.8615942028985507,high
2020-08-21,19.940000534057617,11371.599609375,0.005250916093857194,0.8421433743664012,high
2020-08-24,19.229999542236328,11466.4501953125,0.008341006471886514,0.8183791606367583,high
2020-08-25,19.31999969482422,11472.25,0.0005058064691958464,0.8221258134490239,high
2020-08-26,19.299999237060547,11549.599609375,0.0067423225064831005,0.8200867052023122,high
2020-08-27,18.899999618530273,11559.25,0.0008355606212675504,0.8043321299638989,high
2020-08-28,18.350000381469727,11647.599609375,0.007643195654994939,0.7784992784992785,high
2020-08-31,22.84000015258789,11387.5,-0.022330747801946216,0.893294881038212,high
2020-09-01,21.799999237060547,11470.25,0.007266739846322645,0.8840057636887608,high
2020-09-02,21.11000061035156,11535.0,0.005645038251127943,0.8718502519798416,high
2020-09-03,20.5,11527.4501953125,-0.0006545127600779965,0.8561151079136691,high
2020-09-04,22.149999618530273,11333.849609375,-0.016794744948559814,0.888569374550683,high
2020-09-07,22.010000228881836,11355.0498046875,0.0018705202595032944,0.8864942528735632,high
2020-09-08,22.719999313354492,11317.349609375,-0.0033201259317187093,0.8916008614501076,high
2020-09-09,22.229999542236328,11278.0,-0.003476927967516641,0.8880918220946915,high
2020-09-10,21.260000228881836,11449.25,0.015184429863450921,0.8709677419354839,high
2020-09-11,20.709999084472656,11464.4501953125,0.0013276149365679668,0.8603151862464183,high
2020-09-14,21.190000534057617,11440.0498046875,-0.0021283524468515003,0.870436649964209,high
2020-09-15,20.600000381469727,11521.7998046875,0.007145947910690342,0.8547925608011445,high
2020-09-16,19.65999984741211,11604.5498046875,0.0071820376506051,0.8284488920657612,high
2020-09-17,20.100000381469727,11516.099609375,-0.007622027291120936,0.8385714285714285,high
2020-09-18,20.049999237060547,11504.9501953125,-0.0009681588767627147,0.8372591006423983,high
2020-09-21,22.190000534057617,11250.5498046875,-0.02211225483867385,0.8880171184022825,high
2020-09-22,21.40999984741211,11153.650390625,-0.00861286032635733,0.8745545260156807,high
2020-09-23,20.989999771118164,11131.849609375,-0.0019545871070447696,0.8653846153846154,high
2020-09-24,23.510000228881836,10805.5498046875,-0.029312272096516434,0.900355871886121,high
2020-09-25,20.68000030517578,11050.25,0.022645788482354545,0.8541963015647226,high
2020-09-28,19.56999969482422,11227.5498046875,0.016044868187371275,0.822316986496091,high
2020-09-29,19.770000457763672,11222.400390625,-0.0004586409458945395,0.8274147727272727,high
2020-09-30,19.530000686645508,11247.5498046875,0.002241001317642377,0.8183108587650816,high
2020-10-01,18.350000381469727,11416.9501953125,0.015061092732783665,0.7659574468085106,high
2020-10-05,19.700000762939453,11503.349609375,0.0075676439490797165,0.8249468462083629,high
2020-10-06,19.63999938964844,11662.400390625,0.013826475474619793,0.8222379603399433,high
2020-10-07,20.059999465942383,11738.849609375,0.006555187284725372,0.835102618542109,high
2020-10-08,20.3799991607666,11834.599609375,0.008156676606839941,0.8437057991513437,high
2020-10-09,20.3799991607666,11914.2001953125,0.0067260903253916204,0.8438162544169612,high
2020-10-12,21.1299991607666,11930.9501953125,0.0014058853909966196,0.8686440677966102,high
2020-10-13,20.719999313354492,11934.5,0.0002975290843887368,0.858151023288638,high
2020-10-14,20.209999084472656,11971.0498046875,0.0030625333853533387,0.8385049365303244,high
2020-10-15,22.059999465942383,11680.349609375,-0.02428360085835335,0.8872445384073291,high
2020-10-16,21.649999618530273,11762.4501953125,0.007028949362235082,0.8774647887323944,high
2020-10-19,21.81999969482422,11873.0498046875,0.009402769621849272,0.8817733990147784,high
2020-10-20,22.690000534057617,11896.7998046875,0.002000328507897331,0.8924050632911392,high
2020-10-21,22.920000076293945,11937.650390625,0.0034337457642519276,0.8952916373858046,high
2020-10-22,22.63999938964844,11896.4501953125,-0.0034512817819539743,0.8911516853932584,high
2020-10-23,21.829999923706055,11930.349609375,0.0028495402835257977,0.8814035087719299,high
2020-10-26,22.829999923706055,11767.75,-0.013629073304543216,0.894109396914446,high
2020-10-27,22.200000762939453,11889.400390625,0.010337608346965288,0.8864751226348984,high
2020-10-28,23.280000686645508,11729.599609375,-0.013440608945763599,0.9005602240896359,high
2020-10-29,24.020000457763672,11670.7998046875,-0.005012942184360991,0.906927921623513,high
2020-10-30,24.75,11642.400390625,-0.002433373422367602,0.920979020979021,high
2020-11-02,25.209999084472656,11669.150390625,0.002297636149117599,0.9273235499650594,high
2020-11-03,24.239999771118164,11813.5,0.01237019016319918,0.9106145251396648,high
2020-11-04,23.200000762939453,11908.5,0.008041647267956087,0.895324494068388,high
2020-11-05,20.969999313354492,12120.2998046875,0.017785598915690537,0.8556485355648535,high
2020-11-06,20.5,12263.5498046875,0.011819014571289532,0.8390243902439024,high
2020-11-09,20.11000061035156,12461.0498046875,0.016104635537461442,0.8238161559888579,high
2020-11-10,21.579999923706055,12631.099609375,0.01364650710436388,0.8684759916492694,high
2020-11-11,22.030000686645508,12749.150390625,0.009346041508720315,0.8796940194714882,high
2020-11-12,20.6200008392334,12690.7998046875,-0.004576821525331454,0.842946490618485,high
2020-11-13,19.700000762939453,12719.9501953125,0.002296970330761372,0.8097222222222222,high
2020-11-17,19.799999237060547,12874.2001953125,0.012126619808373373,0.8140180430256766,high
2020-11-18,19.1200008392334,12938.25,0.004975051165572175,0.782246879334258,high
2020-11-19,19.56999969482422,12771.7001953125,-0.01287266861341374,0.8045738045738046,high
2020-11-20,19.6200008392334,12859.0498046875,0.00683930941371913,0.8047091412742382,high
2020-11-23,20.799999237060547,12926.4501953125,0.005241475198302092,0.8491349480968858,high
2020-11-24,21.059999465942383,13055.150390625,0.0099563448098976,0.8575380359612724,high
2020-11-25,23.1299991607666,12858.400390625,-0.015070680468092346,0.8949550794747754,high
2020-11-26,20.020000457763672,12987.0,0.010001213639976747,0.8169889502762431,high
2020-11-27,19.81999969482422,12968.9501953125,-0.001389836350773832,0.8136645962732919,high
2020-12-01,20.18000030517578,13109.0498046875,0.010802694687318537,0.8255172413793104,high
2020-12-02,19.90999984741211,13113.75,0.0003585458429504751,0.8139214334941419,high
2020-12-03,19.0,13133.900390625,0.0015365849299400214,0.7727272727272727,high
2020-12-04,18.030000686645508,13258.5498046875,0.009490662358873525,0.7226428079834825,normal
2020-12-07,18.020000457763672,13355.75,0.007331133249439903,0.7221458046767538,normal
2020-12-08,18.6200008392334,13392.9501953125,0.002785331809333158,0.7553264604810996,high
2020-12-09,18.920000076293945,13529.099609375,0.010165752285866914,0.7699175824175825,high
2020-12-10,18.709999084472656,13478.2998046875,-0.0037548548058806697,0.7618393960192176,high
2020-12-11,18.790000915527344,13513.849609375,0.002637558535026452,0.7633744855967078,high
2020-12-14,19.399999618530273,13558.150390625,0.0032781762806703973,0.7909527073337903,high
2020-12-15,19.350000381469727,13567.849609375,0.0007153791977927426,0.7890410958904109,high
2020-12-16,19.200000762939453,13682.7001953125,0.008464907059269056,0.7802874743326489,high
2020-12-17,19.15999984741211,13740.7001953125,0.004238929390550483,0.7790697674418605,high
2020-12-18,18.6200008392334,13760.5498046875,0.0014445849987885229,0.7518796992481203,high
2020-12-21,23.190000534057617,13328.400390625,-0.0314049525779333,0.8968579234972678,high
2020-12-22,21.989999771118164,13466.2998046875,0.010346283876607965,0.8778156996587031,high
2020-12-23,20.5,13601.099609375,0.010010159185716239,0.8369713506139154,high
2020-12-24,19.969999313354492,13749.25,0.01089253037474136,0.8152692569870484,high
2020-12-28,20.43000030517578,13873.2001953125,0.009015051389166695,0.8331062670299727,high
2020-12-29,20.790000915527344,13932.599609375,0.004281594241144937,0.8481960517358748,high
2020-12-30,21.11000061035156,13981.9501953125,0.003542094606974411,0.8585034013605443,high
2020-12-31,21.100000381469727,13981.75,-1.4318125132972703e-05,0.8572399728076139,high
2021-01-04,20.030000686645508,14132.900390625,0.010810548795751496,0.8145380434782609,high
2021-01-05,20.459999084472656,14199.5,0.004712380865514287,0.8323150033944331,high
2021-01-06,21.0,14146.25,-0.0037501320469031096,0.8554952510176391,high
2021-01-07,20.6200008392334,14137.349609375,-0.0006291696120880319,0.8406779661016949,high
2021-01-08,20.63999938964844,14347.25,0.014847223590326086,0.8407859078590786,high
2021-01-11,22.3799991607666,14484.75,0.009583718134137165,0.8862559241706162,high
2021-01-12,22.850000381469727,14563.4501953125,0.005433314024232416,0.8930987821380244,high
2021-01-13,23.290000915527344,14564.849609375,9.609083312889233e-05,0.9012846517917512,high
2021-01-14,23.030000686645508,14595.599609375,0.002111247340323086,0.8945945945945946,high
2021-01-15,24.010000228881836,14433.7001953125,-0.011092344158201595,0.9074949358541526,high
2021-01-18,24.399999618530273,14281.2998046875,-0.010558650142566628,0.9149797570850202,high
2021-01-19,22.899999618530273,14521.150390625,0.016794730817062842,0.8907619689817937,high
2021-01-20,21.549999237060547,14644.7001953125,0.008508265623863087,0.8638814016172507,high
2021-01-21,22.18000030517578,14590.349609375,-0.0037112802046228577,0.8794612794612795,high
2021-01-25,23.25,14238.900390625,-0.024087785979040377,0.8990578734858681,high
2021-01-27,24.38999938964844,13967.5,-0.019060488041877988,0.9145931405514459,high
2021-01-28,24.290000915527344,13817.5498046875,-0.010735650281904374,0.9126344086021505,high
2021-01-29,25.34000015258789,13634.599609375,-0.013240422354072856,0.9308260577568838,high
2021-02-01,23.31999969482422,14281.2001953125,0.047423511101338356,0.8986577181208054,high
2021-02-02,23.350000381469727,14647.849609375,0.02567357148195737,0.8993963782696177,high
2021-02-03,23.75,14789.9501953125,0.009701122671723184,0.903485254691689,high
2021-02-04,23.1200008392334,14895.650390625,0.0071467580293813615,0.8901540522438044,high
2021-02-05,23.420000076293945,14924.25,0.0019199973566108586,0.8989290495314591,high
2021-02-08,23.959999084472656,15115.7998046875,0.01283480273296811,0.9050167224080268,high
2021-02-09,24.270000457763672,15109.2998046875,-0.0004300136336804483,0.9117647058823529,high
2021-02-10,23.950000762939453,15106.5,-0.00018530340410816137,0.9038076152304609,high
2021-02-11,23.049999237060547,15173.2998046875,0.004421924647502795,0.8871829105473965,high
2021-02-12,22.040000915527344,15163.2998046875,-0.0006590524229219685,0.8699132755170114,high
2021-02-16,21.780000686645508,15313.4501953125,0.009902223959100453,0.8613333333333333,high
2021-02-18,21.540000915527344,15118.9501953125,-0.012701252658237516,0.8534310459693538,high
2021-02-19,22.25,14981.75,-0.009074717063029758,0.874167776298269,high
2021-02-22,25.469999313354492,14675.7001953125,-0.020428174591586412,0.9321357285429142,high
2021-02-23,25.229999542236328,14707.7998046875,0.0021872625461001327,0.9295212765957447,high
2021-02-24,24.170000076293945,14982.0,0.01864318245786234,0.9083056478405316,high
2021-02-25,22.88999938964844,15097.349609375,0.007699213013950157,0.8811420982735724,high
2021-02-26,28.13999938964844,14529.150390625,-0.03763569324758598,0.9482415394824154,high
2021-03-01,25.6299991607666,14761.5498046875,0.015995389118723446,0.9330238726790451,high
2021-03-02,23.61000061035156,14919.099609375,0.010672985341787733,0.8959575878064944,high
2021-03-03,22.09000015258789,15245.599609375,0.021884698711632122,0.866225165562914,high
2021-03-04,24.149999618530273,15080.75,-0.010812930524138231,0.9060225016545335,high
2021-03-05,25.559999465942383,14938.099609375,-0.009459104528952489,0.9325396825396826,high
2021-03-08,24.68000030517578,14956.2001953125,0.0012117060677612201,0.9180436219431592,high
2021-03-09,22.5,15098.400390625,0.00950777560179139,0.8705416116248349,high
2021-03-10,20.75,15174.7998046875,0.005060099883821945,0.8244224422442245,high
2021-03-12,21.709999084472656,15030.9501953125,-0.009479506235763657,0.8522427440633246,high
2021-03-15,21.229999542236328,14929.5,-0.006749419963093084,0.8398154251812788,high
2021-03-16,20.190000534057617,14910.4501953125,-0.001275984104457617,0.7990777338603425,high
2021-03-17,20.15999984741211,14721.2998046875,-0.012685759862868795,0.7972350230414746,high
2021-03-18,20.079999923706055,14557.849609375,-0.011102973071742905,0.7914473684210527,high
2021-03-19,19.989999771118164,14744.0,0.012786942826028547,0.7869822485207101,high
2021-03-22,20.489999771118164,14736.400390625,-0.000515437423697751,0.8088042049934296,high
2021-03-23,20.670000076293945,14814.75,0.00531673999743143,0.8187787261982928,high
2021-03-24,22.459999084472656,14549.400390625,-0.017911176994211853,0.8700787401574803,high
2021-03-25,22.700000762939453,14324.900390625,-0.015430189146808937,0.8740983606557376,high
2021-03-26,20.649999618530273,14507.2998046875,0.012733031929623273,0.8171690694626474,high
2021-03-30,20.489999771118164,14845.099609375,0.02328481586755049,0.8068107400130976,high
2021-03-31,20.649999618530273,14690.7001953125,-0.010400699094332388,0.8174083769633508,high
2021-04-01,19.989999771118164,14867.349609375,0.012024574166918489,0.7835186396337476,high
2021-04-05,21.219999313354492,14637.7998046875,-0.015439860548026041,0.8392156862745098,high
2021-04-06,20.84000015258789,14683.5,0.003122067245233451,0.8262573481384716,high
2021-04-07,20.25,14819.0498046875,0.009231436965811968,0.7963446475195822,high
2021-04-08,20.309999465942383,14873.7998046875,0.0036945688638336804,0.7977821265492498,high
2021-04-09,19.790000915527344,14834.849609375,-0.0026187118170183377,0.7737940026075619,high
2021-04-12,23.0,14310.7998046875,-0.03532558930400764,0.8820846905537459,high
2021-04-13,20.459999084472656,14504.7998046875,0.013556195506029933,0.8040364583333334,high
2021-04-15,20.88999938964844,14581.4501953125,0.005284484560774683,0.8275862068965517,high
2021-04-16,20.399999618530273,14617.849609375,0.002496282165007191,0.7997399219765929,high
2021-04-19,22.489999771118164,14359.4501953125,-0.017676978554819645,0.8706952566601689,high
2021-04-20,22.43000030517578,14296.400390625,-0.004390823034999047,0.8688311688311688,high
2021-04-22,23.030000686645508,14406.150390625,0.007676757575422188,0.8831927319922128,high
2021-04-23,22.690000534057617,14341.349609375,-0.004498133053794207,0.8735408560311284,high
2021-04-26,23.5,14485.0,0.010016518287169873,0.8943616331821128,high
2021-04-27,23.079999923706055,14653.0498046875,0.011601643402658013,0.8840673575129534,high
2021-04-28,22.579999923706055,14864.5498046875,0.014433855260107098,0.8705501618122977,high
2021-04-29,23.309999465942383,14894.900390625,0.0020418099664161193,0.8913324708926261,high
2021-04-30,23.030000686645508,14631.099609375,-0.017710812045177438,0.8817065287653523,high
2021-05-03,23.690000534057617,14634.150390625,0.00020851346320172048,0.8979328165374677,high
2021-05-04,23.010000228881836,14496.5,-0.00940610742344028,0.8792769528728211,high
2021-05-06,22.040000915527344,14724.7998046875,0.01574861550632911,0.8567741935483871,high
2021-05-07,20.81999969482422,14823.150390625,0.006679247748155426,0.8181818181818182,high
2021-05-10,20.229999542236328,14942.349609375,0.008041422748121585,0.7867268041237113,high
2021-05-12,20.079999923706055,14696.5,-0.016453209555527426,0.7772054088860271,high
2021-05-14,20.270000457763672,14677.7998046875,-0.0012724250884564858,0.7882882882882883,high
2021-05-17,19.61000061035156,14923.150390625,0.01671576048197254,0.754983922829582,high
2021-05-18,19.239999771118164,15108.099609375,0.012393443335275034,0.737146529562982,normal
2021-05-19,19.31999969482422,15030.150390625,-0.005159432408138875,0.7411689145793192,normal
2021-05-21,19.079999923706055,15175.2998046875,0.009657216347817466,0.7265725288831836,normal
2021-05-24,19.1299991607666,15197.7001953125,0.001476108604989923,0.7305965362411803,normal
2021-05-26,20.8700008392334,15301.4501953125,0.006826690793124035,0.8211538461538461,high
2021-05-27,19.90999984741211,15337.849609375,0.002378821196545866,0.7687379884689302,high
2021-05-28,17.399999618530273,15435.650390625,0.006376433707514062,0.6280409731113956,normal
2021-06-01,17.389999389648438,15574.849609375,0.009018033916766033,0.6276391554702495,normal
2021-06-02,17.209999084472656,15576.2001953125,8.67158252806366e-05,0.6112531969309463,normal
2021-06-03,15.75,15690.349609375,0.0073284506253876724,0.44536741214057507,normal
2021-06-04,15.9399995803833,15670.25,-0.001281017305247989,0.4731800766283525,normal
2021-06-07,15.56999969482422,15751.650390625,0.0051945814919991395,0.42565411614550097,normal
2021-06-08,15.229999542236328,15740.099609375,-0.0007333060957773752,0.3852040816326531,normal
2021-06-09,14.75,15635.349609375,-0.006654976944212576,0.32950924155513067,normal
2021-06-10,15.0,15737.75,0.0065492869160790335,0.3579617834394904,normal
2021-06-11,14.100000381469728,15799.349609375,0.003914130633349666,0.2546148949713558,normal
2021-06-14,14.720000267028809,15811.849609375,0.0007911718082738162,0.32633587786259544,normal
2021-06-15,14.609999656677246,15869.25,0.003630213545097627,0.3204068658614113,normal
2021-06-16,14.869999885559082,15767.5498046875,-0.006408632752808119,0.34561626429479037,normal
2021-06-17,15.289999961853027,15691.400390625,-0.0048295020472909345,0.39555555555555555,normal
2021-06-18,14.800000190734863,15683.349609375,-0.000513069646403852,0.3362944162436548,normal
2021-06-21,15.0600004196167,15746.5,0.004026588209654625,0.36461636017755233,normal
2021-06-22,14.739999771118164,15772.75,0.0016670371193598932,0.3276299112801014,normal
2021-06-23,15.369999885559082,15686.9501953125,-0.005439749231269109,0.4059531348955035,normal
2021-06-24,15.100000381469728,15790.4501953125,0.006597840798329813,0.37088607594936707,normal
2021-06-25,13.369999885559082,15860.349609375,0.0044266891189239654,0.18089816571790007,low
2021-06-28,13.399999618530272,15814.7001953125,-0.0028782098242977616,0.1845764854614412,low
2021-06-29,13.0,15748.4501953125,-0.0041891404314852165,0.147820593809223,low
2021-06-30,13.050000190734863,15721.5,-0.0017112919035373597,0.1527777777777778,low
2021-07-01,12.84000015258789,15680.0,-0.002639697229908089,0.13943217665615143,low
2021-07-02,12.09000015258789,15722.2001953125,0.002691338986766656,0.08827238335435057,low
2021-07-06,12.279999732971191,15818.25,0.006109183415444308,0.09829867674858223,low
2021-07-07,12.210000038146973,15879.650390625,0.0038816171589777237,0.09634760705289673,low
2021-07-08,13.5600004196167,15727.900390625,-0.0095562557277451,0.2013845185651353,low
2021-07-09,12.9399995803833,15689.7998046875,-0.0024224839292732447,0.1471698113207547,low
2021-07-12,12.989999771118164,15692.599609375,0.00017844744498685117,0.14959145191703332,low
2021-07-13,12.619999885559082,15812.349609375,0.007630985495128417,0.12814070351758794,low
2021-07-14,12.59000015258789,15853.9501953125,0.0026308921169333477,0.12743251726302574,low
2021-07-15,12.270000457763672,15924.2001953125,0.004431072328003882,0.09849435382685069,low
2021-07-16,11.710000038146973,15923.400390625,-5.0225736783704455e-05,0.060815047021943576,low
2021-07-19,12.68000030517578,15752.400390625,-0.010738912280361723,0.13471177944862156,low
2021-07-20,13.210000038146973,15632.099609375,-0.0076369809214345,0.17345021916092673,low
2021-07-22,11.890000343322754,15824.0498046875,0.012279233123449584,0.07196495619524405,low
2021-07-23,11.760000228881836,15856.0498046875,0.002022238326785386,0.06629143214509069,low
2021-07-26,12.449999809265137,15824.4501953125,-0.0019929055322251976,0.116875,low
2021-07-27,13.229999542236328,15746.4501953125,-0.004929081202650898,0.17676452217364147,low
2021-07-28,13.6899995803833,15709.400390625,-0.002352898858342667,0.2247191011235955,low
2021-07-29,12.949999809265137,15778.4501953125,0.004395444954646832,0.15221459762944478,low
2021-07-30,12.800000190734863,15763.0498046875,-0.000976039499086867,0.14276807980049874,low
2021-08-02,12.8100004196167,15885.150390625,0.007746000136419795,0.14392523364485982,low
2021-08-03,13.75,16130.75,0.015460955882416139,0.23474470734744707,low
2021-08-04,13.210000038146973,16258.7998046875,0.007938242467802281,0.17672682016179217,low
2021-08-05,12.869999885559082,16294.599609375,0.0022018725316477195,0.14676616915422885,low
2021-08-06,12.609999656677246,16238.2001953125,-0.003461233501561467,0.1305158483530143,low
2021-08-09,12.609999656677246,16258.25,0.0012347307242392969,0.13105590062111802,low
2021-08-10,12.710000038146973,16280.099609375,0.0013439090538649445,0.13842333954065797,low
2021-08-11,12.710000038146973,16282.25,0.00013208706805212245,0.13895781637717122,low
2021-08-12,12.369999885559082,16364.400390625,0.005045395484346349,0.10539367637941724,low
2021-08-13,12.989999771118164,16529.099609375,0.010064482340847336,0.15861214374225527,low
2021-08-16,13.460000038146973,16563.05078125,0.002054024277023725,0.20557275541795667,low
2021-08-17,13.40999984741211,16614.599609375,0.0031122785775283823,0.2004950495049505,low
2021-08-18,12.90999984741211,16568.849609375,-0.00275360231817956,0.15151515151515152,low
2021-08-20,14.020000457763672,16450.5,-0.007142898400624986,0.26390605686032137,normal
2021-08-23,13.6899995803833,16496.44921875,0.0027931806783987323,0.23162445954292774,low
2021-08-24,13.1899995803833,16624.599609375,0.007768362083601765,0.17962962962962964,low
2021-08-25,13.5,16634.650390625,0.0006045728309951315,0.20851326341764342,low
2021-08-26,13.539999961853027,16636.900390625,0.00013525983096518424,0.21393341553637485,low
2021-08-27,13.40999984741211,16705.19921875,0.004105261588480014,0.20147874306839186,low
2021-08-30,13.31999969482422,16931.05078125,0.013519836521704187,0.1896551724137931,low
2021-08-31,14.520000457763672,17132.19921875,0.011880446175423387,0.32184615384615384,normal
2021-09-01,14.1899995803833,17076.25,-0.00326573477436376,0.28413284132841327,normal
2021-09-02,14.239999771118164,17234.150390625,0.009246783727399066,0.29071911493546404,normal
2021-09-03,14.539999961853027,17323.599609375,0.005190230833697296,0.32678132678132676,normal
2021-09-06,15.109999656677246,17377.80078125,0.0031287476677577253,0.39042357274401474,normal
2021-09-07,14.899999618530272,17362.099609375,-0.0009035189246697772,0.36687116564417177,normal
2021-09-08,14.40999984741211,17353.5,-0.0004953092983268625,0.3102391171060699,normal
2021-09-09,13.9399995803833,17369.25,0.0009075978909154347,0.25796568627450983,normal
2021-09-13,14.029999732971191,17355.30078125,-0.000803098507419775,0.26638089406001225,normal
2021-09-14,13.579999923706056,17380.0,0.001423151293159064,0.21725826193390452,low
2021-09-15,13.729999542236328,17519.44921875,0.00802354538262362,0.23914373088685015,low
2021-09-16,14.40999984741211,17629.5,0.006281634763507293,0.31234718826405866,normal
2021-09-17,15.229999542236328,17585.150390625,-0.002515647600612625,0.4098961514966402,normal
2021-09-20,17.489999771118164,17396.900390625,-0.010705054879733056,0.6538461538461539,normal
2021-09-21,16.520000457763672,17562.0,0.00949017386246398,0.5594874923733985,normal
2021-09-22,16.489999771118164,17546.650390625,-0.0008740239935656202,0.5573170731707318,normal
2021-09-23,16.600000381469727,17822.94921875,0.015746528367181822,0.5673369896404631,normal
2021-09-24,16.920000076293945,17853.19921875,0.0016972499684944076,0.5980511571254568,normal
2021-09-27,18.049999237060547,17855.099609375,0.00010644538279747096,0.6920267802799757,normal
2021-09-28,18.540000915527344,17748.599609375,-0.0059646824901542495,0.7159367396593674,normal
2021-09-29,18.84000015258789,17711.30078125,-0.0021015082285871234,0.729483282674772,normal
2021-09-30,18.399999618530273,17618.150390625,-0.005259376020738893,0.7089914945321992,normal
2021-10-01,17.209999084472656,17532.05078125,-0.004886983449795879,0.6278081360048573,normal
2021-10-04,16.739999771118164,17691.25,0.009080467581137563,0.5800970873786407,normal
2021-10-05,16.399999618530273,17822.30078125,0.007407660919946268,0.5421467556094602,normal
2021-10-06,17.329999923706055,17646.0,-0.009892144870289554,0.6387878787878788,normal
2021-10-07,16.15999984741211,17790.349609375,0.008180302016037588,0.5160508782556027,normal
2021-10-08,15.649999618530272,17895.19921875,0.005893622760496431,0.4552058111380145,normal
2021-10-11,16.09000015258789,17945.94921875,0.0028359561343596074,0.5111917725347852,normal
2021-10-12,15.850000381469728,17991.94921875,0.0025632525445875576,0.47762998790810157,normal
2021-10-13,16.100000381469727,18161.75,0.00943759784921161,0.5117824773413897,normal
2021-10-14,15.770000457763672,18338.55078125,0.009734787740718787,0.4673913043478261,normal
2021-10-18,17.18000030517578,18477.05078125,0.007552396132719963,0.6270368135184068,normal
2021-10-19,17.3799991607666,18418.75,-0.003155307734996393,0.6453558504221955,normal
2021-10-20,18.309999465942383,18266.599609375,-0.008260625212080042,0.7064496684749849,normal
2021-10-21,18.040000915527344,18178.099609375,-0.004844908296702255,0.6921686746987952,normal
2021-10-22,17.549999237060547,18114.900390625,-0.003476668084567369,0.6580373269114991,normal
2021-10-25,17.610000610351562,18125.400390625,0.000579633328010587,0.6606498194945848,normal
2021-10-26,16.75,18268.400390625,0.007889480889700096,0.5802766085387854,normal
2021-10-27,16.829999923706055,18210.94921875,-0.0031448386638428527,0.5871394230769231,normal
2021-10-28,17.90999984741211,17857.25,-0.0194223384240636,0.6828828828828829,normal
2021-10-29,17.43000030517578,17671.650390625,-0.010393515763905459,0.6494597839135654,normal
2021-11-01,17.239999771118164,17929.650390625,0.014599655057507821,0.6310737852429514,normal
2021-11-02,17.059999465942383,17888.94921875,-0.002270048271341696,0.6091127098321343,normal
2021-11-03,16.1299991607666,17829.19921875,-0.0033400508475575075,0.5104853205512283,normal
2021-11-04,15.75,17916.80078125,0.004913376165984751,0.46107784431137727,normal
2021-11-08,16.34000015258789,18068.55078125,0.008469704042186388,0.5326152004787552,normal
2021-11-09,16.0,18044.25,-0.001344921435271762,0.49521531100478466,normal
2021-11-10,16.309999465942383,18017.19921875,-0.0014991358050348014,0.529587567244471,normal
2021-11-11,16.350000381469727,17873.599609375,-0.007970140510272006,0.534647550776583,normal
2021-11-12,15.220000267028809,18102.75,0.012820606684330382,0.4,normal
2021-11-15,15.470000267028809,18109.44921875,0.0003700663573213969,0.42720763723150357,normal
2021-11-16,15.199999809265137,17999.19921875,-0.006087981951756416,0.3977340488968396,normal
2021-11-17,14.979999542236328,17898.650390625,-0.005586294529162039,0.3694874851013111,normal
2021-11-18,14.859999656677246,17764.80078125,-0.007478195643460861,0.35556879094699223,normal
2021-11-22,17.520000457763672,17416.55078125,-0.019603372100156835,0.6601190476190476,normal
2021-11-23,18.020000457763672,17503.349609375,0.004983697932798847,0.6924449732302201,normal
2021-11-24,17.100000381469727,17415.05078125,-0.0050446817378146935,0.6165279429250892,normal
2021-11-25,16.65999984741211,17536.25,0.006959452503032093,0.5704099821746881,normal
2021-11-26,20.799999237060547,17026.44921875,-0.029071254187753914,0.8307600950118765,high
2021-11-29,20.829999923706055,17053.94921875,0.0016151341742889347,0.8326409495548961,high
2021-11-30,21.170000076293945,16983.19921875,-0.004148599194972014,0.8446026097271648,high
2021-12-01,19.450000762939453,17166.900390625,0.01081664117042136,0.7634854771784232,high
2021-12-02,18.09000015258789,17401.650390625,0.013674571102433752,0.6990521327014217,normal
2021-12-03,18.450000762939453,17196.69921875,-0.01177768586739425,0.7164002368265245,normal
2021-12-06,20.079999923706055,16912.25,-0.01654091957599968,0.7923076923076923,high
2021-12-07,18.459999084472656,17176.69921875,0.015636548581649423,0.7161442933175636,normal
2021-12-08,17.270000457763672,17469.75,0.017060948527881648,0.6335697399527187,normal
2021-12-09,16.600000381469727,17516.849609375,0.002696066593683266,0.5611340815121086,normal
2021-12-10,16.059999465942383,17511.30078125,-0.00031677089480919296,0.5011806375442739,normal
2021-12-13,16.56999969482422,17368.25,-0.008169055116863166,0.5563421828908555,normal
2021-12-14,16.950000762939453,17324.900390625,-0.002495911181322197,0.597877358490566,normal
2021-12-15,17.219999313354492,17221.400390625,-0.005974060321640162,0.6269888037713612,normal
2021-12-16,15.899999618530272,17248.400390625,0.0015678167505297491,0.47644287396937574,normal
2021-12-17,16.34000015258789,16985.19921875,-0.01525945397337003,0.5297233666862861,normal
2021-12-20,18.969999313354492,16614.19921875,-0.021842546279377872,0.741764705882353,normal
2021-12-21,17.540000915527344,16770.849609375,0.00942870544420904,0.6584362139917695,normal
2021-12-22,16.579999923706055,16955.44921875,0.011007170994593363,0.5575793184488836,normal
2021-12-23,15.829999923706056,17072.599609375,0.006909306212627531,0.46388725778038753,normal
2021-12-24,16.149999618530273,17003.75,-0.004032754879180422,0.5064553990610329,normal
2021-12-27,17.1200008392334,17086.25,0.004851870910828504,0.6175953079178885,normal
2021-12-28,16.479999542236328,17233.25,0.008603409174043453,0.5480656506447831,normal
2021-12-29,16.239999771118164,17213.599609375,-0.0011402602889762914,0.5149384885764499,normal
2021-12-30,16.56999969482422,17203.94921875,-0.0005606259494814747,0.5562060889929742,normal
2021-12-31,16.219999313354492,17354.05078125,0.008724831757606522,0.5119953188999414,normal
2022-01-03,16.450000762939453,17625.69921875,0.015653315812207858,0.543859649122807,normal
2022-01-04,16.1200008392334,17805.25,0.01018687423526421,0.5037989479836353,normal
2022-01-05,17.229999542236328,17925.25,0.0067395852346920915,0.6308411214953271,normal
2022-01-06,17.979999542236328,17745.900390625,-0.010005417462796928,0.6882661996497373,normal
2022-01-07,17.600000381469727,17812.69921875,0.003764183651131514,0.662777129521587,normal
2022-01-10,17.68000030517578,18003.30078125,0.010700318921871732,0.6658892128279883,normal
2022-01-11,17.760000228881836,18055.75,0.002913311252602302,0.6713286713286714,normal
2022-01-12,17.18000030517578,18212.349609375,0.008673115731830494,0.6243447874199185,normal
2022-01-13,16.700000762939453,18257.80078125,0.0024956237305924223,0.5721769499417928,normal
2022-01-14,16.559999465942383,18255.75,-0.00011232356375068253,0.5532286212914486,normal
2022-01-17,16.770000457763672,18308.099609375,0.0028675682661627455,0.5790697674418605,normal
2022-01-18,17.780000686645508,18113.05078125,-0.010653690567923424,0.674607786170831,normal
2022-01-19,17.81999969482422,17938.400390625,-0.00964224043394124,0.6777003484320557,normal
2022-01-20,17.790000915527344,17757.0,-0.010112406160797005,0.6749854904236796,normal
2022-01-21,18.88999938964844,17617.150390625,-0.007875745304668613,0.740139211136891,normal
2022-01-24,22.829999923706055,17149.099609375,-0.02656790518738339,0.8863768115942029,high
2022-01-25,21.36000061035156,17277.94921875,0.007513491221694313,0.8528389339513326,high
2022-01-27,21.06999969482422,17110.150390625,-0.00971173291462768,0.8436595251881877,high
2022-01-28,20.700000762939453,17101.94921875,-0.0004793161771092791,0.828125,high
2022-01-31,21.950000762939453,17339.849609375,0.0139107178709299,0.8663967611336032,high
2022-02-01,19.979999542236328,17576.849609375,0.013667938611870323,0.7878612716763006,high
2022-02-02,18.649999618530273,17780.0,0.011557838585399605,0.7279029462738301,normal
2022-02-03,19.15999984741211,17560.19921875,-0.012362248664229525,0.7517321016166282,high
2022-02-04,18.899999618530273,17516.30078125,-0.0024998826581151823,0.7391806116560877,normal
2022-02-07,20.440000534057617,17213.599609375,-0.017281112927623465,0.81199538638985,high
2022-02-08,19.68000030517578,17266.75,0.0030876976246183574,0.7763688760806916,high
2022-02-09,18.559999465942383,17463.80078125,0.01141215233034587,0.7200460829493087,normal
2022-02-10,17.709999084472656,17605.849609375,0.008133901085124018,0.6632124352331606,normal
2022-02-11,18.68000030517578,17374.75,-0.01312629691281364,0.7272727272727273,normal
2022-02-14,22.979999542236328,16842.80078125,-0.03061622289529342,0.8913168487636572,high
2022-02-15,20.61000061035156,17352.44921875,0.03025912638397754,0.8201149425287356,high
2022-02-16,20.59000015258789,17322.19921875,-0.0017432697608654735,0.8190695002871913,high
2022-02-17,22.010000228881836,17304.599609375,-0.001016014719190439,0.8685419058553386,high
2022-02-18,22.170000076293945,17276.30078125,-0.0016353356196504576,0.8732071141709696,high
2022-02-21,22.899999618530273,17206.650390625,-0.004031556958107085,0.8893348623853211,high
2022-02-22,26.65999984741211,17092.19921875,-0.006651566067580439,0.9507163323782235,extreme
2022-02-23,24.540000915527344,17063.25,-0.0016937094155936583,0.9249713631156931,high
2022-02-24,31.979999542236328,16247.9501953125,-0.04778103847083648,0.9713795077275329,extreme
2022-02-25,26.739999771118164,16658.400390625,0.025261660109649586,0.950228832951945,extreme
2022-02-28,28.56999969482422,16793.900390625,0.008134034290366632,0.9554030874785592,extreme
2022-03-02,29.229999542236328,16605.94921875,-0.011191633122935585,0.9588571428571429,extreme
2022-03-03,28.15999984741211,16498.05078125,-0.00649757722841704,0.9537407195888064,extreme
2022-03-04,27.959999084472656,16245.349609375,-0.015317032007332254,0.9509132420091324,extreme
2022-03-07,29.329999923706055,15863.150390625,-0.02352668473994779,0.9589275527666857,extreme
2022-03-08,28.59000015258789,16013.4501953125,0.009474776509483585,0.9543899657924744,extreme
2022-03-09,27.469999313354492,16345.349609375,0.020726290088294297,0.9487179487179487,high
2022-03-10,25.579999923706055,16594.900390625,0.01526738719047449,0.9362186788154897,high
2022-03-11,25.350000381469727,16630.44921875,0.0021421537513466316,0.9328400682982356,high
2022-03-14,25.68000030517578,16871.30078125,0.014482565042708062,0.9379977246871445,high
2022-03-15,26.729999542236328,16663.0,-0.012346456503312231,0.9459920409323479,high
2022-03-16,24.1200008392334,16975.349609375,0.018745100484606647,0.9090909090909091,high
2022-03-17,22.61000061035156,17287.05078125,0.018361988356508263,0.8733674048835889,high
2022-03-21,24.6200008392334,17117.599609375,-0.009802202470463706,0.9194097616345063,high
2022-03-22,24.06999969482422,17315.5,0.011561223252155806,0.9069767441860465,high
2022-03-23,24.75,17245.650390625,-0.0040339354552280104,0.9240362811791383,high
2022-03-24,23.93000030517578,17222.75,-0.0013278937068936791,0.9025495750708216,high
2022-03-25,23.43000030517578,17153.0,-0.004049875890900112,0.8952434881087202,high
2022-03-28,22.61000061035156,17222.0,0.004022619949862971,0.8709677419354839,high
2022-03-29,21.299999237060547,17325.30078125,0.005998187274997013,0.8382352941176471,high
2022-03-30,20.61000061035156,17498.25,0.009982465582194733,0.8078010175240249,high
2022-03-31,20.559999465942383,17464.75,-0.001914477162001882,0.8045197740112995,high
2022-04-01,18.43000030517578,17670.44921875,0.011777965258592316,0.7001693958215698,normal
2022-04-04,17.90999984741211,18053.400390625,0.021671841339984343,0.6693002257336343,normal
2022-04-05,18.489999771118164,17957.400390625,-0.005317557796472028,0.7044557247602933,normal
2022-04-06,19.020000457763672,17807.650390625,-0.008339180323571727,0.7305524239007892,normal
2022-04-07,19.0,17639.55078125,-0.00943974110495216,0.7301408450704225,normal
2022-04-08,17.690000534057617,17784.349609375,0.008208759390795572,0.6463963963963963,normal
2022-04-11,18.270000457763672,17674.94921875,-0.006151497975913078,0.6916150815981992,normal
2022-04-12,18.15999984741211,17530.30078125,-0.008183810641252287,0.686726659167604,normal
2022-04-13,17.790000915527344,17475.650390625,-0.0031174816283502382,0.6554243957279371,normal
2022-04-18,19.34000015258789,17173.650390625,-0.017281188010147552,0.748314606741573,normal
2022-04-19,19.770000457763672,16958.650390625,-0.012519178806467801,0.7675463222908478,high
2022-04-20,18.670000076293945,17136.55078125,0.010490244596548015,0.7132435465768799,normal
2022-04-21,17.850000381469727,17392.599609375,0.014941678252146096,0.659562535053281,normal
2022-04-22,18.350000381469727,17171.94921875,-0.012686452605167986,0.695627802690583,normal
2022-04-25,21.260000228881836,16953.94921875,-0.012695122564301942,0.838655462184874,high
2022-04-26,19.190000534057617,17200.80078125,0.014560121616207233,0.7390817469204927,normal
2022-04-27,20.61000061035156,17038.400390625,-0.009441443610115341,0.8091773922775601,high
2022-04-28,19.3799991607666,17245.05078125,0.012128508890934642,0.7494407158836689,normal
2022-04-29,19.420000076293945,17102.55078125,-0.008263240381694681,0.7512576858580212,high
2022-05-02,20.280000686645508,17069.099609375,-0.0019559171203674675,0.7921787709497207,high
2022-05-04,21.8799991607666,16677.599609375,-0.022936183451936376,0.8553880513679508,high
2022-05-05,20.290000915527344,16682.650390625,0.00030284821366977077,0.7918526785714286,high
2022-05-06,21.25,16411.25,-0.0162684216398562,0.8377021751254881,high
2022-05-09,22.030000686645508,16301.849609375,-0.006666182687180999,0.8595317725752508,high
2022-05-10,22.299999237060547,16240.0498046875,-0.003790968888092272,0.8662952646239555,high
2022-05-11,22.799999237060547,16167.099609375,-0.0044919933245182175,0.8769487750556793,high
2022-05-12,24.270000457763672,15808.0,-0.022211752141785834,0.9137451307735114,high
2022-05-13,23.489999771118164,15782.150390625,-0.0016352232651188903,0.896551724137931,high
2022-05-16,24.530000686645508,15842.2998046875,0.0038112305721171857,0.9171762090050027,high
2022-05-17,22.739999771118164,16259.2998046875,0.026321935902047233,0.8744444444444445,high
2022-05-18,22.299999237060547,16240.2998046875,-0.0011685620062508173,0.863964464186563,high
2022-05-19,24.559999465942383,15809.400390625,-0.026532725334179386,0.9189789123196448,high
2022-05-20,23.100000381469727,16266.150390625,0.028891038794289337,0.8857459789240155,high
2022-05-23,23.399999618530273,16214.7001953125,-0.0031630222318707046,0.8941241685144125,high
2022-05-24,25.63999938964844,16125.150390625,-0.005522754266735541,0.9379501385041551,high
2022-05-25,25.280000686645508,16025.7998046875,-0.006161219184365629,0.9318936877076412,high
2022-05-26,22.719999313354492,16170.150390625,0.009007387318995308,0.8710570005534034,high
2022-05-27,21.479999542236328,16352.4501953125,0.011273847198922216,0.8368362831858407,high
2022-05-30,19.979999542236328,16661.400390625,0.018893205092962884,0.7672747374239911,high
2022-05-31,20.479999542236328,16584.55078125,-0.004612433983534836,0.7928176795580111,high
2022-06-01,20.850000381469727,16522.75,-0.0037264067061659745,0.8172280508006626,high
2022-06-02,20.31999969482422,16628.0,0.006370004993115463,0.7847682119205298,high
2022-06-03,19.979999542236328,16584.30078125,-0.002628050201467391,0.7661334804191947,high
2022-06-06,20.200000762939453,16569.55078125,-0.0008893953501298846,0.778941565600882,high
2022-06-07,20.43000030517578,16416.349609375,-0.009245946006475991,0.7900826446280992,high
2022-06-08,19.84000015258789,16356.25,-0.0036609606157923524,0.7610132158590308,high
2022-06-09,19.13999938964844,16478.099609375,0.00744972774168895,0.7237204182718767,normal
2022-06-10,19.579999923706055,16201.7998046875,-0.016767698414100085,0.7480748074807481,normal
2022-06-13,22.3700008392334,15774.400390625,-0.026379749115209128,0.8620120945574491,high
2022-06-14,21.88999938964844,15732.099609375,-0.00268160945598539,0.8494505494505494,high
2022-06-15,22.149999618530273,15692.150390625,-0.0025393443813560568,0.85722130697419,high
2022-06-16,22.8700008392334,15360.599609375,-0.021128447854290244,0.8765093304061471,high
2022-06-17,22.760000228881836,15293.5,-0.00436829362663993,0.8732857926494789,high
2022-06-20,22.40999984741211,15350.150390625,0.0037042135956451006,0.862390350877193,high
2022-06-21,21.13999938964844,15638.7998046875,0.018804337854487096,0.8257534246575342,high
2022-06-22,21.299999237060547,15413.2998046875,-0.014419265085317434,0.8313253012048193,high
2022-06-23,20.8799991607666,15556.650390625,0.009300447519609234,0.8155446086480569,high
2022-06-24,20.549999237060547,15699.25,0.009166472588529428,0.7943107221006565,high
2022-06-27,21.010000228881836,15832.0498046875,0.008458990377725017,0.8206670311645708,high
2022-06-28,21.450000762939453,15850.2001953125,0.0011464333961117568,0.8349726775956284,high
2022-06-29,21.899999618530273,15799.099609375,-0.0032239710103227903,0.8481703986892408,high
2022-06-30,21.84000015258789,15780.25,-0.001193081241402827,0.8460698689956332,high
2022-07-01,21.25,15752.0498046875,-0.0017870563085186086,0.8276050190943808,high
2022-07-04,20.969999313354492,15835.349609375,0.005288188249805481,0.816793893129771,high
2022-07-05,20.790000915527344,15810.849609375,-0.0015471713984448465,0.8065395095367848,high
2022-07-06,20.270000457763672,15989.7998046875,0.011318189707300252,0.7750544662309368,high
2022-07-07,19.200000762939453,16132.900390625,0.00894949203151052,0.7201959716929777,normal
2022-07-08,18.399999618530273,16220.599609375,0.005436047866567373,0.6773667029379761,normal
2022-07-11,18.3700008392334,16216.0,-0.00028356592763323363,0.6753670473083198,normal
2022-07-12,18.549999237060547,16058.2998046875,-0.0097249750439381,0.6858695652173913,normal
2022-07-13,18.520000457763672,15966.650390625,-0.005707292501522909,0.6844106463878327,normal
2022-07-14,18.34000015258789,15938.650390625,-0.0017536552323109689,0.6715526601520087,normal
2022-07-15,17.600000381469727,16049.2001953125,0.0069359576863876615,0.6190992946283234,normal
2022-07-18,17.15999984741211,16278.5,0.014287304158276504,0.5786334056399133,normal
2022-07-19,17.200000762939453,16340.5498046875,0.003811764271124396,0.5842818428184282,normal
2022-07-20,16.81999969482422,16520.849609375,0.01103388850696918,0.5438786565547129,normal
2022-07-21,16.860000610351562,16605.25,0.005108719746296009,0.550081212777477,normal
2022-07-22,16.649999618530273,16719.44921875,0.006877295960614926,0.525974025974026,normal
2022-07-25,17.68000030517578,16631.0,-0.005290199311757782,0.623580313683072,normal
2022-07-26,18.170000076293945,16483.849609375,-0.00884795806776506,0.6654054054054054,normal
2022-07-27,18.1299991607666,16641.80078125,0.0095821774414373,0.6634251755807672,normal
2022-07-28,17.010000228881836,16929.599609375,0.017293731123692924,0.5610151187904968,normal
2022-07-29,16.549999237060547,17158.25,0.013505953826479233,0.5132218024824609,normal
2022-08-01,17.489999771118164,17340.05078125,0.010595531668439406,0.6127292340884574,normal
2022-08-02,18.530000686645508,17345.44921875,0.000311327663805816,0.6873315363881402,normal
2022-08-03,18.450000762939453,17388.150390625,0.002461808358865669,0.6821120689655172,normal
2022-08-04,19.260000228881836,17382.0,-0.0003537116074355806,0.7264404954227248,normal
2022-08-05,18.920000076293945,17397.5,0.0008917270739845495,0.7082884822389667,normal
2022-08-08,19.299999237060547,17525.099609375,0.007334364671648164,0.727810650887574,normal
2022-08-10,19.59000015258789,17534.75,0.0005506610997998429,0.7440860215053764,normal
2022-08-11,18.36000061035156,17659.0,0.007085929368824795,0.6743686190220312,normal
2022-08-12,17.610000610351562,17698.150390625,0.0022170219505635025,0.6186895810955961,normal
2022-08-16,17.68000030517578,17825.25,0.007181519343531395,0.6215780998389694,normal
2022-08-17,17.68000030517578,17944.25,0.006675923198833145,0.6217811158798283,normal
2022-08-18,17.350000381469727,17956.5,0.0006826699360520383,0.5967828418230563,normal
2022-08-19,18.290000915527344,17758.44921875,-0.011029475746944017,0.6704180064308681,normal
2022-08-22,19.040000915527344,17490.69921875,-0.0150773300473388,0.7134440278521692,normal
2022-08-23,19.049999237060547,17577.5,0.00496268217550444,0.7135974304068522,normal
2022-08-24,18.43000030517578,17604.94921875,0.001561611079505143,0.6789727126805778,normal
2022-08-25,19.56999969482422,17522.44921875,-0.004686182219266755,0.7443850267379679,normal
2022-08-26,18.219999313354492,17558.900390625,0.002080255529346653,0.6648850881881346,normal
2022-08-29,19.81999969482422,17312.900390625,-0.014009988924553851,0.7574786324786325,high
2022-08-30,18.700000762939453,17759.30078125,0.02578426378902554,0.6967431927389215,normal
2022-09-01,19.8700008392334,17542.80078125,-0.012190795272107646,0.7588046958377801,high
2022-09-02,19.549999237060547,17539.44921875,-0.0001910505934481499,0.7402666666666666,normal
2022-09-05,19.65999984741211,17665.80078125,0.007203850071011875,0.7484008528784648,normal
2022-09-06,19.520000457763672,17655.599609375,-0.0005774531254664206,0.738945125199787,normal
2022-09-07,19.3700008392334,17624.400390625,-0.0017671004916441913,0.7321618743343983,normal
2022-09-08,18.309999465942383,17798.75,0.009892512965589573,0.6673762639701969,normal
2022-09-09,17.719999313354492,17833.349609375,0.0019439347917691308,0.622872340425532,normal
2022-09-12,17.940000534057617,17936.349609375,0.005775695663245095,0.6411483253588517,normal
2022-09-13,17.469999313354492,18070.05078125,0.007454201929980142,0.6025504782146652,normal
2022-09-14,18.280000686645508,18003.75,-0.0036690976717561608,0.6659585767392459,normal
2022-09-15,18.38999938964844,17877.400390625,-0.007017960667916379,0.6740976645435244,normal
2022-09-16,19.81999969482422,17530.849609375,-0.019384853148544656,0.7586206896551724,high
2022-09-19,19.940000534057617,17622.25,0.0052136885924867205,0.7619300106044539,high
2022-09-20,18.799999237060547,17816.25,0.011008809885230342,0.6984631690514044,normal
2022-09-21,19.329999923706055,17718.349609375,-0.005495005437451739,0.729343220338983,normal
2022-09-22,18.81999969482422,17629.80078125,-0.004997577656902563,0.698782424563261,normal
2022-09-23,20.59000015258789,17327.349609375,-0.017155677232420508,0.7994708994708994,high
2022-09-26,21.88999938964844,17016.30078125,-0.017951321762256445,0.8524590163934426,high
2022-09-27,21.56999969482422,17007.400390625,-0.0005230508522044985,0.8419661733615222,high
2022-09-28,22.100000381469727,16858.599609375,-0.00874917846539458,0.8600105652403592,high
2022-09-29,21.299999237060547,16818.099609375,-0.0024023347691036756,0.8342133051742344,high
2022-09-30,19.969999313354492,17094.349609375,0.01642575596626905,0.7614775725593668,high
2022-10-03,21.3700008392334,16887.349609375,-0.012109264448790458,0.8364978902953587,high
2022-10-04,19.56999969482422,17274.30078125,0.02291367093271912,0.7416974169741697,normal
2022-10-06,19.31999969482422,17331.80078125,0.0033286441360573793,0.7255005268703899,normal
2022-10-07,18.809999465942383,17314.650390625,-0.0009895331040011834,0.6945760926803581,normal
2022-10-10,19.6200008392334,17241.0,-0.00425364584114718,0.7442105263157894,normal
2022-10-11,20.489999771118164,16983.55078125,-0.014932383199930399,0.7911625460284061,high
2022-10-12,20.18000030517578,17123.599609375,0.008246145339619648,0.7744479495268138,high
2022-10-13,20.290000915527344,17014.349609375,-0.006380083772817624,0.7808723068838676,high
2022-10-14,18.260000228881836,17185.69921875,0.010070888003887335,0.6565126050420168,normal
2022-10-17,18.420000076293945,17311.80078125,0.007337586960815656,0.6687664041994751,normal
2022-10-18,17.450000762939453,17486.94921875,0.010117285874136073,0.5944386149003148,normal
2022-10-19,17.489999771118164,17512.25,0.0014468379208691928,0.5977975878342947,normal
2022-10-20,17.229999542236328,17563.94921875,0.0029521745492440132,0.5723270440251572,normal
2022-10-21,17.280000686645508,17576.30078125,0.0007032337856462956,0.5788370874803562,normal
2022-10-24,17.420000076293945,17730.75,0.008787356376761757,0.5900523560209424,normal
2022-10-25,16.8799991607666,17656.349609375,-0.004196122026705051,0.5342752485609629,normal
2022-10-27,16.600000381469727,17736.94921875,0.004564907874966551,0.5052301255230126,normal
2022-10-28,15.920000076293944,17786.80078125,0.002810605244745412,0.42812336644014637,normal
2022-10-31,15.800000190734863,18012.19921875,0.012672230395564199,0.4106583072100313,normal
2022-11-01,16.1299991607666,18145.400390625,0.007395053222392978,0.45221932114882507,normal
2022-11-02,16.65999984741211,18082.849609375,-0.003447197631545107,0.5125260960334029,normal
2022-11-03,15.9399995803833,18052.69921875,-0.0016673473084335422,0.43088158581116326,normal
2022-11-04,15.65999984741211,18117.150390625,0.003570168155688336,0.3967674661105318,normal
2022-11-07,15.59000015258789,18202.80078125,0.004727586225111935,0.38822303282959875,normal
2022-11-09,15.920000076293944,18157.0,-0.002516139235956394,0.42864583333333334,normal
2022-11-10,15.56999969482422,18028.19921875,-0.007093725904609771,0.3867777199375325,normal
2022-11-11,14.40999984741211,18349.69921875,0.017833173247033374,0.2663891779396462,normal
2022-11-14,14.90999984741211,18329.150390625,-0.0011198455015547504,0.3166926677067083,normal
2022-11-15,14.640000343322754,18403.400390625,0.004050924260950772,0.2915800415800416,normal
2022-11-16,15.100000381469728,18409.650390625,0.0003396111515991951,0.3361038961038961,normal
2022-11-17,14.880000114440918,18343.900390625,-0.00357149639481924,0.31360332294911736,normal
2022-11-18,14.390000343322754,18307.650390625,-0.00197613371355454,0.263622210690192,normal
2022-11-21,14.800000190734863,18159.94921875,-0.008067729540576885,0.30549792531120334,normal
2022-11-22,13.84000015258789,18244.19921875,0.00463933015368867,0.21099015033696217,low
2022-11-23,14.039999961853027,18267.25,0.0012634580983039712,0.22901554404145077,low
2022-11-24,13.479999542236328,18484.099609375,0.011870949889830174,0.1755567063697566,low
2022-11-25,13.329999923706056,18512.75,0.0015500019600884762,0.15993788819875776,low
2022-11-28,13.56999969482422,18562.75,0.0027008413120686026,0.18416968442834972,low
2022-11-29,13.619999885559082,18618.05078125,0.00297912654375021,0.19027921406411583,low
2022-11-30,13.8100004196167,18758.349609375,0.007535634625419174,0.21136950904392765,low
2022-12-01,13.359999656677246,18812.5,0.002886735334004964,0.1637396694214876,low
2022-12-02,13.449999809265137,18696.099609375,-0.006187396179402005,0.174496644295302,low
2022-12-05,13.729999542236328,18701.05078125,0.00026482378562620035,0.20536635706914344,low
2022-12-06,14.039999961853027,18642.75,-0.0031175136590962937,0.23259412068076327,low
2022-12-07,14.079999923706056,18560.5,-0.004411902750398933,0.23556701030927835,low
2022-12-08,13.399999618530272,18609.349609375,0.002631912360927746,0.16846986089644514,low
2022-12-09,13.479999542236328,18496.599609375,-0.006058782405979346,0.17713697219361482,low
2022-12-12,13.31999969482422,18497.150390625,2.977743269738653e-05,0.15903242408646423,low
2022-12-13,12.880000114440918,18608.0,0.0059927938646799905,0.12448559670781893,low
2022-12-14,12.890000343322754,18660.30078125,0.002810661073194387,0.12596401028277635,low
2022-12-15,13.729999542236328,18414.900390625,-0.013150934355333654,0.20760534429599178,low
2022-12-16,14.06999969482422,18269.0,-0.00792295301794177,0.23677452491011813,low
2022-12-19,13.550000190734863,18420.44921875,0.008289956688926514,0.18480492813141683,low
2022-12-20,13.779999732971191,18385.30078125,-0.0019081205394395617,0.2124166239096973,low
2022-12-21,15.5600004196167,18199.099609375,-0.01012771964355863,0.39384615384615385,normal
2022-12-22,15.1899995803833,18127.349609375,-0.003942502735851727,0.35417734495130704,normal
2022-12-23,16.15999984741211,17806.80078125,-0.01768316025411787,0.4656762295081967,normal
2022-12-27,15.289999961853027,18132.30078125,0.0182795328593075,0.3676395289298515,normal
2022-12-28,15.399999618530272,18122.5,-0.0005405150382313817,0.3781985670419652,normal
2022-12-29,14.8100004196167,18191.0,0.00377983170092433,0.3135549872122762,normal
2022-12-30,14.869999885559082,18105.30078125,-0.00471107793689185,0.3210633946830266,normal
2023-01-02,14.6899995803833,18197.44921875,0.005089583355357918,0.3014818599897803,normal
2023-01-03,14.390000343322754,18232.55078125,0.00192892762485819,0.27068437180796734,normal
2023-01-04,15.199999809265137,18042.94921875,-0.010399069487028845,0.3588565594691169,normal
2023-01-05,14.979999542236328,17992.150390625,-0.0028154392892826285,0.33316326530612245,normal
2023-01-06,15.029999732971191,17859.44921875,-0.007375503705446151,0.33758286588475267,normal
2023-01-09,14.649999618530272,18101.19921875,0.013536251708490266,0.2996941896024465,normal
2023-01-10,15.510000228881836,17914.150390625,-0.010333504750958511,0.38970962812022414,normal
2023-01-11,15.4399995803833,17895.69921875,-0.0010299775022909463,0.3834012219959267,normal
2023-01-12,15.279999732971191,17858.19921875,-0.00209547554088918,0.36793893129770994,normal
2023-01-13,14.460000038146973,17956.599609375,0.005510095918388247,0.27619532044760936,normal
2023-01-16,15.020000457763672,17894.849609375,-0.003438847072569362,0.33706151499745807,normal
2023-01-17,14.59000015258789,18053.30078125,0.008854568511824201,0.2926829268292683,normal
2023-01-18,14.369999885559082,18165.349609375,0.006206556323560042,0.26663280853224985,normal
2023-01-19,13.960000038146973,18107.849609375,-0.003165367099256078,0.22538071065989848,low
2023-01-20,13.789999961853027,18027.650390625,-0.004428975305189153,0.21106037544393708,low
2023-01-23,13.619999885559082,18118.55078125,0.005042276095628795,0.19117647058823528,low
2023-01-24,13.65999984741211,18118.30078125,-1.3798013043020418e-05,0.1951343132285859,low
2023-01-25,14.65999984741211,17891.94921875,-0.01249297962501228,0.30243161094224924,normal
2023-01-27,17.31999969482422,17604.349609375,-0.016074246906178757,0.5944303797468354,normal
2023-01-30,17.709999084472656,17648.94921875,0.0025334426073457816,0.6270242914979757,normal
2023-01-31,16.8799991607666,17662.150390625,0.0007479862801675896,0.548811330298432,normal
2023-02-01,16.780000686645508,17616.30078125,-0.0025959245256645946,0.5369059656218402,normal
2023-02-02,15.729999542236328,17610.400390625,-0.0003349392530399564,0.41687721071248107,normal
2023-02-03,14.399999618530272,17854.05078125,0.013835596307890219,0.27121212121212124,normal
2023-02-06,14.6899995803833,17764.599609375,-0.005010133160870178,0.303886925795053,normal
2023-02-07,14.130000114440918,17721.5,-0.0024261514654264627,0.24268415741675076,low
2023-02-08,13.600000381469728,17871.69921875,0.008475536424681795,0.18658598083711547,low
2023-02-09,13.039999961853027,17893.44921875,0.0012170079483646568,0.13558467741935484,low
2023-02-10,12.75,17856.5,-0.0020649578680046465,0.11486146095717883,low
2023-02-13,13.68000030517578,17770.900390625,-0.00479375070002519,0.19838872104733132,low
2023-02-14,13.449999809265137,17929.849609375,0.0089443537049958,0.17362858580775037,low
2023-02-15,12.859999656677246,18015.849609375,0.004796470794436125,0.12173038229376258,low
2023-02-16,12.890000343322754,18035.849609375,0.0011101336008929596,0.12468577174459528,low
2023-02-17,13.09000015258789,17944.19921875,-0.005081567689351307,0.14020100502512564,low
2023-02-20,13.380000114440918,17844.599609375,-0.005550518480140765,0.16574585635359115,low
2023-02-21,14.010000228881836,17826.69921875,-0.001003126492992057,0.23343373493975902,low
2023-02-22,15.59000015258789,17554.30078125,-0.015280363131582653,0.4074259909683894,normal
2023-02-23,15.079999923706056,17511.25,-0.002452434977984641,0.34804413239719156,normal
2023-02-24,14.1899995803833,17465.80078125,-0.002595429723749043,0.2521303258145363,normal
2023-02-27,13.880000114440918,17392.69921875,-0.004185411445805309,0.22344689378757515,low
2023-02-28,14.020000457763672,17303.94921875,-0.0051027157362857345,0.23485227841762643,low
2023-03-01,13.0,17450.900390625,0.008492348770636093,0.13263263263263264,low
2023-03-02,12.970000267028809,17321.900390625,-0.007392168719804415,0.13006503251625812,low
2023-03-03,12.18000030517578,17594.349609375,0.015728598629827895,0.076,low
2023-03-06,12.270000457763672,17711.44921875,0.006655523618366965,0.08095952023988005,low
2023-03-08,12.449999809265137,17754.400390625,0.0024250512391459367,0.09540459540459541,low
2023-03-09,12.729999542236328,17589.599609375,-0.009282249899975281,0.11482775836245632,low
2023-03-10,13.40999984741211,17412.900390625,-0.010045664635585094,0.17315369261477045,low
2023-03-13,16.219999313354492,17154.30078125,-0.014851035931626178,0.48079800498753117,normal
2023-03-14,16.219999313354492,17043.30078125,-0.006470680525861194,0.4810568295114656,normal
2023-03-15,16.299999237060547,16972.150390625,-0.004174683738684903,0.49078226208271053,normal
2023-03-16,16.219999313354492,16985.599609375,0.0007924286811309411,0.4810756972111554,normal
2023-03-17,14.770000457763672,17100.05078125,0.006738129621978839,0.3160776505724241,normal
2023-03-20,16.010000228881836,16988.400390625,-0.0065292432199922645,0.4606965174129353,normal
2023-03-21,15.079999923706056,17107.5,0.007010642946744028,0.3510691198408752,normal
2023-03-22,14.8100004196167,17151.900390625,0.0025953757489405316,0.3225646123260437,normal
2023-03-23,14.489999771118164,17076.900390625,-0.004372693304643627,0.28763040238450077,normal
2023-03-24,15.239999771118164,16945.05078125,-0.007720933328590696,0.3728897715988083,normal
2023-03-27,15.449999809265137,16985.69921875,0.0023988383407489433,0.3940446650124069,normal
2023-03-28,15.100000381469728,16951.69921875,-0.002001683861354908,0.3551587301587302,normal
2023-03-29,13.630000114440918,17080.69921875,0.007609856589321451,0.19484382746653445,low
2023-03-31,12.9399995803833,17359.75,0.016337198944623932,0.12933597621407333,low
2023-04-03,12.59000015258789,17398.05078125,0.002206297973761151,0.10549777117384844,low
2023-04-05,12.40999984741211,17557.05078125,0.009138954817361267,0.0900990099009901,low
2023-04-06,11.800000190734863,17599.150390625,0.002397874785437182,0.05541810984661059,low
2023-04-10,12.270000457763672,17624.05078125,0.0014148632219350699,0.08110781404549951,low
2023-04-11,11.979999542236328,17722.30078125,0.005574768321964241,0.06376668314384577,low
2023-04-12,12.270000457763672,17812.400390625,0.005083967961446945,0.08201581027667984,low
2023-04-13,11.90999984741211,17828.0,0.0008757724412713497,0.06123456790123457,low
2023-04-17,12.270000457763672,17706.849609375,-0.006795512150830185,0.08292201382033564,low
2023-04-18,12.079999923706056,17660.150390625,-0.0026373533282438855,0.0710409472126295,low
2023-04-19,12.149999618530272,17618.75,-0.002344283016240789,0.07642998027613412,low
2023-04-20,11.9399995803833,17624.44921875,0.0003234746363958152,0.0625924100542139,low
2023-04-21,11.630000114440918,17624.05078125,-2.260708945023282e-05,0.04433497536945813,low
2023-04-24,11.670000076293944,17743.400390625,0.006771973756565242,0.046282619399310686,low
2023-04-25,11.520000457763672,17769.25,0.0014568576938982503,0.0359251968503937,low
2023-04-26,11.649999618530272,17813.599609375,0.0024958627615121465,0.04574520413182489,low
2023-04-27,11.43000030517578,17915.05078125,0.005695152810193838,0.03146509341199607,low
2023-04-28,10.949999809265137,18065.0,0.008370013603697934,0.010810810810810811,low
2023-05-02,11.899999618530272,18147.650390625,0.004575166931912511,0.06237721021611002,low
2023-05-03,11.84000015258789,18089.849609375,-0.00318502836487633,0.05940108001963672,low
2023-05-04,11.729999542236328,18255.80078125,0.009173717607303677,0.052011776251226695,low
2023-05-05,12.300000190734863,18069.0,-0.010232406865540389,0.09024031387935262,low
2023-05-08,12.640000343322754,18264.400390625,0.010814123118324304,0.11813725490196078,low
2023-05-09,12.68000030517578,18265.94921875,8.480038171931881e-05,0.12101910828025478,low
2023-05-10,13.079999923706056,18315.099609375,0.0026908205008338015,0.15132223310479923,low
2023-05-11,13.220000267028809,18297.0,-0.0009882342854272697,0.16299559471365638,low
2023-05-12,12.850000381469728,18314.80078125,0.0009728797753729701,0.13160469667318983,low
2023-05-15,13.170000076293944,18398.849609375,0.004589120522186851,0.15990220048899756,low
2023-05-16,13.289999961853027,18286.5,-0.006106338807060685,0.16911045943304007,low
2023-05-17,13.109999656677246,18181.75,-0.005728269488420423,0.1529066927210552,low
2023-05-18,12.800000190734863,18129.94921875,-0.002849053652701161,0.12841796875,low
2023-05-19,12.300000190734863,18203.400390625,0.0040513721791914925,0.09028794533918985,low
2023-05-22,12.56999969482422,18314.400390625,0.006097761825706316,0.11170731707317073,low
2023-05-23,12.609999656677246,18348.0,0.001834600568861644,0.11652852267186738,low
2023-05-24,13.109999656677246,18285.400390625,-0.0034117947119577385,0.15497076023391812,low
2023-05-25,12.520000457763672,18321.150390625,0.001955111686716471,0.10862152946906965,low
2023-05-26,11.899999618530272,18499.349609375,0.009726420827874671,0.06329113924050633,low
2023-05-29,12.300000190734863,18598.650390625,0.005367798508963517,0.09099756690997567,low
2023-05-30,12.010000228881836,18633.849609375,0.0018925684396833287,0.07101167315175097,low
2023-05-31,11.970000267028809,18534.400390625,-0.0053370195013254795,0.06806028196402528,low
2023-06-01,11.600000381469728,18487.75,-0.0025169624936233204,0.0413022351797862,low
2023-06-02,11.130000114440918,18534.099609375,0.002507044360454902,0.017484215638659543,low
2023-06-05,11.140000343322754,18593.849609375,0.003223787573137793,0.018446601941747572,low
2023-06-06,11.380000114440918,18599.0,0.00027699431442118616,0.030082484230955848,low
2023-06-07,11.4399995803833,18726.400390625,0.006849851638528914,0.03394762366634336,low
2023-06-08,11.260000228881836,18634.55078125,-0.0049048192636628185,0.024721279689772176,low
2023-06-09,11.119999885559082,18563.400390625,-0.00381819725413457,0.01695736434108527,low
2023-06-12,11.25,18601.5,0.0020524046550352004,0.024213075060532687,low
2023-06-13,11.109999656677246,18716.150390625,0.0061635024393194016,0.015972894482090997,low
2023-06-14,11.15999984741211,18755.900390625,0.0021238341844009856,0.02080309627479439,low
2023-06-15,11.079999923706056,18688.099609375,-0.0036149041015322014,0.014506769825918761,low
2023-06-16,10.84000015258789,18826.0,0.0073790483520230765,0.005316578057032383,low
2023-06-19,11.229999542236328,18755.44921875,-0.0037475183921172883,0.025603864734299518,low
2023-06-20,11.130000114440918,18816.69921875,0.003265717567498605,0.01979719942056977,low
2023-06-21,11.289999961853027,18856.849609375,0.0021337637466720683,0.029922779922779922,low
2023-06-22,11.550000190734863,18771.25,-0.004539443817404343,0.04486251808972504,low
2023-06-23,11.239999771118164,18665.5,-0.005633615236065759,0.02651880424300868,low
2023-06-26,11.399999618530272,18691.19921875,0.0013768299134766515,0.03710843373493976,low
2023-06-27,10.779999732971191,18817.400390625,0.00675190341711196,0.004335260115606936,low
2023-06-28,10.890000343322754,18972.099609375,0.00822107281232487,0.0091478093403948,low
2023-06-30,10.800000190734863,19189.05078125,0.01143527476356887,0.004812319538017324,low
2023-07-03,11.539999961853027,19322.55078125,0.00695709243369369,0.046657046657046654,low
2023-07-04,11.699999809265137,19389.0,0.003438946519135566,0.05961538461538462,low
2023-07-05,11.880000114440918,19398.5,0.0004899685388621844,0.07063911580970687,low
2023-07-06,11.84000015258789,19497.30078125,0.00509321758125636,0.07012487992315082,low
2023-07-07,11.529999732971191,19331.80078125,-0.00848835445771845,0.046087373979836775,low
2023-07-10,11.460000038146973,19355.900390625,0.0012466303397029588,0.04222648752399232,low
2023-07-11,11.010000228881836,19439.400390625,0.004313930032438185,0.013908872901678656,low
2023-07-12,10.9399995803833,19384.30078125,-0.002834429471475497,0.011984659635666348,low
2023-07-13,10.9399995803833,19413.75,0.0015192303855748879,0.012458073790129372,low
2023-07-14,10.68000030517578,19564.5,0.007765114931427508,0.004310344827586207,low
2023-07-17,11.31999969482422,19711.44921875,0.007511013251041421,0.036381043561512685,low
2023-07-18,11.710000038146973,19749.25,0.001917706853032497,0.06411483253588517,low
2023-07-19,11.600000381469728,19833.150390625,0.004248282371482448,0.054519368723098996,low
2023-07-20,11.789999961853027,19979.150390625,0.007361412439498949,0.07122370936902486,low
2023-07-21,11.489999771118164,19745.0,-0.011719737128305097,0.047778308647873864,low
2023-07-24,11.649999618530272,19672.349609375,-0.0036794322929856182,0.060649474689589304,low
2023-07-25,10.239999771118164,19680.599609375,0.0004193703428323481,0.00047732696897374703,low
2023-07-26,10.460000038146973,19778.30078125,0.004964339187534694,0.0014312977099236641,low
2023-07-27,10.510000228881836,19659.900390625,-0.0059863783008722304,0.0019074868860276585,low
2023-07-28,10.140000343322754,19646.05078125,-0.0007044597937843067,0.00047664442326024784,low
2023-07-31,10.40999984741211,19753.80078125,0.005484562836559181,0.0014292520247737017,low
2023-08-01,10.279999732971191,19733.55078125,-0.0010251191770254131,0.0014285714285714286,low
2023-08-02,11.279999732971191,19526.55078125,-0.010489749274959825,0.03569728700618753,low
2023-08-03,11.1899995803833,19381.650390625,-0.007420685416911321,0.029971455756422453,low
2023-08-04,10.56999969482422,19517.0,0.006983389270114548,0.004755111745126011,low
2023-08-07,11.100000381469728,19597.30078125,0.004114401867602702,0.022338403041825095,low
2023-08-08,11.329999923706056,19570.849609375,-0.0013497354646058168,0.04228028503562945,low
2023-08-09,11.140000343322754,19632.55078125,0.003152707884763739,0.02801519468186135,low
2023-08-10,11.399999618530272,19543.099609375,-0.004556268458015711,0.046511627906976744,low
2023-08-11,11.520000457763672,19428.30078125,-0.005874136161590715,0.05455407969639469,low
2023-08-14,12.0,19434.55078125,0.00032169565781225984,0.09340919867235657,low
2023-08-16,12.130000114440918,19465.0,0.0015667570139761278,0.1033175355450237,low
2023-08-17,12.239999771118164,19365.25,-0.005124582584125403,0.10942681193747039,low
2023-08-18,12.140000343322754,19310.150390625,-0.0028452826260957353,0.10416666666666667,low
2023-08-21,11.960000038146973,19393.599609375,0.0043215209131937105,0.09039280643634642,low
2023-08-22,11.75,19396.44921875,0.00014693555773015454,0.07426679280983917,low
2023-08-23,11.729999542236328,19444.0,0.0024515199000461063,0.07328605200945626,low
2023-08-24,11.699999809265137,19386.69921875,-0.002946964680621278,0.07041587901701324,low
2023-08-25,12.079999923706056,19265.80078125,-0.006236153774081932,0.10108644307982995,low
2023-08-28,12.399999618530272,19306.05078125,0.002089194238900971,0.12464589235127478,low
2023-08-29,12.229999542236328,19342.650390625,0.0018957584743610756,0.11137328928739972,low
2023-08-30,11.800000190734863,19347.44921875,0.0002480956863764039,0.08113207547169811,low
2023-08-31,12.0600004196167,19253.80078125,-0.004840350603388277,0.09995285242809995,low
2023-09-01,11.369999885559082,19435.30078125,0.009426710188917609,0.043355325164938736,low
2023-09-04,10.960000038146973,19528.80078125,0.004810833701642592,0.017428167687235045,low
2023-09-05,10.81999969482422,19574.900390625,0.0023605960187407238,0.009416195856873822,low
2023-09-06,10.68000030517578,19611.05078125,0.0018467726478093027,0.008,low
2023-09-07,10.869999885559082,19727.05078125,0.005915032360780392,0.01317027281279398,low
2023-09-08,10.779999732971191,19819.94921875,0.004709190366575022,0.008932769158439116,low
2023-09-11,11.350000381469728,19996.349609375,0.008900143420050854,0.045582706766917294,low
2023-09-12,11.6899995803833,19993.19921875,-0.0001575482868895195,0.07280413339596055,low
2023-09-13,11.829999923706056,20070.0,0.003841345269944396,0.08544600938967137,low
2023-09-14,11.31999969482422,20103.099609375,0.001649208239910216,0.04364148287189113,low
2023-09-15,10.899999618530272,20192.349609375,0.004439613877174287,0.01547842401500938,low
2023-09-18,10.84000015258789,20133.30078125,-0.002924316846098174,0.011720581340834505,low
2023-09-20,11.130000114440918,19901.400390625,-0.011518249945432046,0.02999062792877226,low
2023-09-21,10.81999969482422,19742.349609375,-0.007991939166498319,0.010772833723653397,low
2023-09-22,10.65999984741211,19674.25,-0.003449417659114995,0.007022471910112359,low
2023-09-25,10.899999618530272,19674.55078125,1.5288066889551644e-05,0.01731399157697707,low
2023-09-26,11.1899995803833,19664.69921875,-0.0005007261720755274,0.03648269410664172,low
2023-09-27,11.59000015258789,19716.44921875,0.002631619198663282,0.06685366993922394,low
2023-09-28,12.81999969482422,19523.55078125,-0.009783629666773708,0.16635514018691588,low
2023-09-29,11.449999809265137,19638.30078125,0.005877516917168757,0.0560485754320411,low
2023-10-03,11.789999961853027,19528.75,-0.005578424654468894,0.0873015873015873,low
2023-10-04,11.65999984741211,19436.099609375,-0.004744307271330683,0.07419505366308912,low
2023-10-05,10.9399995803833,19545.75,0.005641584105285702,0.020522388059701493,low
2023-10-06,10.300000190734863,19653.5,0.0055127073660514725,0.0018648018648018648,low
2023-10-09,11.399999618530272,19512.349609375,-0.00718194675884698,0.05405405405405406,low
2023-10-10,11.270000457763672,19689.849609375,0.00909680297624016,0.04285048905449464,low
2023-10-11,10.989999771118164,19811.349609375,0.006170692128707245,0.023277467411545624,low
2023-10-12,10.619999885559082,19794.0,-0.0008757409120068171,0.005583992554676594,low
2023-10-13,10.619999885559082,19751.05078125,-0.0021698099802970328,0.0060465116279069765,low
2023-10-16,11.06999969482422,19731.75,-0.0009772027556287366,0.02789400278940028,low
2023-10-17,10.699999809265137,19811.5,0.004041709427698992,0.010223048327137546,low
2023-10-18,10.970000267028809,19671.099609375,-0.007086812741337156,0.024152345564328843,low
2023-10-19,10.899999618530272,19624.69921875,-0.0023588102112444,0.019498607242339833,low
2023-10-20,10.81999969482422,19542.650390625,-0.004180896084593599,0.01345707656612529,low
2023-10-23,10.90999984741211,19281.75,-0.013350307425555652,0.021335807050092765,low
2023-10-25,11.3100004196167,19122.150390625,-0.008277236732921023,0.05099675475197033,low
2023-10-26,11.729999542236328,18857.25,-0.013853064912347501,0.08804448563484708,low
2023-10-27,10.90999984741211,19047.25,0.010075700327460302,0.02176933765632237,low
2023-10-30,11.489999771118164,19140.900390625,0.004916740769664862,0.06712962962962964,low
2023-10-31,11.829999923706056,19079.599609375,-0.0032026069828995363,0.0981027302174919,low
2023-11-01,12.050000190734863,18989.150390625,-0.004740624572936891,0.11609620721554116,low
2023-11-02,11.079999923706056,19133.25,0.007588523257266999,0.03143781784558484,low
2023-11-03,10.880000114440918,19230.599609375,0.005087980838331285,0.01756007393715342,low
2023-11-06,11.109999656677246,19411.75,0.00941990339899168,0.03464203233256351,low
2023-11-07,11.1899995803833,19406.69921875,-0.000260191958478706,0.04339796860572484,low
2023-11-08,11.039999961853027,19443.5,0.0018962926582819506,0.029533917858790955,low
2023-11-09,10.979999542236328,19395.30078125,-0.002478937369815082,0.0272140221402214,low
2023-11-10,11.109999656677246,19425.349609375,0.001549283945833313,0.035961272475795295,low
2023-11-13,11.1899995803833,19443.55078125,0.0009369804014345284,0.04516129032258064,low
2023-11-15,11.140000343322754,19675.44921875,0.011926753508604282,0.04099493321050207,low
2023-11-16,11.649999618530272,19765.19921875,0.004561522280999375,0.0847145488029466,low
2023-11-17,11.829999923706056,19731.80078125,-0.0016897597201204206,0.10262310170271514,low
2023-11-20,12.149999618530272,19694.0,-0.0019157289123818977,0.12925482980680772,low
2023-11-21,12.229999542236328,19783.400390625,0.0045394734754240496,0.13379310344827586,low
2023-11-22,11.869999885559082,19811.849609375,0.0014380348265852216,0.10477941176470588,low
2023-11-23,11.31999969482422,19802.0,-0.0004971574875239915,0.05695911805236564,low
2023-11-24,11.329999923706056,19794.69921875,-0.00036868908443588033,0.05876951331496786,low
2023-11-28,12.18000030517578,19889.69921875,0.004799264638990497,0.13171179440110142,low
2023-11-29,12.710000038146973,20096.599609375,0.010402389113554511,0.17477064220183486,low
2023-11-30,12.6899995803833,20133.150390625,0.0018187545137213768,0.17285648784961027,low
2023-12-01,12.380000114440918,20267.900390625,0.0066929416105065975,0.1461961503208066,low
2023-12-04,12.989999771118164,20686.80078125,0.020668169003769332,0.19560238204306002,low
2023-12-05,13.460000038146973,20855.099609375,0.008135565760247543,0.2403846153846154,low
2023-12-06,13.739999771118164,20937.69921875,0.003960643244200535,0.271395881006865,normal
2023-12-07,12.670000076293944,20901.150390625,-0.0017455990623970186,0.17154620311070448,low
2023-12-08,12.470000267028809,20969.400390625,0.003265370504707432,0.15637860082304528,low
2023-12-11,12.760000228881836,20997.099609375,0.001320935183362959,0.17915904936014626,low
2023-12-12,12.710000038146973,20906.400390625,-0.004319607014175553,0.17633622658748288,low
2023-12-13,12.06999969482422,20926.349609375,0.0009542158562574343,0.1223744292237443,low
2023-12-14,12.31999969482422,21182.69921875,0.012250087289956912,0.14240073026015518,low
2023-12-15,13.130000114440918,21456.650390625,0.012932779200891975,0.20985401459854014,low
2023-12-18,13.899999618530272,21418.650390625,-0.0017710126840955187,0.28910168718650253,normal
2023-12-19,13.869999885559082,21453.099609375,0.0016083748565725031,0.2853236098450319,normal
2023-12-20,14.449999809265137,21150.150390625,-0.01412146609423337,0.34031890660592257,normal
2023-12-21,13.760000228881836,21255.05078125,0.004959794076523361,0.27595628415300544,normal
2023-12-22,13.710000038146973,21349.400390625,0.004438926556610712,0.269458352298589,normal
2023-12-26,14.68000030517578,21441.349609375,0.004306875934107168,0.36578707916287534,normal
2023-12-27,15.5600004196167,21654.75,0.0099527499207277,0.45702592087312416,normal
2023-12-28,15.140000343322754,21778.69921875,0.005723881307796219,0.4122727272727273,normal
2023-12-29,14.5,21731.400390625,-0.0021717930740454694,0.34711494775102225,normal
2024-01-02,14.579999923706056,21665.80078125,-0.0030186554108726504,0.35603996366939145,normal
2024-01-03,14.100000381469728,21517.349609375,-0.00685186637566948,0.30549251021334545,normal
2024-01-04,13.329999923706056,21658.599609375,0.006564470186349425,0.22549909255898368,low
2024-01-05,12.630000114440918,21710.80078125,0.002410182228605562,0.16825396825396827,low
2024-01-08,13.460000038146973,21513.0,-0.00911070868564301,0.242520398912058,low
2024-01-09,13.260000228881836,21544.849609375,0.0014804820050666745,0.2211146352514726,low
2024-01-10,12.970000267028809,21618.69921875,0.0034277152411805734,0.19519927536231885,low
2024-01-11,12.770000457763672,21647.19921875,0.0013183031833516878,0.18017202354006337,low
2024-01-12,13.100000381469728,21894.55078125,0.011426492637705898,0.20633484162895926,low
2024-01-15,13.789999961853027,22097.44921875,0.009267074694848665,0.2804161013116237,normal
2024-01-16,13.56999969482422,22032.30078125,-0.0029482333845447517,0.25316455696202533,normal
2024-01-17,15.079999923706056,21571.94921875,-0.020894393512082443,0.4080433800271125,normal
2024-01-18,14.06999969482422,21462.25,-0.0050852715087356115,0.3053297199638663,normal
2024-01-19,13.880000114440918,21622.400390625,0.00746195718645537,0.2898419864559819,normal
2024-01-23,14.850000381469728,21238.80078125,-0.01774084294273448,0.38537906137184114,normal
2024-01-24,14.380000114440918,21453.94921875,0.010129971071150878,0.33649075327018496,normal
2024-01-25,13.869999885559082,21352.599609375,-0.004724053755400193,0.28764652840396754,normal
2024-01-29,15.68000030517578,21737.599609375,0.018030591452244726,0.47363677332131593,normal
2024-01-30,16.100000381469727,21522.099609375,-0.009913698102483215,0.5202702702702703,normal
2024-01-31,16.049999237060547,21725.69921875,0.009460025419002926,0.5159837910850968,normal
2024-02-01,14.460000038146973,21697.44921875,-0.0013003033741542103,0.34473447344734476,normal
2024-02-02,14.699999809265137,21853.80078125,0.007205988175093214,0.3706702654071075,normal
2024-02-05,15.619999885559082,21771.69921875,-0.0037568550808078083,0.4680755395683453,normal
2024-02-06,15.789999961853027,21929.400390625,0.007243402101531293,0.4849438202247191,normal
2024-02-07,15.510000228881836,21930.5,5.014315737827957e-05,0.45417789757412397,normal
2024-02-08,15.829999923706056,21717.94921875,-0.009692017110872975,0.48854961832061067,normal
2024-02-09,15.449999809265137,21782.5,0.0029722318898448563,0.4483842010771993,normal
2024-02-12,16.059999465942383,21616.05078125,-0.0076414194307357075,0.5186182144459399,normal
2024-02-13,15.8100004196167,21743.25,0.005884480011507653,0.48699551569506727,normal
2024-02-14,15.4399995803833,21840.05078125,0.004451992284961959,0.4468848050201703,normal
2024-02-15,15.229999542236328,21910.75,0.0032371361888359207,0.4274193548387097,normal
2024-02-16,15.220000267028809,22040.69921875,0.005930843022260657,0.4263322884012539,normal
2024-02-20,16.06999969482422,22196.94921875,0.007089158036650556,0.5205908683974932,normal
2024-02-21,15.93000030517578,22055.05078125,-0.006392700010330099,0.5046979865771812,normal
2024-02-22,15.199999809265137,22217.44921875,0.0073633218581414805,0.42397137745974955,normal
2024-02-23,14.970000267028809,22212.69921875,-0.0002137959201901074,0.39606616003576217,normal
2024-02-26,15.600000381469728,22122.05078125,-0.004080928508836235,0.46559428060768543,normal
2024-02-27,15.729999542236328,22198.349609375,0.003448994348646428,0.4787851719517642,normal
2024-02-28,16.329999923706055,21951.150390625,-0.011135927809948543,0.5464285714285714,normal
2024-02-29,15.56999969482422,21982.80078125,0.0014418556686905948,0.46318607764390896,normal
2024-03-01,15.239999771118164,22338.75,0.016192168700068565,0.4281891168599465,normal
2024-03-04,14.920000076293944,22405.599609375,0.0029925402887358565,0.3909942041908159,normal
2024-03-05,14.380000114440918,22356.30078125,-0.00220029050703785,0.3333333333333333,normal
2024-03-06,14.300000190734863,22474.05078125,0.005266971542034149,0.3265033407572383,normal
2024-03-07,13.609999656677246,22493.55078125,0.0008676673462120199,0.25378450578806766,normal
2024-03-11,14.0,22332.650390625,-0.007153178801771132,0.29506008010680906,normal
2024-03-12,13.640000343322754,22335.69921875,0.0001365188668460693,0.2580071174377224,normal
2024-03-13,14.43000030517578,21997.69921875,-0.015132725270416536,0.3405958203646065,normal
2024-03-14,13.619999885559082,22146.650390625,0.006771215952804832,0.256,normal
2024-03-15,13.6899995803833,22023.349609375,-0.005567468627318717,0.26565970679697914,normal
2024-03-18,13.899999618530272,22055.69921875,0.0014688778023679294,0.28996447602131437,normal
2024-03-19,14.109999656677246,21817.44921875,-0.010802196640288697,0.3084775854416334,normal
2024-03-20,13.470000267028809,21839.099609375,0.0009923428906801757,0.23957409050576753,low
2024-03-21,12.510000228881836,22011.94921875,0.0079146856998078,0.15521064301552107,low
2024-03-22,12.220000267028809,22096.75,0.0038524885010076115,0.13076241134751773,low
2024-03-26,12.81999969482422,22004.69921875,-0.00416580634029895,0.18121400088613204,low
2024-03-27,12.699999809265137,22123.650390625,0.005405716783151604,0.17183348095659876,low
2024-03-28,12.829999923706056,22326.900390625,0.009187001078543977,0.18238158477202301,low
2024-04-01,12.079999923706056,22462.0,0.006050979178091831,0.12035398230088495,low
2024-04-02,11.649999618530272,22453.30078125,-0.0003872860275131451,0.08270676691729323,low
2024-04-03,11.369999885559082,22434.650390625,-0.0008306302403686683,0.058355437665782495,low
2024-04-04,11.220000267028809,22514.650390625,0.003565912488363576,0.04595669465311533,low
2024-04-05,11.34000015258789,22513.69921875,-4.224679746289706e-05,0.05786219081272085,low
2024-04-08,11.609999656677246,22666.30078125,0.006778164752814453,0.07858719646799117,low
2024-04-09,11.359999656677246,22642.75,-0.0010390218270411866,0.058693733451015,low
2024-04-10,11.109999656677246,22753.80078125,0.0049044741142307835,0.03484781649757389,low
2024-04-12,11.529999732971191,22519.400390625,-0.010301592814249916,0.07319223985890652,low
2024-04-15,12.470000267028809,22272.5,-0.010963897188301042,0.15645658880564126,low
2024-04-16,12.619999885559082,22147.900390625,-0.005594325260972033,0.16872246696035242,low
2024-04-18,13.039999961853027,21995.849609375,-0.0068652458503182245,0.2043152796125055,low
2024-04-19,13.460000038146973,22147.0,0.0068717686886063944,0.24515845070422534,low
2024-04-22,12.699999809265137,22336.400390625,0.008551965982977361,0.1759788825340959,low
2024-04-23,10.199999809265137,22368.0,0.0014147135985376202,0.0008795074758135445,low
2024-04-24,10.279999732971191,22402.400390625,0.0015379287654238016,0.002197802197802198,low
2024-04-25,10.729999542236328,22570.349609375,0.0074969296067168845,0.010984182776801407,low
2024-04-26,10.93000030517578,22419.94921875,-0.006663626980883297,0.023715415019762844,low
2024-04-29,12.239999771118164,22643.400390625,0.00996662256880243,0.13740122914837577,low
2024-04-30,12.869999885559082,22604.849609375,-0.00170251731563964,0.19131197893813076,low
2024-05-02,13.449999809265137,22648.19921875,0.0019177127972140884,0.24561403508771928,low
2024-05-03,14.619999885559082,22475.849609375,-0.007609859296553445,0.37220517316966245,normal
2024-05-06,16.600000381469727,22442.69921875,-0.0014749338156797576,0.5832602979842244,normal
2024-05-07,17.010000228881836,22302.5,-0.006246985595782073,0.6180464301357862,normal
2024-05-08,17.079999923706055,22302.5,0.0,0.6252189141856392,normal
2024-05-09,18.200000762939453,21957.5,-0.01546911781190452,0.7107221006564551,normal
2024-05-10,18.469999313354492,22055.19921875,0.0044494691449390444,0.7292213473315835,normal
2024-05-13,20.600000381469727,22104.05078125,0.0022149680905385605,0.8325317009182335,high
2024-05-14,20.200000762939453,22217.849609375,0.005148324587705533,0.8125,high
2024-05-15,20.270000457763672,22200.55078125,-0.0007786004689536163,0.8156400174748799,high
2024-05-16,20.0,22403.849609375,0.009157377676264788,0.8017467248908297,high
2024-05-17,19.799999237060547,22466.099609375,0.0027785403439750667,0.7926669576604103,high
2024-05-21,21.809999465942383,22529.05078125,0.002802051667603722,0.8739092495636999,high
2024-05-22,21.469999313354492,22597.80078125,0.0030516154749500313,0.8656781508940253,high
2024-05-23,21.3799991607666,22967.650390625,0.01636661960848307,0.8639930252833479,high
2024-05-24,21.709999084472656,22957.099609375,-0.0004593757337192361,0.8718954248366013,high
2024-05-27,23.190000534057617,22932.44921875,-0.0010737589261899938,0.9107142857142857,high
2024-05-28,24.200000762939453,22888.150390625,-0.0019317094176221072,0.9290378754897692,high
2024-05-29,24.18000030517578,22704.69921875,-0.008015115627261094,0.9281984334203656,high
2024-05-30,24.18000030517578,22488.650390625,-0.009515599658179275,0.9282296650717703,high
2024-05-31,24.600000381469727,22530.69921875,0.0018697799732139142,0.9365217391304348,high
2024-06-03,20.940000534057617,23263.900390625,0.03254231769535276,0.8461538461538461,high
2024-06-04,26.75,21884.5,-0.05929359941641077,0.9591659426585578,extreme
2024-06-05,18.88999938964844,22620.349609375,0.033624236760035675,0.7429439861050803,normal
2024-06-06,16.799999237060547,22821.400390625,0.008888049244237806,0.5950520833333334,normal
2024-06-07,16.8799991607666,23290.150390625,0.020539931466807104,0.6039045553145336,normal
2024-06-10,16.399999618530273,23259.19921875,-0.0013289382574128705,0.5568083261058109,normal
2024-06-11,14.770000457763672,23264.849609375,0.0002429314342191624,0.37928045080190725,normal
2024-06-12,14.390000343322754,23322.94921875,0.002497312914139238,0.3409878682842288,normal
2024-06-13,13.489999771118164,23398.900390625,0.0032564994745150067,0.2472932005197055,low
2024-06-14,12.81999969482422,23465.599609375,0.0028505279152657437,0.18528138528138527,low
2024-06-18,12.970000267028809,23557.900390625,0.003933450786960613,0.1977498918217222,low
2024-06-19,13.710000038146973,23516.0,-0.0017786131162043084,0.27465397923875434,normal
2024-06-20,13.350000381469728,23567.0,0.0021687361796223215,0.2313013402507566,low
2024-06-21,13.18000030517578,23501.099609375,-0.00279629951309035,0.21823681936041486,low
2024-06-24,14.0600004196167,23537.849609375,0.00156375661610908,0.30885529157667385,normal
2024-06-25,14.3100004196167,23721.30078125,0.007793879853915442,0.33549222797927464,normal
2024-06-26,14.050000190734863,23868.80078125,0.006218040121837909,0.3081570996978852,normal
2024-06-27,14.149999618530272,24044.5,0.007361040898544724,0.31924072476272647,normal
2024-06-28,13.800000190734863,24010.599609375,-0.0014099020825968367,0.28546787408365676,normal
2024-07-01,13.829999923706056,24141.94921875,0.005470484349075377,0.28706896551724137,normal
2024-07-02,13.640000343322754,24123.849609375,-0.0007497161563467802,0.2645411460577337,normal
2024-07-03,13.210000038146973,24286.5,0.006742306607722792,0.21920757967269594,low
2024-07-04,12.859999656677246,24302.150390625,0.0006444070008029268,0.18768833405079638,low
2024-07-05,12.699999809265137,24323.849609375,0.0008928929498506211,0.1746987951807229,low
2024-07-08,13.600000381469728,24320.55078125,-0.00013562113637344275,0.2589247311827957,normal
2024-07-09,14.279999732971191,24433.19921875,0.004631820986013446,0.3357695614789338,normal
2024-07-10,14.43000030517578,24324.44921875,-0.004450911197766749,0.3510958315427589,normal
2024-07-11,14.0,24315.94921875,-0.0003494426502141934,0.30412371134020616,normal
2024-07-12,13.729999542236328,24502.150390625,0.007657573644356042,0.279089738085015,normal
2024-07-15,14.1899995803833,24586.69921875,0.003450669707641296,0.32532188841201715,normal
2024-07-16,14.220000267028809,24613.0,0.0010697158254551198,0.3281853281853282,normal
2024-07-18,14.510000228881836,24800.849609375,0.007632129743428306,0.36106346483704976,normal
2024-07-19,14.829999923706056,24530.900390625,-0.010884676251089243,0.3934847835405058,normal
2024-07-22,15.4399995803833,24509.25,-0.0008825762723847497,0.4580119965724079,normal
2024-07-23,12.75,24479.05078125,-0.0012321559717249908,0.1777301927194861,low
2024-07-24,11.760000228881836,24413.5,-0.002677831825905974,0.09631849315068493,low
2024-07-25,12.619999885559082,24406.099609375,-0.0003031269840456652,0.1668806161745828,low
2024-07-26,12.25,24834.849609375,0.01756732976027453,0.1347305389221557,low
2024-07-29,12.949999809265137,24836.099609375,5.03324972633834e-05,0.19666524155622062,low
2024-07-30,12.880000114440918,24857.30078125,0.0008536433743000504,0.19017094017094016,low
2024-07-31,13.25,24951.150390625,0.00377553501085659,0.22511747116616831,low
2024-08-01,12.93000030517578,25010.900390625,0.0023946791656728195,0.19385140905209222,low
2024-08-02,14.31999969482422,24717.69921875,-0.011722935491954689,0.3414425949637217,normal
2024-08-05,20.3700008392334,24055.599609375,-0.02678645789462286,0.818259385665529,high
2024-08-06,18.739999771118164,23992.55078125,-0.0026209626510589334,0.7415778251599147,normal
2024-08-07,16.170000076293945,24297.5,0.012710162480444431,0.5404944586530265,normal
2024-08-08,16.600000381469727,24117.0,-0.007428747813561065,0.5841499786962079,normal
2024-08-09,15.34000015258789,24367.5,0.010386864037815746,0.4497444633730835,normal
2024-08-12,15.869999885559082,24347.0,-0.0008412844977941925,0.5070242656449553,normal
2024-08-13,16.170000076293945,24139.0,-0.008543146999630324,0.5408510638297872,normal
2024-08-14,15.4399995803833,24143.75,0.00019677699987563635,0.4593789876648235,normal
2024-08-16,14.399999618530272,24541.150390625,0.016459762490292462,0.34906462585034015,normal
2024-08-19,14.31999969482422,24572.650390625,0.0012835584110202358,0.34041648958776033,normal
2024-08-20,13.81999969482422,24698.849609375,0.005135759339910173,0.2884451996601529,normal
2024-08-21,13.329999923706056,24770.19921875,0.0028887826964991703,0.229723991507431,low
2024-08-22,13.0,24811.5,0.001667357653657442,0.20118845500848898,low
2024-08-23,13.550000190734863,24823.150390625,0.00046955607782672715,0.2549851506151888,normal
2024-08-26,13.800000190734863,25010.599609375,0.007551387144671073,0.2883799830364716,normal
2024-08-27,13.630000114440918,25017.75,0.0002858944102370753,0.26494277236117,normal
2024-08-28,13.949999809265137,25052.349609375,0.0013830024432652799,0.3021186440677966,normal
2024-08-29,13.789999961853027,25151.94921875,0.00397565940632294,0.2867429055484964,normal
2024-08-30,13.390000343322754,25235.900390625,0.003337760073577778,0.23624047417442845,low
2024-09-02,14.0600004196167,25278.69921875,0.001695950113232314,0.31443080829454084,normal
2024-09-03,13.84000015258789,25279.849609375,4.550829989491412e-05,0.2923011844331641,normal
2024-09-04,14.380000114440918,25198.69921875,-0.0032100820170585243,0.3496828752642706,normal
2024-09-05,14.210000038146973,25145.099609375,-0.0021270784221717465,0.330938292476754,normal
2024-09-06,15.220000267028809,24852.150390625,-0.011650350298901935,0.44148711449091677,normal
2024-09-09,14.239999771118164,24936.400390625,0.003390048695012693,0.33403716216216217,normal
2024-09-10,13.359999656677246,25041.099609375,0.0041986500501236534,0.23300970873786409,low
2024-09-11,13.630000114440918,24918.44921875,-0.004897963449619458,0.2649789029535865,normal
2024-09-12,13.18000030517578,25388.900390625,0.01887963282727112,0.21762969211303249,low
2024-09-13,12.550000190734863,25356.5,-0.0012761636040355961,0.15809443507588533,low
2024-09-16,12.460000038146973,25383.75,0.0010746751326089488,0.15128529287821324,low
2024-09-17,12.59000015258789,25418.55078125,0.0013709866056039743,0.16301600673967986,low
2024-09-18,13.369999885559082,25377.55078125,-0.0016129951842196455,0.23578947368421052,low
2024-09-19,12.470000267028809,25415.80078125,0.0015072376499098983,0.1531986531986532,low
2024-09-20,12.789999961853027,25790.94921875,0.014760441377741573,0.1809002944888515,low
2024-09-23,13.789999961853027,25939.05078125,0.005742385099666292,0.28931875525651807,normal
2024-09-24,13.390000343322754,25940.400390625,5.2030021699067674e-05,0.23833543505674654,low
2024-09-25,12.739999771118164,26004.150390625,0.0024575565157058943,0.17647058823529413,low
2024-09-26,12.0,26216.05078125,0.008148714241454025,0.1129777404451911,low
2024-09-27,11.960000038146973,26178.94921875,-0.0014152231703233875,0.10999160369437448,low
2024-09-30,12.789999961853027,25810.849609375,-0.014060900852023384,0.18212337389844732,low
2024-10-01,11.989999771118164,25796.900390625,-0.0005404401234794243,0.11241610738255034,low
2024-10-03,13.170000076293944,25250.099609375,-0.021196375260987388,0.2188679245283019,low
2024-10-04,14.130000114440918,25014.599609375,-0.009326695880144675,0.3273260687342833,normal
2024-10-07,15.079999923706056,24795.75,-0.008748875168602677,0.4277335567658148,normal
2024-10-08,14.59000015258789,25013.150390625,0.00876764730346924,0.38023450586264657,normal
2024-10-09,14.119999885559082,24981.94921875,-0.0012473907279866303,0.32607785684386775,normal
2024-10-10,13.5,24998.44921875,0.0006604768849507447,0.2535564853556485,normal
2024-10-11,13.220000267028809,24964.25,-0.0013680536120755926,0.2233375156838143,low
2024-10-14,13.0,25127.94921875,0.006557345754428789,0.20275919732441472,low
2024-10-15,13.0,25057.349609375,-0.0028096049048969007,0.20309235269536147,low
2024-10-16,13.050000190734863,24971.30078125,-0.0034340754096676696,0.20760233918128654,low
2024-10-17,13.390000343322754,24749.849609375,-0.008868227322834543,0.24133611691022966,low
2024-10-18,13.039999961853027,24854.05078125,0.004210173941240125,0.20701168614357263,low
2024-10-21,13.760000228881836,24781.099609375,-0.00293518237799828,0.28994576554025864,normal
2024-10-22,14.399999618530272,24472.099609375,-0.012469180337869368,0.3603002502085071,normal
2024-10-23,14.619999885559082,24435.5,-0.001495564743491773,0.38724468528553563,normal
2024-10-24,13.970000267028809,24399.400390625,-0.0014773427748562273,0.31083333333333335,normal
2024-10-25,14.630000114440918,24180.80078125,-0.008959220549493163,0.3877551020408163,normal
2024-10-28,14.289999961853027,24339.150390625,0.0065485676346082045,0.34845961698584516,normal
2024-10-29,14.520000457763672,24466.849609375,0.0052466588480091225,0.3741156887224303,normal
2024-10-30,15.510000228881836,24340.849609375,-0.005149825253829232,0.4779534109816972,normal
2024-10-31,15.550000190734863,24205.349609375,-0.005566773640794054,0.4831600831600832,normal
2024-11-01,15.899999618530272,24304.349609375,0.004090004961616156,0.5207813798836243,normal
2024-11-04,16.690000534057617,23995.349609375,-0.0127137736646451,0.6028250934773577,normal
2024-11-05,16.1200008392334,24213.30078125,0.00908305881860727,0.5460963455149501,normal
2024-11-06,14.869999885559082,24484.05078125,0.011181870759630508,0.41137401411374014,normal
2024-11-07,14.9399995803833,24199.349609375,-0.011628025706147627,0.4178423236514523,normal
2024-11-08,14.470000267028809,24148.19921875,-0.002113709312467793,0.36623807548734966,normal
2024-11-11,14.270000457763672,24141.30078125,-0.00028567088740283353,0.3453565505804312,normal
2024-11-12,14.59000015258789,23883.44921875,-0.010680930776533315,0.38292581848321594,normal
2024-11-13,15.4399995803833,23559.05078125,-0.013582562322921432,0.47141673570836784,normal
2024-11-14,14.779999732971191,23532.69921875,-0.0011185324376894457,0.40082815734989646,normal
2024-11-18,15.170000076293944,23453.80078125,-0.0033527151631265184,0.4416390728476821,normal
2024-11-19,15.65999984741211,23518.5,0.002758581406631766,0.4977244517997518,normal
2024-11-21,15.989999771118164,23349.900390625,-0.007168807933116472,0.533498759305211,normal
2024-11-22,16.100000381469727,23907.25,0.023869464111237804,0.5460934270359653,normal
2024-11-25,15.300000190734863,24221.900390625,0.013161295867362366,0.45826446280991734,normal
2024-11-26,15.3100004196167,24194.5,-0.0011312238174179257,0.45890128046261874,normal
2024-11-27,14.630000114440918,24274.900390625,0.003323085437806128,0.3868703550784476,normal
2024-11-28,15.210000038146973,23914.150390625,-0.014861029054492936,0.44779199339661574,normal
2024-11-29,14.43000030517578,24131.099609375,0.009072001940535257,0.36221122112211224,normal
2024-12-02,14.699999809265137,24276.05078125,0.006006820004948565,0.39257731958762887,normal
2024-12-03,14.369999885559082,24457.150390625,0.007460011144599932,0.3520197856553998,normal
2024-12-04,14.449999809265137,24467.44921875,0.00042109681465385407,0.3638236505974454,normal
2024-12-05,14.529999732971191,24708.400390625,0.009847825562885104,0.3731466227347611,normal
2024-12-06,14.140000343322754,24677.80078125,-0.0012384293961259507,0.3264717990942775,normal
2024-12-09,14.109999656677246,24619.0,-0.0023827399277279726,0.3230452674897119,normal
2024-12-10,13.779999732971191,24610.05078125,-0.0003635086213900074,0.28753599341834635,normal
2024-12-11,13.270000457763672,24641.80078125,0.0012901233029631864,0.22574013157894737,low
2024-12-12,13.1899995803833,24548.69921875,-0.003778196379659149,0.21907110563090834,low
2024-12-13,13.050000190734863,24768.30078125,0.008945547808588916,0.20501232539030403,low
2024-12-16,14.020000457763672,24668.25,-0.004039468921733236,0.31375770020533883,normal
2024-12-17,14.489999771118164,24336.0,-0.013468730047733413,0.37110016420361247,normal
2024-12-18,14.369999885559082,24198.849609375,-0.005635699812006956,0.3537135822732868,normal
2024-12-19,14.510000228881836,23951.69921875,-0.010213311567061067,0.37407711238720265,normal
2024-12-20,15.06999969482422,23587.5,-0.01520556915080562,0.4321443214432144,normal
2024-12-23,13.520000457763672,23753.44921875,0.0070354729729729115,0.2540983606557377,normal
2024-12-24,13.18000030517578,23727.650390625,-0.0010861087115143775,0.2183531339614912,low
2024-12-26,14.039999961853027,23750.19921875,0.0009503186263191132,0.3165438165438165,normal
2024-12-27,13.239999771118164,23813.400390625,0.002661079652128029,0.22390503479328694,low
2024-12-30,13.970000267028809,23644.900390625,-0.007075847935867907,0.30851063829787234,normal
2024-12-31,14.449999809265137,23644.80078125,-4.212721278373799e-06,0.36687116564417177,normal
2025-01-02,13.739999771118164,24188.650390625,0.02300081165438561,0.2841373671300082,normal
2025-01-03,13.539999961853027,24004.75,-0.007602755327609123,0.256640784634246,normal
2025-01-06,15.649999618530272,23616.05078125,-0.016192595996625703,0.5012254901960784,normal
2025-01-07,14.65999984741211,23707.900390625,0.0038892874268343647,0.39485504287464274,normal
2025-01-08,14.470000267028809,23688.94921875,-0.0007993610384197103,0.3689795918367347,normal
2025-01-09,14.65999984741211,23526.5,-0.006857594959147506,0.3953488372093023,normal
2025-01-10,14.920000076293944,23431.5,-0.004037999702463213,0.42169657422512236,normal
2025-01-13,16.0,23085.94921875,-0.014747275302477436,0.5405625764370159,normal
2025-01-14,15.470000267028809,23176.05078125,0.003902874499386977,0.4812550937245314,normal
2025-01-15,15.260000228881836,23213.19921875,0.0016028803979861728,0.46028513238289204,normal
2025-01-16,15.470000267028809,23311.80078125,0.004247650725383689,0.4816775244299674,normal
2025-01-17,15.75,23203.19921875,-0.004658651792672774,0.512006512006512,normal
2025-01-20,16.420000076293945,23344.75,0.006100485537167577,0.5846216436126932,normal
2025-01-21,17.059999465942383,23024.650390625,-0.013711845677293555,0.6409109394062628,normal
2025-01-22,16.770000457763672,23155.349609375,0.0056764909144164655,0.6166666666666667,normal
2025-01-23,16.700000762939453,23205.349609375,0.0021593282262408753,0.6115400243803332,normal
2025-01-24,16.75,23092.19921875,-0.004876047658393667,0.6153533712428919,normal
2025-01-27,18.1299991607666,22829.150390625,-0.011391241935562957,0.7206658546488023,normal
2025-01-28,18.200000762939453,22957.25,0.005611229817278129,0.7236201298701299,normal
2025-01-29,18.63999938964844,23163.099609375,0.008966649288351114,0.7484787018255578,normal
2025-01-30,17.389999389648438,23249.5,0.003730087599762788,0.6699107866991079,normal
2025-01-31,16.25,23508.400390625,0.011135740150325812,0.5650587758411025,normal
2025-02-03,14.350000381469728,23361.05078125,-0.006267955578711404,0.35089141004862234,normal
2025-02-04,14.020000457763672,23739.25,0.016189306820631133,0.31227217496962334,normal
2025-02-05,14.079999923706056,23696.30078125,-0.001809207062143936,0.31983805668016196,normal
2025-02-06,14.18000030517578,23603.349609375,-0.003922602634608197,0.3314447592067989,normal
2025-02-07,13.6899995803833,23559.94921875,-0.0018387386257991967,0.27467637540453077,normal
2025-02-10,14.449999809265137,23381.599609375,-0.007570033692307909,0.36595228467448443,normal
2025-02-11,14.869999885559082,23071.80078125,-0.013249684936046169,0.4159256265157639,normal
2025-02-12,14.899999618530272,23045.25,-0.0011507892904301098,0.41818181818181815,normal
2025-02-13,14.960000038146973,23031.400390625,-0.0006009745771905495,0.42487883683360256,normal
2025-02-14,15.020000457763672,22929.25,-0.004435266153706374,0.4307630197819943,normal
2025-02-17,15.720000267028809,22959.5,0.0013192755977626813,0.5080710250201775,normal
2025-02-18,15.670000076293944,22945.30078125,-0.0006184463402948426,0.5046389673255345,normal
2025-02-19,15.420000076293944,22932.900390625,-0.0005404326900405598,0.47419354838709676,normal
2025-02-20,14.68000030517578,22913.150390625,-0.0008612081186238907,0.3945989520354696,normal
2025-02-21,14.529999732971191,22795.900390625,-0.005117148798882476,0.37550362610797744,normal
2025-02-24,14.4399995803833,22553.349609375,-0.010640105330068539,0.36286749899315346,normal
2025-02-25,13.720000267028809,22547.55078125,-0.00025711604818956513,0.2773752012882448,normal
2025-02-27,13.3100004196167,22545.05078125,-0.00011087678764998277,0.22454728370221327,low
2025-02-28,13.90999984741211,22124.69921875,-0.018644959666695105,0.3016894609814964,normal
2025-03-03,13.760000228881836,22119.30078125,-0.00024400049223838316,0.2842782468837957,normal
2025-03-04,13.829999923706056,22082.650390625,-0.0016569416451024388,0.2922025723472669,normal
2025-03-05,13.670000076293944,22337.30078125,0.011531695069225467,0.2695861791884291,normal
2025-03-06,13.729999542236328,22544.69921875,0.009284847776867,0.28032128514056226,normal
2025-03-07,13.470000267028809,22552.5,0.00034601398645017767,0.24568446407065436,low
2025-03-10,13.989999771118164,22460.30078125,-0.004088203913091726,0.30858747993579455,normal
2025-03-11,14.06999969482422,22497.900390625,0.0016740474556060647,0.31969514640994784,normal
2025-03-12,13.6899995803833,22470.5,-0.0012179087892316698,0.2738572574178027,normal
2025-03-13,13.279999732971191,22397.19921875,-0.003262089461738671,0.22244488977955912,low
2025-03-17,13.420000076293944,22508.75,0.004980568336268254,0.23998397435897437,low
2025-03-18,13.210000038146973,22834.30078125,0.01446329899483545,0.21585903083700442,low
2025-03-19,13.300000190734863,22907.599609375,0.0032100316461272094,0.22417934347477983,low
2025-03-20,12.600000381469728,23190.650390625,0.012356195589090069,0.15726290516206481,low
2025-03-21,12.579999923706056,23350.400390625,0.0068885519512889015,0.1552,low
2025-03-24,13.699999809265137,23658.349609375,0.013188177230298859,0.2774890043982407,normal
2025-03-25,13.640000343322754,23668.650390625,0.00043539728764163677,0.26778577138289367,normal
2025-03-26,13.470000267028809,23486.849609375,-0.007681079328545448,0.24730323611666,low
2025-03-27,13.300000190734863,23591.94921875,0.004474827877002596,0.2248402555910543,low
2025-03-28,12.720000267028809,23519.349609375,-0.0030773044101545244,0.1688622754491018,low
2025-04-01,13.779999732971191,23165.69921875,-0.015036571865236992,0.29010375099760577,normal
2025-04-02,13.720000267028809,23332.349609375,0.0071938424586863725,0.2812126047068209,normal
2025-04-03,13.600000381469728,23250.099609375,-0.0035251486188494496,0.26116427432216904,normal
2025-04-04,13.760000228881836,22904.44921875,-0.014866619775066536,0.2889597449182941,normal
2025-04-07,22.790000915527344,22161.599609375,-0.03243254628305536,0.9055776892430278,high
2025-04-08,20.440000534057617,22535.849609375,0.016887318902814252,0.8343289526085225,high
2025-04-09,21.43000030517578,22399.150390625,-0.006065856008070525,0.8734076433121019,high
2025-04-11,20.11000061035156,22828.55078125,0.019170387409190415,0.8181456426581775,high
2025-04-15,16.1299991607666,23328.55078125,0.02190239778210845,0.560461416070008,normal
2025-04-16,15.869999885559082,23437.19921875,0.004657316201027051,0.5308151093439364,normal
2025-04-17,15.470000267028809,23851.650390625,0.017683476937954135,0.4864864864864865,normal
2025-04-21,15.520000457763672,24125.55078125,0.011483498464016417,0.49106078665077474,normal
2025-04-22,15.229999542236328,24167.25,0.0017284255654137493,0.46108022239872914,normal
2025-04-23,15.960000038146973,24328.94921875,0.006690840652122221,0.5422786820166733,normal
2025-04-24,16.25,24246.69921875,-0.0033807460922566923,0.5726190476190476,normal
2025-04-25,17.15999984741211,24039.349609375,-0.00855166336268387,0.6552955176517256,normal
2025-04-28,16.940000534057617,24328.5,0.012028211882747275,0.6363996827914353,normal
2025-04-29,17.3700008392334,24335.94921875,0.0003061930965739812,0.6745937376139517,normal
2025-04-30,18.219999313354492,24334.19921875,-7.191007773188485e-05,0.7293977812995246,normal
2025-05-02,18.260000228881836,24346.69921875,0.0005136803511647248,0.7306930693069307,normal
2025-05-05,18.34000015258789,24461.150390625,0.004700890697612925,0.7351543942992874,normal
2025-05-06,19.0,24379.599609375,-0.0033338898599493128,0.7692916501780768,high
2025-05-07,19.059999465942383,24414.400390625,0.0014274549954715887,0.7713607594936709,high
2025-05-08,21.010000228881836,24273.80078125,-0.005758880297096702,0.8620007908264136,high
2025-05-09,21.6299991607666,24008.0,-0.0109501096942064,0.8786561264822135,high
2025-05-12,18.38999938964844,24924.69921875,0.038183073090219954,0.7380482022915843,normal
2025-05-13,18.200000762939453,24578.349609375,-0.01389583907654357,0.7259083728278041,normal
2025-05-14,17.229999542236328,24666.900390625,0.0036027960647213586,0.6608764311093565,normal
2025-05-15,16.889999389648438,25062.099609375,0.01602143814146184,0.6302288871349645,normal
2025-05-16,16.549999237060547,25019.80078125,-0.0016877607536591732,0.5976331360946746,normal
2025-05-19,17.360000610351562,24945.44921875,-0.0029717088137536374,0.6715299684542587,normal
2025-05-20,17.389999389648438,24683.900390625,-0.010484831354666824,0.6740244383129681,normal
2025-05-21,17.549999237060547,24813.44921875,0.00524831270888626,0.685973207249803,normal
2025-05-22,17.260000228881836,24609.69921875,-0.008211272774042211,0.662859393461993,normal
2025-05-23,17.280000686645508,24853.150390625,0.009892488718005854,0.665748031496063,normal
2025-05-26,18.020000457763672,25001.150390625,0.005954979456279652,0.7154663518299882,normal
2025-05-27,18.540000915527344,24826.19921875,-0.0069977248703164685,0.7482297403619197,normal
2025-05-28,18.020000457763672,24752.44921875,-0.0029706520659956714,0.7152968934329532,normal
2025-05-29,16.420000076293945,24833.599609375,0.003278479228775888,0.5849056603773585,normal
2025-05-30,16.079999923706055,24750.69921875,-0.00333823496911434,0.5504911591355599,normal
2025-06-02,17.15999984741211,24716.599609375,-0.0013777230725331435,0.6512175962293795,normal
2025-06-03,16.559999465942383,24542.5,-0.007043833380258491,0.5963879073419709,normal
2025-06-04,15.75,24620.19921875,0.003165904807986175,0.5117739403453689,normal
2025-06-05,15.079999923706056,24750.900390625,0.005308696762106768,0.4362495096116124,normal
2025-06-06,14.630000114440918,25003.05078125,0.01018752395450262,0.39019607843137255,normal
2025-06-09,14.6899995803833,25103.19921875,0.004005448710087123,0.39631517052136417,normal
2025-06-10,14.020000457763672,25104.25,4.18584595869298e-05,0.3126959247648903,normal
2025-06-11,13.670000076293944,25141.400390625,0.0014798446727146697,0.2679200940070505,normal
2025-06-12,14.020000457763672,24888.19921875,-0.010071084662786611,0.31323414252153486,normal
2025-06-13,15.079999923706056,24718.599609375,-0.006814458847919758,0.437573385518591,normal
2025-06-16,14.84000015258789,24946.5,0.00921979376770854,0.41158059467918623,normal
2025-06-17,14.399999618530272,24853.400390625,-0.0037319707924959866,0.3590144700821275,normal
2025-06-18,14.279999732971191,24812.05078125,-0.0016637405234334324,0.34519155590304923,normal
2025-06-19,14.260000228881836,24793.25,-0.0007577278241026608,0.34232121922626024,normal
2025-06-20,13.670000076293944,25112.400390625,0.01287247095983779,0.267578125,normal
2025-06-23,14.050000190734863,24971.900390625,-0.0055948454872697395,0.31667317454119487,normal
2025-06-24,13.640000343322754,25044.349609375,0.0029012296868362597,0.26346604215456676,normal
2025-06-25,12.960000038146973,25244.75,0.008001820520425307,0.18611002731174406,low
2025-06-26,12.59000015258789,25549.0,0.012052010814129765,0.15327613104524182,low
2025-06-27,12.390000343322754,25637.80078125,0.003475704773181043,0.1337231968810916,low
2025-06-30,12.789999961853027,25517.05078125,-0.004709842354665206,0.17186282151208107,low
2025-07-01,12.529999732971191,25541.80078125,0.0009699396772837598,0.14764316322555512,low
2025-07-02,12.449999809265137,25453.400390625,-0.0034610085397696055,0.1409657320872274,low
2025-07-03,12.390000343322754,25405.30078125,-0.00188971251922454,0.1339042428960685,low
2025-07-04,12.31999969482422,25461.0,0.0021924250859925998,0.12957198443579768,low
2025-07-07,12.5600004196167,25461.30078125,1.1813410706551508e-05,0.15091404122909374,low
2025-07-08,12.199999809265137,25522.5,0.0024036171315751087,0.12013996889580093,low
2025-07-09,11.9399995803833,25476.099609375,-0.00181801902732881,0.10066070734551108,low
2025-07-10,11.670000076293944,25355.25,-0.004743646446198069,0.07886557886557886,low
2025-07-11,11.81999969482422,25149.849609375,-0.008100901810276007,0.0916504854368932,low
2025-07-14,11.979999542236328,25082.30078125,-0.002685854157148504,0.10442546583850931,low
2025-07-15,11.479999542236328,25195.80078125,0.004525103218794291,0.06247574699262708,low
2025-07-16,11.239999771118164,25212.05078125,0.0006449487413033861,0.04344453064391001,low
2025-07-17,11.239999771118164,25111.44921875,-0.003990217351728331,0.04381543233811555,low
2025-07-18,11.390000343322754,24968.400390625,-0.0056965580472427835,0.056976744186046514,low
2025-07-21,11.199999809265137,25090.69921875,0.004898144302865282,0.041456799690042616,low
2025-07-22,10.75,25060.900390625,-0.0011876443882732346,0.010069713400464756,low
2025-07-23,10.520000457763672,25219.900390625,0.006344544590244583,0.004258614014711576,low
2025-07-24,10.720000267028809,25062.099609375,-0.006256994627491075,0.010061919504643963,low
2025-07-25,11.279999732971191,24837.0,-0.008981674037030651,0.04874274661508704,low
2025-07-28,12.0600004196167,24680.900390625,-0.006284962329387578,0.11446249033255994,low
2025-07-29,11.529999732971191,24821.099609375,0.005680474234370125,0.06957866254348666,low
2025-07-30,11.210000038146973,24855.05078125,0.001367835124523431,0.04327666151468315,low
2025-07-31,11.539999961853027,24768.349609375,-0.0034882717656889994,0.07106991116261105,low
2025-08-01,11.979999542236328,24565.349609375,-0.008195943742782208,0.10888030888030888,low
2025-08-04,11.970000267028809,24722.75,0.006407415043054421,0.10768043226553455,low
2025-08-05,11.710000038146973,24649.55078125,-0.0029608040671041946,0.08680555555555555,low
2025-08-06,11.960000038146973,24574.19921875,-0.003056914228121266,0.10759737755495564,low
2025-08-07,11.6899995803833,24596.150390625,0.0008932609229541644,0.08481110254433308,low
2025-08-08,12.029999732971191,24363.30078125,-0.009466912735407229,0.11560693641618497,low
2025-08-11,12.220000267028809,24585.05078125,0.009101804471857822,0.1298151001540832,low
2025-08-12,12.229999542236328,24487.400390625,-0.003971941790719136,0.13092029264536004,low
2025-08-13,12.140000343322754,24619.349609375,0.005388453516712133,0.12432640492686682,low
2025-08-14,12.359999656677246,24631.30078125,0.00048543816407109475,0.14082339361292806,low
2025-08-18,12.34000015258789,24876.94921875,0.009973019276634965,0.14,low
2025-08-19,11.789999961853027,24980.650390625,0.004168564680625764,0.09457900807381776,low
2025-08-20,11.789999961853027,25050.55078125,0.0027981813736617234,0.09492697924673328,low
2025-08-21,11.369999885559082,25083.75,0.0013252889742787488,0.05724164425662697,low
2025-08-22,11.729999542236328,24870.099609375,-0.008517482060098724,0.08947772657450077,low
2025-08-25,11.760000228881836,24967.75,0.003926417350905487,0.09328214971209213,low
2025-08-26,12.1899995803833,24712.05078125,-0.010241179872034878,0.12931696085955488,low
2025-08-28,12.18000030517578,24500.900390625,-0.008544430103923584,0.12850019179133104,low
2025-08-29,11.75,24426.849609375,-0.0030223697933294824,0.09087423312883436,low
2025-09-01,11.289999961853027,24625.05078125,0.008114070174605414,0.04982752012265236,low
2025-09-02,11.399999618530272,24579.599609375,-0.0018457290617897026,0.06130268199233716,low
2025-09-03,10.93000030517578,24715.05078125,0.0055107151470170646,0.022213711221754116,low
2025-09-04,10.850000381469728,24734.30078125,0.0007788776228048189,0.014931087289433384,low
2025-09-05,10.779999732971191,24741.0,0.00027084730671167456,0.011863758132414848,low
2025-09-08,10.84000015258789,24773.150390625,0.0012994782193525012,0.015302218821729151,low
2025-09-09,10.6899995803833,24868.599609375,0.003852930178235292,0.009560229445506692,low
2025-09-10,10.539999961853027,24973.099609375,0.0042020862308871365,0.004969418960244648,low
2025-09-11,10.359999656677246,25005.5,0.0012974116602184615,0.0026748184944593045,low
2025-09-12,10.119999885559082,25114.0,0.004339045410009845,0.0003819709702062643,low
2025-09-15,10.399999618530272,25069.19921875,-0.0017838966811339896,0.003436426116838488,low
2025-09-16,10.270000457763672,25239.099609375,0.006777256391098607,0.0019083969465648854,low
2025-09-17,10.25,25330.25,0.003611475529465391,0.0019076688286913392,low
2025-09-18,9.890000343322754,25423.599609375,0.0036853015416349333,0.00038138825324180017,low
2025-09-19,9.970000267028809,25327.05078125,-0.0037976065391384095,0.0007624857033930614,low
2025-09-22,10.5600004196167,25202.349609375,-0.004923635718664832,0.008384146341463415,low
2025-09-23,10.630000114440918,25169.5,-0.0013034343973540308,0.010666666666666666,low
2025-09-24,10.520000457763672,25056.900390625,-0.00447365300760838,0.0072353389185072356,low
2025-09-25,10.779999732971191,24890.849609375,-0.006626948212322681,0.01674914350970689,low
2025-09-26,11.43000030517578,24654.69921875,-0.009487437927231501,0.06887366818873668,low
2025-09-29,11.369999885559082,24634.900390625,-0.0008030448049409777,0.06390262457208064,low
2025-09-30,11.06999969482422,24611.099609375,-0.0009661407544825362,0.03574144486692015,low
2025-10-01,10.289999961853027,24836.30078125,0.009150390492475902,0.004180919802356519,low
2025-10-03,10.0600004196167,24894.25,0.0023332467769816567,0.0011398176291793312,low
2025-10-06,10.1899995803833,25077.650390625,0.007367178791287232,0.002278769464489176,low
2025-10-07,10.050000190734863,25108.30078125,0.0012222193924698033,0.0011389521640091116,low
2025-10-08,10.3100004196167,25046.150390625,-0.0024752925801897474,0.0060721062618595825,low
2025-10-09,10.119999885559082,25181.80078125,0.005416017571936882,0.002276176024279211,low
2025-10-10,10.100000381469728,25285.349609375,0.0041120501676790155,0.0018960940462646946,low
2025-10-13,11.010000228881836,25227.349609375,-0.0022938183927065925,0.0356330553449583,low
2025-10-14,11.15999984741211,25145.5,-0.003244479132464395,0.04812428950359985,low
2025-10-15,10.529999732971191,25323.55078125,0.007080820872521931,0.010606060606060607,low
2025-10-16,10.869999885559082,25585.30078125,0.010336228211479837,0.025747822794396063,low
2025-10-17,11.630000114440918,25709.849609375,0.004867983737610659,0.09084027252081757,low
2025-10-20,11.359999656677246,25843.150390625,0.005184813729964155,0.06696935300794551,low
2025-10-21,11.300000190734863,25868.599609375,0.0009847568259027106,0.06089258698940998,low
2025-10-23,11.729999542236328,25891.400390625,0.0008814076368377499,0.10207939508506617,low
2025-10-24,11.59000015258789,25795.150390625,-0.0037174505259611745,0.08692365835222977,low
2025-10-27,11.859999656677246,25966.05078125,0.006625291500029773,0.11446921042689838,low
2025-10-28,11.949999809265137,25936.19921875,-0.001149638146805021,0.1216012084592145,low
2025-10-29,11.970000267028809,26053.900390625,0.0045381040946781415,0.12419781049452623,low
2025-10-30,12.06999969482422,25877.849609375,-0.0067571756478100875,0.1339622641509434,low
2025-10-31,12.149999618530272,25722.099609375,-0.006018660837397216,0.14145605431912486,low
2025-11-03,12.670000076293944,25763.349609375,0.0016036793506921665,0.18740573152337858,low
2025-11-04,12.649999618530272,25597.650390625,-0.006431586779760301,0.18620429702223898,low
2025-11-06,12.40999984741211,25509.69921875,-0.0034359080045569534,0.16352675207234363,low
2025-11-07,12.5600004196167,25492.30078125,-0.0006820322478444663,0.17702448210922786,low
2025-11-10,12.300000190734863,25574.349609375,0.0032185728871263475,0.1539909638554217,low
2025-11-11,12.489999771118164,25694.94921875,0.0047156471705849246,0.17199849454271735,low
2025-11-12,12.109999656677246,25875.80078125,0.0070384090258497345,0.13732129420617006,low
2025-11-13,12.15999984741211,25879.150390625,0.00012944949620363744,0.14178262504701014,low
2025-11-14,11.9399995803833,25910.05078125,0.001194026471448284,0.12067669172932331,low
2025-11-17,11.789999961853027,26013.44921875,0.0039906690408659795,0.1089815858699737,low
2025-11-18,12.100000381469728,25910.05078125,-0.003974806902018679,0.13749060856498874,low
2025-11-19,11.970000267028809,26052.650390625,0.005503640675154298,0.1246714232069095,low
2025-11-20,12.140000343322754,26192.150390625,0.005354541588221684,0.1415165165165165,low
2025-11-21,13.630000114440918,26068.150390625,-0.0047342428227803435,0.28930581613508444,normal
2025-11-24,13.239999771118164,25959.5,-0.004167936312968079,0.245311327831958,low
2025-11-25,12.239999771118164,25884.80078125,-0.002877529180069005,0.151106111736033,low
2025-11-26,11.970000267028809,26205.30078125,0.012381783530362567,0.12481259370314843,low
2025-11-27,11.789999961853027,26215.55078125,0.0003911422381892571,0.10902959910078681,low
2025-11-28,11.619999885559082,26202.94921875,-0.0004806903583736144,0.08876404494382023,low
2025-12-01,11.630000114440918,26175.75,-0.0010380212747401751,0.09172594533882442,low
2025-12-02,11.229999542236328,26032.19921875,-0.005484113396941881,0.05426646706586826,low
2025-12-03,11.210000038146973,25986.0,-0.0017746951904364927,0.05312383090160868,low
2025-12-04,10.81999969482422,26033.75,0.0018375278996383138,0.02169035153328347,low
2025-12-05,10.31999969482422,26186.44921875,0.005865433091659877,0.007102803738317757,low
2025-12-08,11.130000114440918,25960.55078125,-0.00862653945989178,0.04633781763826607,low
2025-12-09,10.949999809265137,25839.650390625,-0.004657081109092687,0.033993276055285765,low
2025-12-10,10.90999984741211,25758.0,-0.0031598875909956137,0.030619865571321882,low
2025-12-11,10.399999618530272,25898.55078125,0.0054565875164998,0.008212019410227697,low
2025-12-12,10.109999656677246,26046.94921875,0.005729990019651465,0.002238805970149254,low
2025-12-15,10.25,26027.30078125,-0.0007543469807149705,0.005221932114882507,low
2025-12-16,10.0600004196167,25860.099609375,-0.006424068837574293,0.0018642803877703207,low
2025-12-17,9.84000015258789,25818.55078125,-0.001606677033445636,0.0003727171077152441,low
2025-12-18,9.710000038146973,25815.55078125,-0.00011619552256891819,0.00037257824143070045,low
2025-12-19,9.520000457763672,25966.400390625,0.005843362036054733,0.00037243947858472997,low
2025-12-22,9.68000030517578,26172.400390625,0.00793332910611566,0.0007446016381236039,low
2025-12-23,9.380000114440918,26177.150390625,0.00018148889399149937,0.0003721622627465575,low
2025-12-24,9.1899995803833,26142.099609375,-0.0013389838361685946,0.0003720238095238095,low
2025-12-26,9.149999618530272,26042.30078125,-0.0038175521330050532,0.0003718854592785422,low
2025-12-29,9.720000267028809,25942.099609375,-0.003847631310177624,0.0026022304832713753,low
2025-12-30,9.68000030517578,25938.849609375,-0.00012527898855285713,0.002229654403567447,low
2025-12-31,9.479999542236328,26129.599609375,0.0073538342244390265,0.0014858841010401188,low
